Time,V1,V2,V3,V4,V5,V6,V7,V8,V9,V10,V11,V12,V13,V14,V15,V16,V17,V18,V19,V20,V21,V22,V23,V24,V25,V26,V27,V28,Amount,Class
164,-0.433211486,1.020835125,2.019730198,3.00326068,0.031307656,0.187063045,0.850856483,-0.143932449,-0.918042964,0.886323094,-0.811858292,-0.338453439,-0.064504281,-0.275189337,0.055224685,-0.646152559,0.313931819,-0.295943212,1.177882592,0.471102989,-0.177297913,-0.180259507,0.00776031,0.382658023,-0.187192964,0.100067113,0.204038588,-0.018150303,65.26,0
164,0.073496706,0.55103296,0.451890424,0.114963844,0.822946501,0.251480314,0.296318524,0.139496907,-0.123050186,-0.142616897,-1.652948209,-0.908371307,-0.653478668,0.40930989,1.490617839,0.104649349,-0.402916543,-0.113269881,0.777332618,-0.043919723,-0.128758266,-0.381932362,0.151011582,-1.363967289,-1.389079168,0.075412285,0.231749598,0.230170991,0.99,1
167,-0.827464823,1.248569678,1.023826113,0.618081105,0.191093732,-0.208733095,0.964715393,-0.139165792,-0.625848231,0.427322433,1.028719649,0.423747719,-0.242314729,0.424507637,0.368675207,-0.012839339,-0.585486705,0.157830764,1.149651403,-0.090658006,-0.35518984,-0.947556835,0.135053864,-0.074104631,-0.732005556,-0.943677906,-0.649288686,-0.368764974,44.2,0
169,-4.066862271,-5.081215162,-0.11690781,-1.312829273,2.688762246,2.755894978,-1.999094634,1.726412535,-0.413594233,-0.76934304,-1.265962903,-0.306976373,0.096136239,-0.581299332,-1.597357603,1.213666492,0.298187371,-0.60404766,0.534227573,1.876937166,0.794925643,0.294822646,0.429790528,1.059319975,0.606301318,-0.183100838,-0.057776675,-0.532404119,355.51,0
171,-0.365531734,1.006931845,1.108303668,-0.428693695,0.590512808,0.105473838,0.602926227,0.132309557,-0.636397654,-0.152232191,0.324882084,0.469855522,0.556565352,0.187392784,0.187945749,0.715895776,-1.09137979,0.472923128,0.740916147,0.165872526,-0.250030582,-0.663325224,-0.189398624,-0.845682201,-0.055759557,0.124844713,0.263524606,0.099578934,0.89,0
171,-0.957819798,0.247979463,3.772856852,3.311385046,-1.305427246,1.668378567,-0.671931223,0.453987296,0.555107073,0.785059045,0.018821779,-0.383684431,-2.207123113,-0.949910909,-1.530399654,-0.477740069,0.562765743,0.919277229,1.556736793,-0.065313461,0.107106383,0.866859294,-0.43198589,0.581400454,-0.015714579,0.462414335,-0.179223585,-0.17154364,71.69,0
180,-0.782666195,1.017986502,1.50585133,0.920904617,0.75876509,0.392474821,1.357625329,-0.666453043,1.071130264,1.702692099,-0.812493033,-0.91415491,-1.234177953,-0.856785661,0.551040622,-1.402290167,0.060432413,-0.547990244,0.858789262,0.663806548,-0.410456552,0.145970127,-0.248113198,-0.452120665,0.014227544,-0.281960873,0.118371377,-0.508471449,23.63,0
181,1.136752053,-0.103769567,0.904686444,0.488210755,-0.678523515,0.039860729,-0.581293921,0.270996198,0.256539561,0.068091693,1.445183659,0.506268152,-0.85021452,0.46422296,0.963247298,0.522011841,-0.463008422,0.029021823,-0.386661217,-0.16608712,-0.017526913,-0.093159166,0.119722965,-0.000588012,0.026252192,0.229223266,0.000201188,0.010944963,6.47,0
183,0.726749304,-0.528042418,0.050365515,1.373621469,-0.124121987,0.415687584,0.259554812,0.085113703,-0.003025425,-0.062290576,0.906660847,1.228475454,0.086611471,0.250634863,-0.765775297,-0.412023173,-0.111942606,-0.356576838,-0.024936808,0.285748847,0.061888475,-0.10183792,-0.308373443,-0.270673358,0.604409937,-0.333689324,-0.003944315,0.040684732,224.97,0
183,-0.598071289,1.264136546,1.410326046,1.695174981,0.391727694,0.192575714,1.118220863,-0.050613499,-1.716966958,0.457353408,0.855787532,0.594038398,0.82172322,0.189483809,-0.530637233,0.752644733,-1.011935277,0.379097043,-0.435816317,-0.015370923,0.142545033,0.317850631,-0.199074136,0.014307306,0.150579728,-0.015709942,-0.071642214,0.034370915,75.83,0
184,1.199277668,0.365737836,0.428155251,0.617732707,-0.342609669,-0.845869259,0.041919491,-0.114616737,-0.360599588,-0.137369319,1.948868194,1.410297427,0.894622281,-0.235688937,0.292096329,0.578699331,-0.227218792,0.03313026,0.009131636,-0.025317734,-0.213354871,-0.615516879,0.132390788,0.517044673,0.185487336,0.061686036,-0.021503871,0.024434217,1.98,0
184,-0.143256003,0.743648518,1.534072207,1.062170094,0.20818678,-0.838622933,0.524151228,-0.294660552,-0.478855844,-0.006096561,-0.121309696,-0.564296679,-0.352630239,-0.336510143,1.8800621,-0.3236776,0.541293199,0.139300206,1.592842932,0.271422691,-0.205014457,-0.460893452,0.0474066,0.339242969,-0.77943859,0.234456216,-0.024124929,-0.049897532,1.98,0
185,-0.241301703,1.089311472,0.703988825,-0.265987044,0.692897788,-0.179352318,0.684650767,0.020709883,-0.28605017,-0.508542205,-1.479158417,-0.591528221,0.269664819,-0.494763598,1.00630743,0.795481785,-0.495216911,0.329829133,0.436667058,0.154853648,-0.356467398,-0.95437733,-0.184437223,-1.070824105,0.023379213,0.158949153,0.242899702,0.08389259,4.65,0
187,0.066060772,0.8762634,1.093992968,1.556150516,-0.07231813,-0.671902296,0.569707156,-0.143791231,-0.609469493,0.122388483,-0.477548435,-0.348544455,-0.275911532,0.469809094,1.619878123,-0.637980697,0.179422142,0.263764793,1.332689558,0.126786432,0.159757256,0.497796845,-0.043265755,0.397922925,-0.358151033,-0.186331411,0.135738679,0.098839653,23.32,0
190,-1.505779164,-0.215325117,1.991294276,-1.631493385,-0.635965147,0.228413858,-0.034265697,0.042695827,-0.235439929,0.164740343,-1.51828766,-0.31742242,1.120534653,-1.524784874,-1.218546357,1.063013559,0.044391091,-1.340806316,0.715632259,0.232752122,-0.101938019,0.148145577,-0.450114636,-0.396558396,0.554223963,-0.340492981,-0.335617814,-0.413379326,82.29,0
190,0.075749698,1.026985684,0.83489051,1.208912537,0.107553957,0.465977242,-0.330959329,-1.6198728,-0.436603913,0.060715025,-0.431212703,0.537036416,0.942512348,0.3189698,1.596569045,-0.327721027,0.016979641,-0.407591354,0.243005097,-0.258697272,1.490696075,-0.532413829,-0.17976515,-0.422716907,0.774770005,-0.172429221,0.265078248,0.23001619,20.0,0
190,0.803845921,-0.571718052,1.048092695,1.167676674,-0.702291917,1.000002588,-0.692965324,0.483593496,0.577314402,-0.097276929,1.366323215,0.946058203,-0.533524106,0.127500771,0.498989903,-0.112718102,-0.060015454,-0.11353318,-0.901974945,0.029184598,0.300503012,0.778198922,-0.144781428,-0.277469207,0.272133428,-0.227466876,0.072236683,0.03894474,127.75,0
190,-0.549414252,0.676860674,2.151949976,1.014522992,-0.620011802,0.076154492,0.041578422,0.34267167,0.124722817,-0.048091693,0.737980149,0.197300157,-1.350329129,0.096465653,-0.391871595,-0.286166764,-0.041452759,0.836919533,0.777120739,0.104754661,0.212024288,0.850202604,-0.185597136,0.544990271,-0.130608922,-0.196373727,0.422119417,0.203312923,20.7,0
192,-0.351286911,1.183753559,0.530794296,0.543891399,0.798441455,-0.804472168,1.563169978,-0.935793598,0.633634189,2.30362744,1.398891254,-0.318656901,-1.410645341,-0.155224571,0.277950266,-0.70622766,-0.780092413,0.354093931,0.618677894,0.596401202,-0.121754584,0.668123706,-0.057379978,0.301398018,-0.730945515,-0.538615997,-0.037212113,-0.479956079,1.79,0
193,-0.922515164,0.84157679,2.078000014,1.373071345,0.666526104,0.779011906,0.609457558,0.4023688,-1.088370984,-0.096632144,0.449566509,0.397328103,-0.541616351,0.015321153,-1.672261774,0.454716297,-0.566873639,-0.384643685,-1.088492323,-0.105559348,-0.12742529,-0.458042576,-0.067386573,-0.350802113,0.039175944,-0.291078195,0.058607062,0.089760081,37.2,0
194,-0.773295862,-0.190661402,2.404946261,-1.799880754,-0.396516458,0.199217658,0.257805624,-0.341961662,-0.06972773,1.181367471,1.465251443,-0.105116481,-0.232535811,-1.397118979,-1.21718188,0.568078154,0.036588183,-1.272570872,-0.090211742,0.436142397,0.235139826,1.447800396,-0.320606648,0.271029138,-0.068299271,-0.266823198,-0.127058976,-0.392033032,32.77,0
194,-0.931154307,0.82588911,0.168007968,-0.077211689,2.966451847,4.099506482,-0.146900852,-1.111250968,-0.023183356,0.395386727,-0.474706738,-0.181066303,-0.346984397,-0.252545938,0.066340089,-0.636039898,-0.326118565,0.140925881,1.207499829,-0.181541983,1.317467331,-0.700836478,-0.217694085,0.9964802,0.292649008,-0.317728253,-0.221212331,-0.300920242,5.99,0
196,1.198658495,-0.420333822,0.014599158,-0.270792868,-0.471074009,-0.384610465,-0.083890427,-0.077569983,-1.537507819,0.846368149,1.512576055,0.858692689,0.410549917,0.529565298,0.147448385,-1.573951028,0.024288477,0.499010405,-0.739676178,-0.401552282,-0.630205815,-1.504431997,0.19377055,-0.017458024,0.058386912,0.145372852,-0.034903837,0.011037036,63.9,0
200,-0.304922925,-0.521387699,1.341180514,-0.255797283,-1.120915926,0.918260347,0.174348117,0.358936082,1.208379613,-1.115110433,0.792522518,0.947250296,-0.63752171,-0.05079562,0.548192833,-1.546895848,0.732697001,0.491793062,2.642445058,0.490222139,0.124286738,0.405697718,0.418190996,-0.305738137,-0.487991443,-0.559780152,0.171079309,0.107152651,196.7,0
200,-1.269461299,-1.027152549,2.261372999,-0.504356014,0.693421365,1.237761226,0.056065337,0.09191899,-0.676680063,0.329999625,0.426491433,0.48536023,0.795882264,-0.910867353,0.715258881,-2.744935024,0.679419159,-0.700312693,-3.463993232,-0.527727087,-0.131777408,0.697266173,0.288501059,-0.644486714,0.027409373,-0.329713693,-0.291794564,-0.381556141,79.0,0
204,-0.938225555,0.104717344,1.309641702,-0.867536533,0.450685256,-1.437502176,0.650603583,0.028359911,-0.58867849,-0.556394135,1.156113141,-0.218437377,-2.049263205,0.896911813,-0.276749044,0.463415472,-0.500606336,-0.221200835,0.012236949,0.004380235,-0.237085534,-1.150829278,0.262462123,0.475206184,-0.516789844,0.426883032,-0.058198038,0.107995679,39.94,0
204,-0.18842395,0.87760183,-0.73468591,-0.9134037,1.941770351,4.037422713,-1.707118367,-2.537640843,-0.590337624,-0.763038648,-0.154033225,0.252520189,-0.279930472,0.883568857,1.083943287,0.826626293,-0.724612716,-0.000784141,-0.001108105,0.543408832,-0.824078772,-1.042330686,0.168264918,0.963855361,0.887849695,0.171166714,0.012283966,0.164537715,1.98,0
205,1.182398882,0.059488688,0.310672612,0.828817335,0.341209078,1.112592947,-0.292777954,0.287394091,0.268307131,-0.087575427,0.151276897,1.315882683,0.93045189,-0.138173545,-0.521815312,0.095149583,-0.626292732,-0.174092779,0.488467737,-0.061462541,-0.337817781,-0.776840499,-0.05648606,-1.35698587,0.475789717,-0.546518635,0.063034739,0.008046696,12.99,0
206,-0.370562536,0.599809965,0.216683002,-0.513092693,2.697142555,3.882795304,0.29554467,0.850059083,-0.297189192,0.191989943,-0.925471067,-0.369425197,-0.377793565,-0.493814118,-1.48133579,0.68436227,-1.048205155,-0.256700186,-0.859905689,0.11388961,-0.147919657,-0.176213674,-0.120574835,1.042297493,-0.391704857,0.675404597,0.163594994,-0.004996535,10.27,0
209,-5.852465108,5.26737615,-1.761894935,-1.441250063,-0.988528968,-0.672186732,0.075759669,0.774198153,3.580112198,6.510779226,1.276495686,0.837057429,0.377257168,-1.614809223,0.534728164,0.416673221,-0.54182781,0.228258298,-0.243878982,2.983262081,-0.910910332,-1.204988487,0.215766032,-0.498065935,1.125918008,0.201449737,2.468867101,1.573083584,8.97,0
209,-0.742877146,0.563251743,1.207243263,0.912388004,1.053790705,0.574722633,0.215632907,0.253663165,-0.434722396,-0.048010517,0.252837088,0.43242893,-0.429693555,0.210474809,-0.529153893,-0.654788127,-0.011331644,0.075368494,1.08980618,-0.118911674,-0.007178015,0.166434241,-0.370094052,-0.793211476,-0.014647417,-0.251252202,0.086312821,0.089217379,1.19,0
209,-0.572010633,0.374980871,0.923823033,-0.954005872,0.753635444,0.139494795,1.450747739,-0.551715607,-0.12615854,0.068444879,0.351181327,0.224943615,0.448234262,-0.362391077,-0.297472256,0.828896267,-1.64672971,0.559570501,-0.20328508,-0.127564678,-0.030323651,0.334778622,-0.192455176,-0.790313074,0.110172912,0.309764577,-0.504722784,-0.498287039,95.56,0
209,-0.429224487,0.698849366,1.588982428,1.297156594,0.119330666,0.214132796,0.387461417,0.276523894,-0.483147502,-0.091351558,1.01143226,0.189488597,-1.61934665,0.532984685,-0.354372269,-1.013301333,0.533988588,-0.072675146,0.977968784,-0.055186254,0.073324602,0.324849199,-0.102067667,0.214137052,-0.251234424,-0.267043849,0.169115334,0.13383226,13.99,0
210,1.293927047,0.338070714,-0.042758725,0.502133796,0.072282583,-0.583457916,0.123778874,-0.18746752,0.00188298,-0.303396211,-0.717596678,0.265054232,0.948911112,-0.449331226,1.092810817,0.697079096,-0.342141341,-0.094490672,0.109940711,0.005472686,-0.329232513,-0.942138921,0.008263842,-0.492104263,0.342975495,0.143926316,-0.022440506,0.025373448,12.99,0
211,0.263523486,-1.812896806,-0.311086762,0.412929594,-0.794605397,0.196364792,0.416625915,-0.062991181,0.345392201,-0.363639666,0.379691153,0.911096513,0.133218505,0.118926728,-0.674517208,0.337849604,-0.450552,-0.001172858,0.858372836,1.010958119,0.002672337,-1.04234241,-0.480537703,-0.414742512,0.111705661,0.819589851,-0.168906284,0.07820301,526.96,0
213,-0.263380494,0.959102737,0.285739874,0.604067511,3.228819561,3.799503053,0.715285472,0.429148331,-1.155492491,0.873230617,-0.341117346,-0.793205363,-0.159974704,-0.05696762,0.429550164,0.611279191,-1.299714457,0.280440665,-0.447446015,0.139951999,-0.015245439,0.059111288,-0.291824828,0.992903115,-0.128938406,-0.111062585,-0.340205678,-0.31029687,4.38,0
215,1.087791655,-0.143548188,1.374291017,1.28739919,-1.10064226,-0.017109546,-0.705609123,0.266580257,0.73536823,-0.011940569,0.959388031,0.825931515,-0.863981013,0.004954077,-0.452153906,0.251123165,-0.379484867,0.461532027,0.004879763,-0.172534083,-0.003904289,0.112284764,0.014104496,0.512267929,0.329601652,-0.436531407,0.063249858,0.029066572,12.99,0
217,-2.421229941,-1.369602127,2.261281491,2.01103383,1.878525227,-1.275607365,-1.251028565,0.212619224,0.142608349,0.000981629,-0.504586082,-0.032401586,-0.977309182,0.028345603,0.462211286,-1.193536693,0.863242426,-0.606630589,0.800708777,-0.411784619,-0.08957682,0.157737289,-0.624864828,0.487155905,0.270894072,-0.093370264,0.330056238,-0.056340279,24.0,0
218,-0.3917246,1.106354995,0.787765451,0.510525488,0.832968319,0.151659326,0.588154973,0.312914373,-0.772828747,-0.868831246,1.881226155,0.062618666,-1.070830467,-0.701764788,0.742399218,0.045569359,1.016696072,0.305578304,-0.865471674,-0.155767007,0.122192274,0.365017683,-0.213949885,-0.421854377,0.045355497,-0.323299425,0.080658833,0.037889138,1.0,0
218,-1.045668501,0.485509651,1.569232319,0.160929385,0.862461841,0.523043101,0.765996933,0.092998318,-0.037045458,-0.184662859,1.062635552,0.376407282,-1.423233787,0.075105626,-1.040320461,-0.70883895,-0.034008623,-0.759177728,-0.961683208,-0.377133222,0.01287506,0.359807872,-0.075787858,-0.317591114,-0.073339151,-0.532773143,-0.241139502,-0.124891245,17.56,0
220,-0.59206007,0.785903889,2.806517307,2.935465904,-0.356682167,1.127563256,-0.225129742,0.514860854,-0.757540591,0.523215622,0.10410451,-0.253154438,-1.288389832,-0.076337142,-0.644122612,-0.058814926,0.172292236,0.6953336,1.665713037,0.134949472,-0.105160641,-0.216886669,-0.190513969,-0.033155554,-0.001445037,0.200179302,0.109606225,0.084341017,18.96,0
220,1.219112097,0.053694134,-0.18032073,0.680940922,0.521583985,0.893232536,-0.201393423,0.333033499,0.100312094,0.194016376,-0.233573338,-0.442221838,-1.488922355,0.803478551,0.866548282,0.789377988,-0.996282868,0.394383089,0.29186127,-0.179394879,-0.364700154,-1.198737848,-0.024732532,-1.82484141,0.334878475,-0.589181095,0.019988218,0.00053203,22.58,0
221,-1.177731398,0.318500556,1.727122639,-0.549578484,0.737291973,-0.050963245,0.555481889,-0.041756012,0.219520198,-0.262389264,-0.143989694,-0.576367218,-2.128980314,0.045078555,-1.132141519,0.311233375,-0.739914396,0.326510618,0.377478044,-0.321357317,-0.279323708,-0.640571457,-0.554583863,-0.510508094,0.403269619,0.178327047,-0.354579192,-0.233332153,25.36,0
222,1.086971163,0.045122322,0.475774395,1.344244178,-0.302640743,0.00440761,-0.096403605,0.182898066,0.193464332,0.073512815,1.144165915,0.66265458,-1.421030701,0.509992075,-0.679440105,-0.52963176,0.153906813,-0.403244853,-0.15006424,-0.239993183,-0.044043853,-0.007869449,-0.044243035,0.213380359,0.562624828,-0.340026072,0.02673675,0.007185347,18.61,0
222,-0.44364031,0.981192772,1.234397173,0.099497167,-0.051269792,-0.92744122,0.862786135,-0.097128282,-0.442318207,-0.556097695,-0.17586303,0.022964412,0.336249776,-0.464505642,0.875372202,0.381508386,-0.00628756,-0.144792087,-0.103985472,0.239100596,-0.230771957,-0.677441645,0.099783921,0.334203966,-0.13277969,0.0696742,0.229406501,0.102884057,49.99,0
222,1.081026808,-0.13945451,0.483881152,0.642056748,-0.186845482,0.538283349,-0.302749466,0.315920498,0.277327557,-0.102328981,1.396865139,1.050423758,-0.703592689,0.295139625,-0.344873194,-0.651014515,0.376377131,-1.056711907,-0.21632355,-0.187038936,-0.124039027,-0.190064258,0.05789595,-0.269353556,0.253835253,0.311885576,0.001591344,-0.003467797,17.24,0
227,1.120599263,-0.313307918,0.3953088,0.59675572,-0.420411587,0.325861882,-0.404104828,0.283070666,0.630034936,-0.066353483,0.581689122,0.291918125,-1.696041528,0.329314905,-0.639279548,-0.282943359,0.103545928,-0.236211823,0.278183756,-0.183093017,-0.039015992,0.005731507,-0.108843524,-0.283232642,0.441306326,0.579529088,-0.026438781,-0.007082327,29.95,0
228,1.105767571,0.333011981,0.184148099,1.276948238,-0.078118435,-0.810948603,0.45932983,-0.170552492,-0.290556782,-0.000205465,0.171826832,0.336856357,-0.353034589,0.648164148,0.957317219,-0.390555323,0.063750713,-1.201578176,-0.64112557,-0.126872888,-0.282530888,-0.910369959,0.149046367,0.348783204,0.322329797,-0.671068883,0.00591269,0.028251926,45.3,0
230,-0.420269748,0.814760402,1.513242393,1.292782097,0.138053047,0.223342242,1.08808368,-0.150282357,-0.216385801,0.036197394,-0.489127253,0.181306518,0.083521781,-0.23630839,0.223610259,-1.300535658,0.506323814,-0.711513697,0.708409608,0.369869323,-0.043948199,0.313610073,-0.033527354,0.097487277,-0.080281832,-0.255178709,0.244130619,-0.013383768,79.18,0
231,-0.961507377,0.743351362,1.173581813,-0.222593449,0.740528101,1.739958789,0.313012828,0.699418767,0.354715619,-0.333261451,-0.566075416,-0.408623499,-1.512209778,0.106308676,0.878588667,-1.476939479,1.134323103,-2.143362147,-0.98179817,0.005876782,-0.152861743,-0.011971042,-0.039393923,-1.504440108,-0.248248131,0.411290562,0.497315299,0.207499416,26.98,0
234,-0.602482641,0.479088625,0.549750379,-1.069814294,-0.501686511,0.214778428,-0.139682615,0.558440155,-1.914256571,0.395763967,1.501178618,-0.346972472,-0.716692149,0.661587681,0.471344867,0.251715708,1.111332355,-1.557735856,0.97903493,-0.046952802,0.433866272,1.039252171,-0.02503483,-0.26074834,-0.456975215,-0.117580785,-0.073710154,0.055203629,42.81,0
235,-0.663511067,-0.044443226,1.029253315,-2.49807231,-1.350084557,-0.798774292,-0.581071299,0.480997364,-2.517036631,0.961802327,0.656159004,-0.759858385,-0.52260432,0.213254242,-0.782823826,0.110467114,0.192158139,0.695763389,-0.569209445,-0.357884369,-0.051895277,0.070845524,0.039321165,0.275750183,-0.33025134,-0.423935955,0.251988907,0.13395699,25.0,0
236,-1.169086543,1.096292458,0.669688007,1.052534435,0.422465153,0.703450418,0.039273456,0.672068339,-0.457398804,0.09554305,0.1570947,0.565152077,-0.332747702,0.456905426,-0.392642541,-0.655307143,0.242118562,0.144194928,1.360636602,-0.115601334,-0.010604165,0.224394574,0.00134528,-0.807531718,0.035781047,-0.198103779,0.091106721,0.075883959,0.99,0
236,-0.438337379,1.028363751,1.455501718,-0.230274702,0.198899418,-0.358325092,0.659132798,0.059987619,-0.74186332,-0.167485718,1.123057123,0.906575443,0.717445968,0.177484339,0.094041711,0.459450111,-0.805969584,0.165908019,0.422937724,0.1736051,-0.187515799,-0.485441649,-0.07413842,-0.002585504,-0.153928467,0.071891188,0.264233311,0.109265075,7.14,0
237,1.260247838,-0.020171924,-1.16438654,0.26625144,2.184886405,3.607421198,-0.436996595,0.848744528,0.172270917,-0.01901315,-0.542311282,0.236194242,-0.222535111,0.191842275,-0.15095875,-0.101089256,-0.510785081,-0.076002045,0.363062716,-0.035543494,-0.182468888,-0.481652927,-0.128006069,1.009958623,0.892620611,-0.326798433,0.025039025,0.012734637,9.99,0
237,-0.473290464,0.479627277,1.528537859,-0.098185059,-0.005520022,-0.773256008,0.667999939,-0.030045959,0.058419558,-0.806745354,-0.948756457,0.011521245,-0.531035687,-0.149683648,-0.772735053,-0.085468463,-0.190333236,-0.573851596,-0.334988561,-0.085259427,-0.143162886,-0.41383794,-0.038396737,0.39934429,0.114655885,0.12123307,-0.044413217,0.002268828,32.51,0
238,-0.992403869,1.62659146,0.960247699,0.091998678,-0.237962949,-0.550796475,0.108648546,-0.378489746,-0.69448027,-0.745466071,0.339333419,0.937414995,1.214786632,-0.26505983,0.942094621,0.071852575,0.57162885,-0.781083299,-0.600783143,-0.13386377,0.602089748,-0.693278327,0.209737182,0.36506777,-0.195155186,0.086514259,0.183660533,0.043363695,8.99,0
239,1.167526651,-0.318288402,0.502463956,0.033904054,-0.584284752,0.024591688,-0.413737553,0.186412001,0.605944768,-0.221309819,1.115793218,0.941680714,-0.744337284,0.111580899,-0.686027923,-0.433618408,0.250640522,-0.596921964,0.39467487,-0.138335663,-0.040544175,0.09239604,-0.038320919,0.115914749,0.319733279,1.125327062,-0.058855274,-0.014191569,10.0,0
241,-1.142320931,0.626404913,2.526916953,2.827972706,0.619263138,0.897473007,0.536277598,-0.060163157,-0.813748587,1.426859133,1.200259668,0.094229291,-0.633967682,-0.321429687,-0.117594042,-0.722018602,0.241443966,-0.264653095,1.229591481,0.263685556,-0.309746479,-0.269173012,0.17739635,-0.019577913,0.048650638,0.068830507,-0.246502752,-0.230836924,10.62,0
241,1.181571969,0.241407903,0.024536924,0.885832028,-0.121471371,-0.275551751,-0.142414303,0.031282555,0.253328447,-0.624588345,1.131631834,1.126151681,0.452170474,-1.517465823,-0.98281116,0.36651166,0.726422221,0.558842442,0.393116063,-0.010393815,-0.14311393,-0.172135917,-0.156843588,-0.045282262,0.583795268,0.412511399,0.001453835,0.030862791,12.31,0
246,-1.077045918,2.140915813,1.152883756,2.4588339,0.576572373,0.845960887,0.015986895,-2.764261569,-1.114618237,1.43836983,-1.015372365,0.074781547,1.623446644,-0.270680727,1.074918999,-0.02232697,-0.333327228,0.269594459,0.997790756,-0.237666882,2.429373605,-0.244539304,0.063245956,-0.448631099,-0.236189512,0.233936972,-0.295667683,-0.054944516,1.5,0
246,1.311258486,0.07502777,-1.292832404,-0.483154333,2.139256911,3.181563924,-0.505045118,0.804860255,-0.074070833,-0.217425556,0.131576213,-0.028146149,0.01145979,-0.112921114,1.300007138,0.812807415,-0.495483473,0.166473112,0.175176224,0.032734124,-0.342676245,-1.148503557,0.095278816,0.946121234,0.369712917,0.110625671,-0.021836606,0.023638378,1.98,0
246,-1.069199853,1.239963348,0.545157122,1.005353982,-0.025695582,-0.910672796,0.422441828,0.049283424,-0.564600769,0.143901655,-0.323632933,0.862355052,1.646158812,0.103236346,0.88560936,-0.279569769,-0.1991,-0.100956386,0.374318967,-0.134161666,0.146554845,0.602990282,0.132655946,0.427112526,-0.084030137,-0.417194317,-0.897884839,-0.462041529,2.98,0
247,-0.685769792,0.554019231,2.014829479,-0.561032758,0.683347066,0.002232257,0.804393713,-0.154562903,0.339899948,-0.964056302,-1.604017665,0.617382934,1.38353783,-1.027599556,-1.285563771,0.534263332,-1.320646457,0.04495524,-1.493769742,-0.051472195,0.113872721,0.642716157,-0.421980099,-0.411622374,0.359461179,-0.545005668,-0.040244115,-0.096933987,18.94,0
248,-0.216866831,0.900896218,1.502850277,0.812492451,0.193952498,-0.031488309,0.490795205,0.120990624,-0.907335774,-0.10626925,1.750771741,1.11954386,0.592076069,0.364704377,0.611496991,-0.349770202,-0.174297109,-0.026468492,0.23571838,0.023362317,0.14749652,0.463469893,-0.045123866,0.22412587,-0.275401644,-0.415338771,0.108635141,0.052980915,10.0,0
249,-0.788406123,1.125172284,0.9342131,1.155815325,-0.028517725,0.489476031,0.067377115,0.775357006,-0.507976501,-0.124046576,0.415851211,0.21610434,-1.399988811,0.765481453,-0.356870972,-0.745510715,0.501830611,0.119294748,1.139479161,-0.022728451,0.02645119,0.204264804,-0.12879421,-0.319663017,-0.095104113,-0.214422719,0.291528516,0.120686188,13.28,0
251,1.206637834,0.143344829,-0.131755553,0.902486189,0.21954724,-0.028155258,0.099294716,0.002019829,0.166709162,-0.014765734,-1.072737799,-0.471208191,-0.752133516,0.548864046,1.333077291,0.046136123,-0.401576804,-0.213131374,-0.415565039,-0.149144771,0.00641446,-0.000173222,-0.186809603,-0.77728434,0.686914708,-0.246619858,0.018175927,0.011323876,31.8,0
251,1.071812684,-0.249927203,0.189825005,0.19110892,-0.615778945,-1.074104296,0.213633076,-0.322513461,0.046084009,-0.192352281,-0.145525136,0.57166102,0.891624283,0.108958561,0.977413551,0.209149364,-0.34836972,-0.459603714,-0.087733531,0.214073657,0.095917506,0.089348763,-0.159514355,0.487008617,0.365901029,1.0560726,-0.101425335,0.022797105,120.0,0
252,-2.395433913,-1.545369136,1.9193912,1.062513568,-0.627806202,1.154561001,-0.861500739,1.08948639,-1.34126756,0.200625622,0.824199619,1.088348401,0.539608343,-0.071028266,-0.385580937,-2.407422441,1.103434148,1.035900104,-0.146973943,0.561230219,-0.120568529,-0.473852622,0.453082048,-0.323900293,0.105116691,-0.219200406,0.261788844,-0.122953638,231.71,0
256,-1.377245329,0.714822534,2.507512766,0.865082434,-0.290489181,1.077327555,0.032507083,0.510945608,0.717788301,-0.256417813,0.316423719,0.759520508,-1.439420629,-0.592772797,-2.397140825,-1.072538941,0.615996407,-0.58145074,0.714980257,-0.125335333,-0.341852731,-0.60673121,-0.0997405,-0.009123052,0.32837917,-0.506683335,-0.032234738,0.139840723,13.53,0
257,-0.599318041,0.88752482,1.57921402,-0.113727896,0.304991227,-0.182828895,0.503722003,0.241375357,-0.722595859,-0.627363824,1.465896903,-0.014762902,-1.229367808,0.102504309,0.589320458,0.308128256,0.135025333,0.09120458,-0.039248801,-0.088090563,-0.137630842,-0.524585959,-0.057729284,-0.058980064,-0.3203422,0.089180092,0.058978533,0.098448491,1.98,0
258,1.130932761,0.178069339,0.533439524,1.478955262,-0.342933189,-0.379986284,0.063252924,-0.022391243,0.312977804,-0.118844723,-0.294393905,0.480791964,-0.484192622,0.145854431,-0.085468494,-0.804316603,0.39991977,-1.047994367,-0.490789193,-0.209400586,-0.080364138,-0.022293001,-0.023433163,0.40043391,0.607259257,-0.332017201,0.037440813,0.01952664,13.79,0
259,-0.942940341,0.206074136,1.625992033,1.108391572,0.8758379,-1.215716315,0.271172621,-0.089238369,-0.755539161,-0.26172915,-0.378812347,0.119446955,0.453332666,0.258750399,1.138746762,-0.331053068,-0.146362628,0.06349228,0.460361871,0.311898358,0.150837698,0.188497047,-0.14863678,0.407169538,0.644706714,-0.193470324,-0.028919585,0.00532277,20.17,0
259,1.095067418,-0.014392712,1.408552105,1.266545955,-0.944750549,0.029577856,-0.598514656,0.175290621,0.48523098,-0.059239308,1.2399886,1.703944421,0.789333518,-0.325086572,-0.633020578,0.174004833,-0.474895384,0.259108435,-0.004693564,-0.072112865,0.01310708,0.248009414,-0.002563725,0.570099686,0.387136518,-0.442319387,0.074530611,0.03221469,9.99,0
259,-0.363607748,1.104008326,1.300678453,0.070314296,0.075179663,-1.010396387,0.683396194,-0.073377912,-0.40186579,-0.508232822,-0.199288745,-0.03807813,0.188826233,-0.441824902,0.887319497,0.377647533,0.005553148,-0.147300475,-0.090921163,0.123176389,-0.261158414,-0.685436106,-0.013662176,0.336312611,-0.157577368,0.071699427,0.245538854,0.099036534,0.99,0
260,1.026701748,-0.661664688,0.8976009,0.144402801,-1.105205361,0.020245082,-0.707266806,0.195918328,0.743371435,-0.118938661,0.741294501,0.603257301,-0.421646962,-0.042892426,0.090411422,0.694674045,-0.590144597,0.572237291,0.329715854,0.112744748,0.150660749,0.322397709,-0.15473629,0.097654642,0.174639029,1.103204724,-0.060709141,0.016598369,99.0,0
260,1.075229011,-0.335339468,1.680467942,1.192098388,-1.270530762,0.313498288,-0.871024862,0.235401729,1.315260839,-0.478206972,-0.370612661,1.506748861,0.848506498,-1.067779363,-1.105966076,-0.941599861,0.710495612,-1.057347979,-0.295389514,-0.113252987,0.092929517,0.815226885,-0.05455139,0.731148708,0.431464973,0.580189202,0.062528164,0.025628072,5.46,0
261,1.260327831,0.299160898,0.527681133,0.614898903,-0.420591873,-0.977533147,0.108485268,-0.244502212,-0.058316412,-0.085827832,-0.098362672,0.732373958,0.996718048,0.103733324,0.956963773,0.270445474,-0.461479594,-0.626390247,-0.124085429,-0.049241866,-0.249401231,-0.688429347,0.128289705,0.398966855,0.240282308,0.092212793,-0.024633117,0.020529303,1.98,0
263,1.143648911,0.128210203,0.407255475,1.160950092,-0.504531514,-0.904842966,0.111993062,-0.151667475,0.180408481,0.001026601,-0.51175531,-0.233763135,-0.814985243,0.513246951,1.12110997,0.219196916,-0.42402828,-0.052362219,-0.3820374,-0.102034097,-0.036000502,-0.221754206,-0.049749745,0.345483344,0.495657728,-0.440443319,0.008208615,0.03168921,49.99,0
265,-0.293838836,-0.044368922,1.093145532,-1.576473121,-0.107491773,-0.791217448,0.291465483,-0.093163912,-1.406365813,0.061024567,-0.464045942,-0.111047283,0.566392854,-0.045035543,0.383371561,-1.457616349,-0.03490802,0.466330849,-1.726448514,-0.451588471,-0.235571213,-0.286206833,0.069302954,0.107632395,-0.385142023,0.86605499,-0.017603208,0.039892577,24.84,0
266,1.289672517,-0.69439938,0.98668348,-0.626997062,-1.561740795,-0.612823745,-0.94903729,0.068871636,-0.744015779,0.825568192,1.277462604,0.281343681,-0.368153738,0.218534881,0.578279944,-0.719648948,-0.341212435,1.582472283,-0.66781851,-0.485381706,-0.411942757,-0.812047651,0.217873272,0.515076902,-0.174402122,0.828401744,-0.039261841,0.01306099,14.9,0
266,0.982539104,-0.229085198,0.00305057,1.44400883,0.20064487,0.636756289,0.012166458,0.128519086,-0.361985519,0.445710347,-1.539866954,-0.838260422,-0.455357738,0.328595737,1.148733261,1.071891627,-0.738483984,-0.563834584,-0.499059635,0.168043643,-0.315217461,-1.347024216,-0.033817192,-1.359831509,-0.005459152,0.706075192,-0.091821696,0.024233805,154.4,0
267,-0.071003726,2.114930867,-3.597858245,0.159330037,3.543995415,2.366976359,0.727397877,0.335814437,0.772950206,0.834859178,1.22942916,-0.986304485,-0.344604915,-4.143154095,1.41231336,0.896138453,2.076124658,1.831926309,-0.181220765,0.997323197,-0.45545199,-0.530552332,0.046281633,0.635140157,-0.093466377,-0.418992932,0.463129147,-0.139101654,2.28,0
268,1.146065394,0.285853394,0.562438674,1.459336137,-0.225890773,-0.346302633,0.131987577,-0.085178877,0.136365128,-0.149999068,-0.09610002,1.102136388,0.686087249,-0.089169308,-0.213955766,-0.859372856,0.331942675,-1.192119144,-0.495748975,-0.148534056,-0.071472989,0.076177369,-0.030566689,0.444843265,0.650036517,-0.335735765,0.046371828,0.020898982,6.54,0
269,1.32062603,-1.17433822,0.713431142,-2.177940779,-1.511233594,0.059314279,-1.308064064,0.298795701,0.788813964,-0.200098696,0.835250931,0.506267909,-0.892307728,0.083950916,0.871964931,-1.856352559,0.163267546,1.670423005,0.061359194,-0.577242629,-0.354221197,-0.365280037,0.064821975,-0.322003459,0.152701402,-0.003130662,0.07510294,0.010941135,2.6,0
270,-1.35693549,0.033723808,1.874195372,-1.469101628,-3.125908514,1.677055509,-4.925568043,-7.494657608,-1.278469578,-1.118778465,-1.777744782,-0.233932474,-1.835762022,-0.187562487,-2.594957385,-0.438051331,1.682071354,-0.129589298,-0.924228731,1.394631033,-4.134607658,0.864377541,0.153498688,0.669048805,1.108159478,-0.120671274,0.043392835,0.237635653,52.95,0
271,1.196192808,0.245161003,0.631947468,0.642940902,-0.413132655,-0.699728161,0.01953274,-0.112500121,-0.047057144,-0.12271147,0.371980575,0.794397765,0.674412675,0.20015868,1.21188268,-0.105518258,-0.050858411,-1.151578693,-0.603069525,-0.109478011,-0.203867812,-0.533641292,0.201929024,0.406872401,0.11613734,0.102674899,-0.009121198,0.019700457,0.89,0
273,-0.79297044,0.273688003,2.612040285,1.213495051,-0.225014754,-0.594575429,-0.250743985,0.162628107,0.038632593,-0.401649703,-0.485772083,0.156502666,-0.009438656,-0.224336144,0.761460832,-0.22681814,0.002773652,0.218880553,0.377095265,0.145012028,0.136199842,0.38114011,-0.020689143,0.706052983,-0.234171822,-0.377185425,0.164555212,0.155041967,6.51,0
273,0.216726738,0.710626489,1.224875937,1.139405337,-0.376350606,-0.25398554,-0.034557028,-0.812548331,-0.260261137,-0.128467595,0.053679475,0.020850904,-0.626932857,0.605768304,1.568848391,-0.434883233,0.233917134,-0.534323372,-0.288381351,-0.214411701,0.77347578,-0.233609145,-0.045366371,0.368535478,0.675417972,-0.286280941,0.196729841,0.226031239,18.0,0
274,-0.586189994,0.490033022,0.564065152,-1.228363846,2.860178365,3.363731139,0.263669446,0.703249305,-0.648517819,-0.338281228,-0.088266483,-0.392281621,-0.095892063,0.134683919,1.140451177,0.416862645,-0.94298694,0.096660435,0.513916396,0.241503348,-0.295025553,-0.965886561,-0.207535476,0.989880285,0.25782071,0.114457612,-0.159428052,-0.158920772,1.98,0
275,-0.363518694,0.055464405,1.85757124,-1.085420971,-0.981918254,-0.473025259,0.210564834,0.022670381,-1.641689106,0.28699414,1.29854579,0.49763916,0.44837007,0.076079824,0.153456426,-1.035223639,-0.338424473,1.50792061,-0.441384421,-0.25987666,-0.408214033,-0.907776138,0.248036844,0.492935993,-0.52488905,0.340449354,0.011118634,0.06093585,70.33,0
280,0.878794493,-0.266909198,0.409706011,1.509808074,-0.487798048,0.376829476,-0.389288343,0.33136114,0.702727615,-0.574106367,1.111967187,0.599725186,-1.234587532,-1.028018411,-0.780626425,-0.081814287,0.97970005,0.385091634,-0.240107937,-0.001707997,0.025055821,0.110526605,-0.191237157,-0.059199193,0.504350122,-0.271526148,0.059099556,0.053500821,109.15,0
282,0.057779947,1.550355631,-1.950407891,2.041472847,2.258425812,4.692012457,-2.303907216,-4.492133436,-2.013112905,0.108543877,-0.444927876,0.079246917,-0.418820461,1.642575038,0.914557289,0.379159779,-0.199043721,0.250599297,0.591391397,1.419343307,-2.477110573,0.803885762,0.284486745,0.993048818,-0.039252419,0.173406327,0.181839892,0.378080368,27.0,0
282,-0.426029991,1.04118389,1.063793175,-0.407920575,0.077615125,-0.810862242,0.620734095,-1.048588849,-0.416712414,-0.5752461,-0.465570977,0.662807869,0.974220943,-0.156006298,-0.253610097,-0.434466385,0.066692182,-0.720718703,0.415395581,-0.139565465,0.758833898,-0.107203543,-0.139569167,0.500354815,0.165606516,1.052250429,-0.024388206,0.008397503,2.0,0
283,0.948031797,0.318724757,0.730590898,2.583975169,-0.206464838,-0.2131797,0.220328528,-0.062070303,-0.868018102,0.581173638,0.101195399,0.470399635,0.67528087,0.209463495,0.704330417,0.309108159,-0.281680587,-0.924687992,-1.521306913,0.034971404,0.039314676,-0.069829592,0.004094198,0.39645882,0.295033036,-0.076225776,-0.004447648,0.041688095,94.5,0
283,-0.529995755,0.766553613,1.759393427,-1.160073914,-0.501039671,-1.404512588,0.679279031,-0.242593704,0.520867783,-0.117279871,-3.2e-05,-0.320075008,-0.886311371,-0.176522503,0.606221065,0.426544297,-0.568054205,-0.496516186,-0.982597608,0.138236319,-0.163030547,-0.219407606,0.016959334,0.934128478,-0.327383472,0.668478861,0.114264185,-0.091384806,2.31,0
284,-0.942623063,0.657317958,1.191544384,1.326497095,0.97674498,-0.832970032,0.238932868,0.163401503,-0.584980704,-0.789639334,-0.144501037,-1.445161039,-2.115885112,-0.617131929,1.966837316,-0.203704314,1.500691702,0.586786087,0.27146639,0.115262873,0.062165439,-0.016076486,-0.236314329,-0.08280197,0.357494184,-0.110529973,0.080795718,0.113264048,1.0,0
284,-0.764965866,1.339506258,1.209389008,0.005939377,-0.33180772,-0.919242688,0.434379874,0.308839764,-0.698558284,-0.56818641,-0.397372655,0.572462624,0.96521089,0.285588431,0.713760963,0.280847042,-0.274688875,-0.41823133,0.000655599,0.062044155,-0.170506846,-0.534737578,0.043175643,0.388210347,-0.137030692,0.070417781,0.142734818,0.060537249,11.99,0
284,-1.167211884,1.263647809,-0.109848779,-0.783619311,-1.472694028,-0.212799326,1.732682501,-0.882945356,-0.331912327,-0.832908392,-0.697049652,0.780408852,1.026319901,0.049649169,-0.748250094,0.031018491,-0.124821126,-0.736029681,-0.336145556,-0.368898737,0.770748067,0.105265468,0.127679768,0.509605861,-0.401950569,0.835236317,0.286015332,0.067264395,302.1,0
285,-0.931805001,1.52773726,0.818889181,0.056990215,-0.319929644,-1.054736468,0.358789745,0.35407267,-0.392589551,-0.43267709,-0.311277877,0.166120344,0.321497602,-0.210513993,0.857176935,0.479781685,0.159892512,-0.133632196,-0.127680212,0.143479694,-0.249969036,-0.713790732,0.044633504,0.334422677,-0.081412793,0.078215065,0.231701027,0.090919678,8.99,0
287,1.030071604,-0.295088479,-0.109923644,0.071539651,-0.318253285,-0.912975895,0.431930061,-0.302890543,-0.044433218,-0.229745064,-0.498113967,0.318527983,0.521522276,0.316361182,1.000954514,0.401468724,-0.457092944,-0.866847931,0.405462113,0.279360756,-0.458490415,-1.726680216,0.087428919,-0.108541359,-0.023411412,0.525920564,-0.120269108,0.031205235,160.0,0
289,-1.782116492,-0.326079244,2.282092285,-0.381814268,1.06129006,2.666354871,0.311426142,0.364125231,1.08038229,0.652494125,1.218281878,0.121397526,-0.952894279,-0.90558715,0.803764247,-0.971253016,0.209509728,-1.225339357,-0.726363603,0.17908676,-0.316547016,0.480398017,0.193990708,-1.867208192,0.145657701,0.491213315,0.248133117,-0.504044675,74.47,0
290,-0.487233806,0.505825333,0.880669884,0.972986394,0.823366603,0.287737596,0.725038782,0.021040465,-0.268138121,-0.367036477,-2.166287226,-0.445540608,-0.016437804,-0.039178076,-0.090300001,-0.384981861,-0.260995545,0.243463141,1.329326775,0.220836017,-0.052209454,-0.129566883,-0.177153236,-1.00411591,0.169316755,-0.234251736,0.129243784,0.139251492,67.36,0
290,1.355157174,-1.318939841,0.166357131,-1.57482235,-1.279267343,-0.182794489,-0.985599131,-0.012854951,-1.980931633,1.558276208,0.483375579,-0.630430436,0.148935961,-0.058329452,0.07765668,0.199514941,-0.05138805,0.595857986,0.421528906,-0.138870123,-0.408999826,-1.090939083,0.026299224,-0.573380669,0.152089889,-0.453983669,0.011316502,0.023963775,101.0,0
293,1.123311065,-0.170142078,0.89877308,1.572445488,-0.727420685,0.226641226,-0.522651385,0.285406758,1.173965438,-0.194914859,-1.19210081,-0.395355037,-2.213834341,0.005351154,-0.485688847,-0.727260384,0.554140338,-0.645275882,-0.241630845,-0.334909443,-0.109955073,-0.0321972,-0.044257324,0.042350136,0.547189708,-0.250555676,0.060740833,0.017699872,5.0,0
297,1.168459597,0.284168629,0.427984728,1.382026597,-0.057586332,-0.15716991,0.132988717,-0.070708819,0.141838112,-0.152931766,-0.368409409,1.053716299,0.854168196,-0.130719267,-0.202282668,-0.76957256,0.207232629,-1.099432888,-0.373872716,-0.130219175,-0.091412377,0.025131562,-0.072433595,0.12177149,0.697131468,-0.315948987,0.04661016,0.017890834,6.86,0
297,1.171487938,0.111366524,0.358993728,0.210843613,-0.560816078,-1.408542432,0.35458449,-0.353311276,-0.118270105,-0.226567181,0.309148612,0.849664697,0.795538192,0.269098467,0.902375108,0.073092262,-0.193528125,-1.161157825,0.121038185,0.058719037,-0.454727402,-1.451831422,0.265728759,0.715639989,-0.033476548,0.285188411,-0.080931336,0.024925088,54.75,0
297,-1.148037547,0.36762617,2.769716764,-0.356561538,-0.268456048,0.323422698,-0.108717803,0.452755262,0.166990199,-0.752053288,1.034453127,0.563469257,-0.969780397,-0.203454489,-0.74864418,0.176891759,-0.250893329,-0.078207768,-0.665423508,-0.165653988,0.063334068,0.16820958,-0.194521212,0.228655186,0.107743953,0.22233054,-0.10915952,0.089766572,6.2,0
298,1.218417038,0.077792309,0.533943622,0.84384943,-0.536021561,-0.702280581,0.006655632,-0.153410746,0.421584058,-0.204985941,-0.615400833,0.62096018,0.238575293,-0.122444262,-0.240002498,-0.294719416,0.016760295,-0.746129181,0.214192945,-0.087688523,-0.224557949,-0.466722158,0.003663041,0.438025581,0.460759606,0.267055847,-0.021915861,0.014811763,13.99,0
298,1.331411728,-0.715870868,-0.005992864,-0.528407613,-0.880105464,-0.676409912,-0.461655958,-0.043281841,-0.439032422,0.589483701,-0.635633933,-1.54550629,-2.159738505,0.261961108,0.257745517,0.33509239,1.024395804,-1.84506456,0.461944146,-0.072710183,0.168776114,0.416170152,-0.131544599,0.068375393,0.633619313,-0.030737332,-0.011574789,0.000254394,36.0,0
302,1.073785316,-0.170037328,0.790655939,1.128604515,-0.585960036,0.070807492,-0.414937486,0.057948562,0.503324119,-0.036917094,-1.177600068,-0.026488327,0.450775651,-0.089796442,1.463998327,0.925483308,-1.017179509,0.606265451,-0.414612132,0.086693078,0.100286633,0.147604017,-0.184878263,-0.460810919,0.423908825,-0.318167878,0.046110889,0.046843274,90.0,0
302,-0.986171236,1.732933867,0.857586934,0.178949727,-0.794223168,-0.088469341,-1.266790132,-4.922223906,0.010308618,-0.003059464,0.071675698,0.947121029,0.47447536,0.362346801,0.797349837,0.238125188,0.036823135,-0.606260978,-0.418371798,-0.991289202,4.332857751,-2.331390339,0.568103029,0.638795724,0.867788272,0.181051281,0.225638419,0.179026564,9.99,0
304,1.049639387,0.066437056,0.05921258,0.285469339,0.635753535,1.473073657,-0.37699315,0.579044737,-0.182239905,-0.297006898,2.247481377,1.047907512,-0.137403399,0.061752914,1.536167376,-0.481417415,0.841496878,-1.606821042,-1.332231397,-0.212006015,-0.14113681,-0.304711737,0.206104572,-1.397546966,-0.093121026,0.22711506,0.042339963,0.001972466,1.98,0
307,1.169208825,-0.032253822,1.011697001,1.353641323,-0.876061895,-0.320566874,-0.443363657,0.053143062,0.868260239,-0.154677516,-0.925866083,0.133228526,-0.560607539,-0.167477442,0.115516561,-0.070208457,-0.156935852,0.067246594,-0.228934472,-0.173525499,0.083529831,0.452189773,-0.134359353,0.407710027,0.633323987,-0.213843935,0.056280407,0.028997265,9.97,0
308,1.103870214,-0.379364955,0.699437059,0.174333313,-0.918020872,-0.41844461,-0.394105947,0.061586476,0.436487428,-0.084439474,1.110035662,0.807998816,-0.417074931,0.142484339,-0.181188757,0.352516919,-0.362178329,0.108860713,0.395958232,0.020978644,0.008219646,-0.016349949,-0.050821198,0.398893636,0.202283177,0.992403516,-0.074168939,0.006682107,60.0,0
309,1.031380762,-0.089444068,0.421362451,0.620874595,0.330241872,1.351988288,-0.28790071,0.41209358,0.313047407,-0.414255784,0.440656268,1.313518637,0.767262485,-0.122085165,0.783837863,-1.587345934,1.184230788,-2.76226609,-1.338868857,-0.184405762,-0.098008329,0.077084403,0.122697564,-0.898893585,0.166942752,0.393915678,0.053320049,0.001398365,14.6,0
310,-1.236350718,-0.687029326,2.09340721,0.601217072,0.782302931,-1.167113295,-0.675395476,0.232562755,0.500531075,-0.565374195,-1.050191701,0.091748479,-0.198063134,-0.277611021,-0.04263901,0.357374924,-0.653671006,0.382050498,-0.975039278,0.129688378,0.37883212,0.841498783,0.150103308,0.391760104,-0.542331383,-0.531517113,0.186280373,0.23001196,7.8,0
310,-1.013286997,0.512380148,0.83725915,0.40846827,2.078535244,4.692661723,-0.294088412,0.898044188,0.919346555,0.321821402,-1.049923051,0.186009741,-0.421530266,-1.028746574,-1.32120126,-1.140560953,0.252886912,-0.218197255,2.058913416,0.207566369,-0.470714367,-0.879661025,-0.147591262,1.003181291,0.11807892,-0.460627055,-0.271699744,0.012446212,22.09,0
310,-0.72885714,-0.020542102,1.415026053,1.233902198,-0.240077156,0.48224046,1.315729577,-0.010902959,-0.360987151,-0.13149133,1.063574803,0.06873872,-1.63650437,0.330739968,-0.498455292,-0.937948109,0.296245912,-0.051809179,0.620119645,0.439814039,0.154089098,0.339030791,0.372441679,0.172196568,-0.23087164,-0.363259875,-0.067174447,-0.066831765,222.5,0
311,1.090348628,-0.270145648,1.235910645,0.702070766,-0.856229171,0.485168554,-0.804133733,0.359129905,0.673893646,-0.115228174,1.178923569,1.192034978,-0.102568517,-0.172839145,-0.244323224,0.069196556,-0.144427638,-0.183645837,-0.109383536,-0.119165021,-0.011401814,0.152460567,0.046069796,0.052707338,0.149042153,0.329247897,0.028873279,0.013953986,11.5,0
311,1.182238087,-0.14751846,1.248518326,0.862034219,-1.07672806,-0.299690186,-0.614840318,0.064575126,0.907341201,-0.244553773,-0.705757309,0.523097925,0.199032721,-0.437901947,0.18282428,0.155471836,-0.183113546,-0.254955281,-0.041502453,-0.091273065,-0.090194351,-0.057345525,0.030120976,0.438310381,0.259808056,0.315895535,0.017962001,0.027611165,8.58,0
312,-0.719402299,-0.12418376,1.979308881,0.50341534,-0.732324065,0.394882604,0.280295996,0.118478131,-1.445665939,0.267392186,-0.72590923,-0.114619106,0.570009354,-0.264338203,0.617933333,-2.115463181,0.488494551,1.05409097,-0.602146743,-0.058001928,-0.170479698,-0.125549956,0.203485214,0.041484447,-0.026662681,-0.232425279,0.134531297,0.133483791,140.6,0
312,-0.987858067,0.475771323,1.672621633,1.178044407,0.730281776,-0.403391397,0.308013825,0.254682319,-1.045605931,0.155400733,1.793724813,0.702015057,-0.319470483,0.685309695,0.877367283,-0.447055742,0.096461648,-0.395179065,0.795531561,0.392655542,-0.319191925,-1.132127554,0.233566095,0.140308782,0.072812502,-0.637664641,0.231877129,0.062719054,33.26,0
313,-0.907420424,1.103911837,1.288489227,1.243611848,-0.068031605,0.214040128,0.32400012,0.436037213,-0.437408891,0.17931799,1.122281558,0.702855841,-0.757837178,0.398639587,-0.435503484,-1.026095104,0.538793315,-0.183179502,0.949006459,0.028250807,0.02251955,0.399523454,-0.049080542,0.220258114,-0.162924387,-0.286993559,0.015071072,-0.104667534,15.08,0
313,-1.038356228,0.756121842,0.719941776,0.988401807,-0.237289725,-0.378861992,0.413667984,0.436786746,-0.448178491,-0.346581608,-0.786498013,-0.999026789,-1.968015268,1.049901672,1.489075793,-0.372646824,0.350349838,-0.035845284,0.110459559,-0.344187258,0.189549653,0.477872319,0.298491951,0.029367906,-0.30041994,-0.294100311,-0.009904639,0.038860559,68.0,0
315,-0.404141786,0.50274359,1.05714829,0.741630351,0.537623772,-0.003376522,0.458033548,0.219620663,0.171713985,-0.420935346,-1.6057955,-1.159664714,-2.445947809,0.435638161,-0.107440223,-0.598541571,0.20356658,-0.331005207,-0.022480303,-0.232749741,-0.001554577,0.049339989,-0.076364454,-0.488020813,-0.394883985,-0.415454201,0.18278577,0.169169043,11.46,0
315,-1.014692833,0.44491767,2.25900536,0.336945912,-0.492325915,-0.649977397,0.542460114,-0.201798135,0.491987439,0.013239093,-0.171666745,0.717765848,0.855574355,-0.890737503,-0.241276331,-0.435455423,-0.08367101,-0.326211529,-0.14387383,0.399388446,0.0907613,0.829357952,-0.105668559,1.005763498,-0.098694309,0.396781209,0.307894489,0.09874551,69.99,0
318,1.491205021,-0.246291572,-0.386057979,-0.780637851,-0.340415627,-1.110700989,-0.004047789,-0.410925507,-1.203188925,0.672477712,-0.577987712,-0.481010189,0.768684988,-0.027831659,0.396406497,0.84465716,0.19466881,-1.509075816,0.82024513,0.109400859,0.161920145,0.441320557,-0.229694573,-0.056776349,0.879712322,-0.055351508,-0.025083973,-0.002583618,10.0,0
322,1.202007182,0.108213477,0.591724235,0.566078555,-0.641573116,-0.816974062,-0.127402593,0.004375489,-0.026147821,0.142130857,1.437540384,0.414104282,-1.142816179,0.7143189,0.463185991,0.502347844,-0.523033517,0.050445838,0.102606242,-0.174502715,-0.207683231,-0.703843603,0.165350247,0.493735717,0.114822059,0.068947381,-0.041349711,0.008040785,1.79,0
323,-0.704133362,0.341397056,1.740026865,-1.661594963,0.872313095,-0.007310804,0.923083313,-0.575938518,0.447696788,0.264464751,0.302329167,-0.589641284,-0.979095994,-0.414870005,0.227650953,0.863538644,-1.560955111,0.570081621,0.26259684,0.018388713,-0.206984115,-0.321045184,-0.334626466,-0.813176252,-0.265089437,0.68904316,-0.904112857,-0.579831489,0.77,0
323,-0.850730609,0.695702822,2.071837569,0.928201004,-0.032107928,0.648932279,0.150909122,0.440485982,-0.564488519,0.057701571,0.976696627,-0.109204861,-0.923903849,0.458685782,1.324652235,0.004794609,-0.235066834,0.783136839,0.589647225,0.301435684,0.211627698,0.591595716,-0.21096154,-0.341889009,0.281912496,-0.067353029,0.339467271,0.13809145,52.0,0
325,1.409185924,-0.383685926,0.256251855,-0.703150205,-0.763573514,-0.732256561,-0.3506583,-0.285737734,-1.032102944,0.629431439,-0.668417745,0.479063948,1.890291745,-0.237055078,0.845158255,-1.100665499,-0.338681523,0.838398514,-0.585140547,-0.343626433,-0.498190423,-0.918542231,0.05554841,-0.067339277,0.208494751,0.929543066,-0.047750993,0.010905288,17.24,0
327,1.162686622,0.269139448,0.163258074,0.9430877,-0.003225383,-0.42182179,0.213395377,-0.125541511,-0.396782854,0.142439937,1.168540081,1.256287954,0.889922326,0.391563533,0.146892023,0.302236362,-0.847188564,0.34497225,0.025834206,0.002162123,0.087744826,0.236577241,-0.191414759,0.042338257,0.720314893,-0.332043296,0.009355746,0.014456699,36.71,0
328,-4.236419437,-4.459784208,1.381813308,1.117079984,6.044486324,-3.498447175,-2.740892495,0.372155022,-0.214338183,-0.242299844,-1.681844221,0.605227562,1.702995485,0.07545789,0.56515746,0.515252809,-1.184630764,0.381559087,-0.280158913,1.394093411,0.397071817,-0.432517322,0.612506739,-1.016361972,0.63037256,-0.498140915,-0.094774489,0.208038267,2.5,0
330,-0.386633363,0.953378783,1.851726441,1.623108112,-0.603151408,0.20491628,0.438894025,-0.313316649,0.359460761,0.585054531,-0.453422193,0.748281159,1.511168876,-0.925787591,0.644372174,-0.975487961,0.187552102,0.119377922,1.456398572,0.298617625,0.141431559,0.996964129,-0.205807547,0.481312106,-0.224335019,-0.105636239,-0.104202409,-0.070726229,55.76,0
330,1.20778786,-0.006914877,0.361346959,0.778856504,-0.404622169,-0.503633402,0.008942349,-0.123995911,0.478881824,-0.206166184,-0.974621343,0.382429909,0.075452758,-0.093981075,-0.18717978,-0.177473652,-0.099552563,-0.597944047,0.344821261,-0.053846434,-0.239519204,-0.560161486,-0.054801389,0.059683795,0.493781148,0.288737767,-0.027264101,0.013754297,32.38,0
331,1.2201635,0.330421329,0.518020385,0.823178968,-0.680718692,-1.391443264,0.058431285,-0.205429665,0.082093921,-0.26636034,0.312675843,0.108577575,-0.434927117,-0.142860341,1.117223599,0.349959637,0.220439327,-0.403224419,-0.394698311,-0.13617482,-0.259713108,-0.778004929,0.2026852,0.86214906,0.126258565,0.063437904,-0.025916895,0.034840344,0.89,0
333,-2.977213708,0.781747655,2.881723998,-1.627798168,-1.368067062,1.656876386,-1.185052951,-5.393736022,1.719406875,2.372954645,0.710988574,0.989775451,-0.108996728,-2.461600085,-2.820860867,-2.15110216,0.186714167,1.039261204,-0.477813538,-0.879343727,3.656428393,-1.92918133,0.190842644,0.533133883,0.296772876,0.890103553,-0.123225144,-0.543749903,75.0,0
335,-0.779988245,1.395774614,1.78082843,-0.187324664,0.953850176,-0.511395225,1.41947975,-0.942651672,0.412282923,0.221456982,0.132405099,-0.542889222,0.811265409,-2.916125921,1.285155313,0.541424219,0.244347062,0.715874612,-0.17538523,0.650203148,-0.303942233,-0.05993889,-0.547133529,-0.216275606,0.325047812,0.290820864,-0.529625797,-0.668826755,1.03,0
339,1.20278276,-1.464842334,0.703284108,-1.46252024,-1.462982153,0.495418813,-1.368709004,0.236518932,-1.938471272,1.454746311,1.711156058,0.188523191,0.905905805,-0.309828801,0.609004727,-0.553641586,0.664514348,-0.139599151,-0.907046966,-0.170801344,0.104263701,0.575824821,-0.033503872,-0.278811121,0.145526145,-0.071895469,0.067936258,0.026131818,98.0,0
340,1.27013609,-0.608139036,0.373101019,0.2337516,-0.721246759,0.396264693,-0.841541043,0.21631992,-0.734176367,1.037110828,-0.271628357,-0.622184301,-0.96831245,0.395799865,0.621292819,-0.436055926,-0.945019335,2.606244472,-0.659702548,-0.497528216,-0.263328889,-0.43876369,-0.158517495,-0.921540809,0.448574193,-0.243216523,0.047054739,0.01908882,47.0,0
340,1.195494402,0.194929191,0.617510331,0.649717015,-0.474718197,-0.716084055,-0.027077627,-0.073384794,0.057251053,-0.10252248,0.254488017,0.427982699,-0.014536556,0.337294308,1.287486758,-0.073187023,-0.011484843,-1.067030225,-0.598449842,-0.15341684,-0.211728669,-0.590118899,0.210110524,0.388014211,0.092789049,0.104973011,-0.013644039,0.01823819,0.99,0
341,1.021665092,0.11057523,0.449479939,1.041424036,-0.213918613,-0.230678545,0.102705847,0.038497306,-0.319166006,0.076002919,1.805147524,1.255820937,0.173115239,0.558926834,0.443839463,-0.032558611,-0.348034416,-0.377364643,-0.443546588,-0.03309198,-0.043694069,-0.234765199,0.032891088,0.198345136,0.330583923,-0.559348705,0.022827897,0.025341789,62.63,0
343,1.004760475,0.423991945,0.579929072,2.476753568,-0.124375473,-0.363935716,0.297698306,-0.104341837,-1.23123939,0.812425561,1.494111353,1.158898825,0.885675592,0.36481075,-0.376461022,0.692184194,-0.823169344,0.033325544,-0.82172495,0.058049522,0.128929307,0.19525388,-0.119653756,0.557572858,0.516517677,-0.004221007,-0.028054501,0.025728617,75.83,0
346,1.507577981,-1.092820233,0.360102102,-1.770939923,-0.913848623,0.678723288,-1.380227523,0.147689518,-1.970260823,1.519368674,0.577750073,0.15650028,1.953660292,-0.596668879,0.336297447,0.033733617,-0.095179279,0.576655805,-0.077547433,-0.234211834,-0.047078434,0.360795664,-0.137631299,-1.122471994,0.438240733,-0.022090213,0.072569134,0.003450232,6.0,0
346,-0.928193196,0.671758012,1.924615958,0.273754663,1.041108482,0.136930115,0.361483192,0.143336968,-0.682134253,-0.650820411,-0.789520226,0.429949661,1.441283484,-0.130724906,1.209469053,0.11751407,-0.576289738,-0.331699927,-0.162684482,0.163521074,-0.115034384,-0.424493888,-0.194916247,-0.783830053,0.310156308,-0.512783097,0.084721084,0.082172614,5.0,0
346,1.077078564,0.284980217,0.007731383,1.657073001,0.052020241,0.446388674,-0.407036166,0.355703888,0.62603923,-0.929087138,1.094165108,0.579564773,-0.862188896,-2.224427562,-1.109870742,0.172381839,1.723548144,0.697990293,-0.153582743,-0.142799025,-0.174336982,-0.174160503,-0.153375332,-0.466331259,0.611000886,-0.25287057,0.090374657,0.054820384,10.99,0
351,1.205443827,0.008466986,0.95378232,1.141093019,-0.491215003,0.297302604,-0.503912858,0.084948223,0.796497028,-0.231653214,-1.367844037,0.741580897,1.186677803,-0.609098787,0.128890508,0.2751691,-0.609740709,0.087582366,0.096348015,-0.035563255,-0.103663342,-0.046172632,-0.123765481,-0.430028603,0.55922154,-0.360379212,0.077359414,0.032499077,12.99,0
352,-0.703183201,1.210704416,0.713730882,1.146380787,0.196790068,0.468059751,0.204977374,0.627388835,-0.296261347,-0.309000902,-1.645999365,-0.351982851,-0.683077622,0.429833357,0.320010811,-0.819032099,0.536239037,-0.27700935,1.038315088,0.015528735,-0.052939376,0.044338996,-0.184853448,-0.77643909,0.021547683,-0.166426753,0.29789193,0.128380902,13.99,0
352,-1.046361915,0.720386219,1.60341259,0.608371108,0.460940565,-1.423405785,0.266078667,-0.141047827,-0.516792826,-0.201346544,0.217884092,0.256389564,0.589282921,-0.458450813,1.242185515,-0.026376495,0.356937244,-0.224528038,0.52472785,0.122034588,-0.231026859,-0.529574974,-0.106293227,0.704603774,-0.349903416,0.146040717,0.289964795,0.159571551,2.67,0
353,1.135845919,0.084163545,0.269572728,1.210034371,0.005127919,0.318050368,-0.082663816,0.191048748,0.157572985,0.062804191,0.750879871,0.743394385,-0.846860298,0.380863154,-0.694188414,-0.397984546,-0.067048971,-0.290147054,0.048852971,-0.203569594,-0.076927341,-0.063246348,-0.110678077,-0.306079052,0.65198281,-0.308066963,0.030276204,0.001830777,12.87,0
353,0.150998914,-3.002119874,0.824301406,0.231721086,-2.621415263,0.128843083,-0.755233269,0.09595558,0.638218706,0.096462297,-1.221419517,-0.993401341,-1.331911432,-0.75366868,-0.565549542,0.934498499,0.805874339,-0.950142236,0.640846634,1.180050225,0.52171897,0.320296979,-0.591253399,0.447557233,0.16408041,-0.131896902,-0.047546926,0.130266352,611.76,0
354,-1.088458254,1.197103322,1.293719051,-1.176453493,-0.859954614,-1.476075434,0.30825432,0.196454172,0.542924754,-0.032406197,-0.125285297,-0.149935133,-0.824834176,0.069129833,0.581413295,0.526806813,-0.408214725,-0.474626483,-1.017828977,0.158246774,-0.150072153,-0.252378549,0.082766314,0.929138671,-0.251993525,0.675392075,0.0935283,-0.093285839,2.31,0
355,0.019255812,0.471698112,0.868060279,-1.239124163,0.54789788,-0.502661073,0.808516316,-0.247667131,0.130741129,-0.484993915,-0.702094465,-0.213445399,-0.048713337,-0.065306992,0.658810334,0.168525657,-0.621303531,-0.690750497,-0.697036043,-0.107129889,0.021429648,0.265056733,0.06660763,-0.381752337,-1.305170563,0.64604938,-0.013624944,-0.011984806,2.61,0
355,1.085840189,0.126685611,0.498971955,1.333699555,-0.199128816,0.032644469,-0.015573605,0.116090545,0.015999054,0.038632614,1.343920456,1.28560962,-0.249603064,0.277133182,-0.807816078,-0.584436585,0.087007323,-0.546731385,-0.15830097,-0.162853422,-0.029953279,0.087509137,-0.059209264,0.245500857,0.601876313,-0.344060845,0.034198842,0.009880143,19.64,0
356,-1.244126298,1.105870921,2.870894277,3.015097159,-0.813713656,0.992462333,-0.337465378,0.454982765,-0.205521576,1.216254946,0.571551587,0.287878546,-0.701566416,-0.558473448,-0.9620911,-0.411144663,0.368082486,0.692724641,1.316682526,0.306946912,0.149733341,0.839213313,-0.309444805,0.575610551,0.304568124,0.489685234,0.206089242,0.25486446,20.48,0
356,1.021392475,0.155450972,-0.312290951,0.961407336,0.548611312,0.12181627,0.525318015,-0.053891261,-0.686867335,0.113058508,1.158622836,1.306475335,0.910990895,0.581981858,0.186329578,0.022028915,-0.608528361,-0.502009344,0.002491838,0.114202252,-0.22476171,-0.850712083,-0.07784541,-0.679774835,0.484478365,-0.605930143,-0.005453605,0.019392433,105.87,0
356,1.586092522,-1.169090734,-1.350476708,-2.504579946,1.106389336,3.135281691,-1.351528738,0.690932116,-2.090697434,1.523080007,-0.246097975,-1.06161533,0.466127462,-0.092296784,0.684725301,-0.190604933,0.044771226,0.39335432,0.128788919,-0.20272267,-0.200366156,-0.325402427,-0.071104246,0.996898296,0.681092671,-0.100189962,0.022118296,0.009259482,15.0,0
358,1.106250813,0.398625212,0.860420675,2.388862104,-0.36584296,-0.192568394,-0.121769312,0.15087551,-0.733270908,0.860899788,0.981651769,-0.079715777,-1.418024438,0.72382105,0.049226993,1.101370208,-0.839421955,0.185977157,-0.620854915,-0.200063604,-0.253189153,-0.952835561,0.181642859,0.222462246,0.083551647,-0.342278231,-0.017021258,0.020976268,17.43,0
358,-0.424665607,0.554293424,1.374234118,-0.447451226,0.288247577,-1.082535591,0.969034687,-0.347445945,-0.109677746,-0.258586842,-0.328432759,0.315485393,0.755611995,-0.301423238,0.280566235,0.311837758,-0.813543198,-0.384037607,-0.822537835,0.24034429,-0.023295757,0.103502074,0.024513196,0.425008017,-0.227745622,0.182264367,0.076720325,-0.098667099,41.64,0
362,-0.692698818,0.291548412,1.575227626,-1.219400412,-0.30225748,0.670790163,0.333059413,0.15387472,1.198541231,-1.473882056,-1.390194371,-0.021875819,-0.242528636,-0.273344546,1.328582304,-1.160033353,0.280766892,0.320173091,1.58853181,0.02336118,0.128170493,0.679178968,-0.516104883,-0.869866017,0.643627801,-0.297472032,0.063828161,0.042908436,79.0,0
365,-0.456585659,0.541707557,1.331297243,0.559447257,0.18404479,0.612792453,0.632758584,0.152252962,-0.202196268,-0.5106985,-1.363929124,-0.431828044,-0.477288804,0.005566931,0.518554014,-0.784473071,0.425146452,-0.490890388,1.319236913,0.194231808,-0.134465006,-0.316126146,-0.072148623,-0.749724897,-0.039643644,0.472098135,0.075612235,0.099984823,74.22,0
365,-1.20943716,0.949446219,-0.429811066,-2.640093521,2.601386808,3.056965536,0.473494762,0.280729186,0.853043393,1.023892724,0.025354554,-0.386034224,-0.16159745,-0.558824188,0.714131154,0.553552719,-1.393507597,-0.123716655,-0.369462645,0.410370345,-0.214919579,-0.449815405,-0.088677129,1.030439176,-0.048967372,0.671978938,-0.612153238,-0.224000086,0.68,0
366,-1.185697846,-0.38650999,1.623072133,1.63640561,1.10250551,-0.683316717,-0.303337041,0.285652538,-0.056084605,-0.173921107,-0.989359563,-0.886212409,-2.200883523,0.512295927,0.51263431,-1.144652389,0.788359614,-0.383729571,0.800943442,0.1781412,0.068753472,-0.006951998,0.04088889,0.040937489,0.009224233,-0.201042282,0.106579894,0.140465169,9.99,0
367,1.256216551,0.255027772,0.277716369,0.706677006,-0.495830729,-1.106735496,-0.008493086,-0.124504206,0.243687321,-0.241481177,-0.303760814,-0.506626174,-1.168699448,-0.010084512,1.246871545,0.543820969,0.074469723,-0.128265451,-0.188904074,-0.171118066,-0.303926937,-0.94382962,0.14655068,0.307164398,0.1690701,0.099128845,-0.032095073,0.027743466,1.29,0
368,-0.409899593,1.183087565,1.598967048,0.353088354,0.30971002,-0.312399992,0.707197413,-0.04320649,-0.892868987,-0.684800184,0.237011018,0.513399774,1.258257779,-0.521488332,1.403897714,-0.243457561,0.491733589,-0.618058044,0.293941889,0.117258109,-0.163370812,-0.396155273,-0.069497774,0.069734973,-0.298406889,0.199188201,0.099692434,0.118617202,1.98,0
369,1.255729408,0.297650062,0.287526409,0.699902086,-0.438405256,-1.088542438,0.034421481,-0.159595857,0.14998966,-0.260027513,-0.202845457,-0.178269773,-0.54681741,-0.133805464,1.179252941,0.516409851,0.036999064,-0.202477438,-0.191225043,-0.129758981,-0.296736011,-0.894374277,0.137805513,0.318640737,0.190561733,0.097318944,-0.028174478,0.029140604,1.98,0
370,1.354445057,-0.81529671,0.836498305,-0.617140247,-1.304123735,-0.025273809,-1.147177389,0.162996088,-0.258341353,0.660341204,0.632539623,-0.056930151,-0.351267301,-0.466689479,-0.835734315,1.157376633,0.186554348,-0.57970044,1.077008602,0.040379238,0.292038166,0.94135696,-0.192850905,0.049422042,0.597416327,0.002148546,0.035181508,0.00368211,4.79,0
375,-0.837689399,0.777697548,1.841251908,3.056891684,0.303627257,0.615334509,0.531503581,-0.081955234,-0.522526744,1.149724997,-0.692305561,-0.219451806,-0.064181949,-0.473905555,0.119392546,-1.014120008,0.596687496,-0.637465522,0.826731026,0.03200224,-0.070068506,0.556788018,0.217680954,0.100721259,-0.332478928,0.252525567,0.138864823,-0.085151907,29.18,0
378,-0.460445587,0.720560639,0.24783576,-0.687521024,-0.627671057,-1.12970975,0.426560471,0.055194973,-2.063462067,-0.278732165,-0.051371388,-0.375334671,1.281990091,-0.877698923,0.543343782,0.874039943,1.428132849,-0.933302845,1.239625199,0.344737648,0.329564677,0.705109685,0.037092678,0.373316311,-0.176941784,-0.156161346,0.01163128,0.116359292,85.25,0
379,-1.896099252,-1.829046182,1.181222142,3.897845796,-1.686468705,1.976370755,-0.56410723,-2.40046491,-0.979201821,-0.284723547,0.284799423,0.592318944,-0.653926139,0.510773223,-0.545063692,0.309555464,0.259246565,0.660470305,0.978842525,2.538636196,-0.936346052,-0.516625797,-0.911681722,0.025105641,0.65669918,0.200867802,-0.088993678,0.339813926,881.13,0
380,-1.29983679,0.881817464,1.452841879,-1.293698332,-0.025104981,-1.170102626,0.861610195,-0.193933516,0.592000947,0.241978858,0.144973301,-0.583891284,-1.595345315,0.032612886,0.752833857,-0.094286374,-0.163427019,-1.111176014,-1.12402459,0.06597901,-0.272562732,-0.360853038,0.223911215,0.598929622,-0.397704638,0.637140781,0.234872284,0.021378793,0.0,0
382,-0.804275457,0.379523306,1.892524674,0.315885535,-0.194783001,-0.248983834,0.422565158,-0.028321131,-0.247660502,-0.488735428,0.018103943,0.745749002,0.811923577,-0.339126344,0.41271011,-1.08160261,0.806112721,-1.231163456,1.109070442,0.117260558,-0.152899712,-0.213726372,0.174705845,0.486815514,-0.365679974,0.963301373,-0.045545223,0.110528209,45.38,0
383,-0.907908975,1.622223224,0.036381362,0.526253582,0.343559945,-0.814125699,1.286352976,-0.513283985,0.65009122,2.374533401,1.276955412,-0.156640261,-1.34623857,0.085839791,0.256081499,-0.596371655,-0.624688058,0.376031456,0.584009907,0.593289305,-0.118734907,0.640328805,0.022338611,0.297445258,-0.650607852,-0.530175348,-0.042295761,-0.490801709,17.99,0
384,0.450789665,-2.168532687,-0.824039454,-0.351020593,-0.98403313,-0.079024459,0.274408704,-0.183159236,-0.949651213,0.5801427,0.070217017,0.008289176,-0.4092444,0.421210061,-0.538527664,-1.248464079,-0.195415887,1.56371475,-0.003321776,0.517926231,-0.157792202,-1.057971431,-0.55917046,-0.46940444,0.310074723,1.076462618,-0.173558408,0.065210028,510.22,0
386,1.213135839,0.462142518,0.664599346,1.301135304,-0.407415561,-0.994124679,0.180625573,-0.27903503,-0.216489299,0.016011579,0.124779978,1.049709455,1.424610253,0.034876329,0.794658354,0.039519296,-0.455406937,-0.358971564,-0.605013173,-0.065426186,0.069833701,0.318993674,-0.048025666,0.758935862,0.616220732,-0.354056706,0.032491644,0.030264168,1.0,0
388,-0.517234029,0.599240836,2.913950395,0.374993548,-0.453371116,-0.407892851,0.653325721,-0.337756378,0.713252074,-0.292509244,-0.431166467,0.009447995,-0.552711682,-0.843709866,-0.362611996,-0.136814384,-0.464019597,-0.146809662,-0.821349617,-0.074847619,-0.016611951,0.394598452,-0.151037153,0.896231988,-0.335150323,-0.680062118,-0.286108769,-0.298699176,12.99,0
388,0.19948941,0.705635829,1.39811485,1.21964719,0.149196139,-0.69893233,-0.551005698,-0.872024284,-0.370323732,-0.032175636,0.506833954,0.94959832,0.689685777,0.394380416,1.412828788,-0.52131921,0.241034972,-0.989513274,-0.326511552,-0.203632497,0.640890367,-0.701341255,-0.757939045,0.639510058,0.147695933,-0.544985958,0.274527786,0.28055474,9.99,0
389,-1.581926725,1.754753199,0.796003311,-0.558083886,0.302975097,-0.068701426,0.776211003,-0.057165218,1.03610372,1.9311623,1.466219837,-0.359799506,-1.519401377,-0.759087603,0.79161053,0.167180503,-0.259399468,0.053381282,-0.19661855,0.908321869,-0.511518027,-0.729446154,-0.029176613,-0.430327782,-0.012086274,0.080317898,0.54010667,0.034934173,8.93,0
391,-0.829932199,0.430250426,1.303707673,1.040559371,0.822209791,0.844830135,0.589865275,0.045790744,-0.14864457,0.310522867,0.178932311,-0.314635572,-1.510059288,0.182331208,-0.157713527,-0.783954374,0.037390761,0.242676949,1.442092948,-0.058815781,-0.075178971,0.096038166,-0.139414587,-0.859739201,0.12123541,-0.204961889,-0.292247194,-0.058995507,27.7,0
392,-2.153490865,0.104020929,1.459531502,-1.613283866,-1.071360619,0.192161,-0.332747788,0.462717462,-0.209569474,0.237995866,-1.636991145,-0.145006279,1.194627939,-1.276750664,-1.228846054,1.18370927,0.20108789,-1.323823626,0.676053147,0.227422002,-0.101936789,0.096734514,-0.490325275,-0.392662347,0.608577595,-0.33838167,-0.352131899,-0.422725982,82.29,0
394,1.293053468,0.457969173,-1.940450108,0.173148862,2.609569767,3.014117069,-0.269414758,0.754420441,-0.221009097,-0.62079986,0.348748433,-0.296104948,-0.118735703,-1.192582007,1.278393499,0.923267817,0.39537938,1.039037697,-0.252923896,0.025020076,-0.121125632,-0.427753296,-0.159335695,0.857134711,0.850054899,-0.311685063,0.037536213,0.05061751,1.0,0
394,-0.553092103,1.667590646,-0.047357427,0.514248893,0.589388488,-0.635410523,1.126610867,-0.311882321,0.035247126,1.704936035,1.112336066,0.616777458,0.217651195,0.093269229,0.051643168,-0.471139993,-0.700957698,0.351665713,0.709548658,0.577734173,-0.033536548,0.687658355,-0.076693086,0.014809587,-0.590713382,-0.482998413,0.137717309,-0.334914691,1.55,0
399,1.091665919,0.068682113,1.230333669,2.554473864,-0.454168675,0.915781114,-0.701016276,0.396866275,0.307570666,0.475235006,-1.410624843,-0.5085941,-0.970955818,-0.199104865,0.110452475,0.541795553,-0.274024077,-0.333302285,-0.990731674,-0.216637938,-0.098439506,-0.178428152,0.007277001,-0.504025229,0.25597448,0.0222133,0.048714448,0.027056733,15.19,0
402,-0.160626024,-0.064459272,2.531072429,-1.328267897,-0.970429962,0.1850305,-0.380184274,0.078119057,1.775956234,-1.242314803,-0.36495383,0.435456871,0.03950152,-0.760588289,1.701604126,-1.23341667,0.497776404,0.194699718,1.43068505,0.130322208,0.262123747,1.340696247,-0.253860032,0.178600525,-0.49112106,0.244971998,0.07482909,-0.069923636,0.01,0
403,1.237412804,0.51236483,0.68774556,1.693872394,-0.236322622,-0.65023174,0.118066209,-0.230545316,-0.808522532,0.511283784,-0.178158848,0.762909091,1.700923261,-0.133860624,0.402417753,0.684668257,-0.609395282,-0.704276523,-0.720725513,-0.006716199,-0.077543048,-0.178219658,0.03872219,0.47121815,0.289248688,0.87180308,-0.066883865,0.012986379,0.0,0
403,0.699598576,-2.631727446,0.661576193,-0.70725367,-2.260999627,0.360969495,-1.069656313,-0.053544101,-0.833646959,0.915354738,-1.527099037,-0.013669035,1.594933946,-1.467208744,-1.417228304,-0.877217761,0.893238358,0.035657718,0.248351812,0.54091187,0.04988157,0.068132256,-0.499373166,-0.028742689,0.460852497,-0.003403139,0.020448698,0.092993878,411.88,0
403,1.131541305,-0.174361327,0.9926215,0.600032005,-1.021934205,-0.644778975,-0.428619437,-0.032070613,0.516317803,-0.118985161,-0.366030395,0.116521248,0.051908354,0.014390841,1.424916679,0.672573973,-0.563922581,0.031697566,-0.385113764,0.006618851,0.022068346,-0.031149484,0.022845481,0.414590995,0.129934943,0.387227991,-0.016423479,0.034254727,52.4,0
403,1.08521407,-0.228463564,0.774502959,1.379281622,-0.469899988,0.765730748,-0.589283517,0.426976106,0.865987344,-0.043911176,0.285295859,0.427668007,-1.776336473,0.092020867,-1.210169033,-0.452907276,0.155038459,-0.094429241,0.168118712,-0.262478353,-0.069034668,0.049994854,-0.111814083,-0.319641705,0.57409203,-0.250481687,0.05751707,0.006986077,15.0,0
405,-0.844953413,1.396043654,1.325803627,0.503092093,0.005609212,-0.727816054,0.692731867,0.251971712,-1.442764248,-0.447368654,-0.643129261,0.631724159,1.567940373,0.044909739,-0.50405649,1.075011647,-0.821382487,-0.58549476,-1.584579958,-0.146557732,0.096803633,0.069220604,0.025521572,0.450555651,-0.402727525,0.607588239,-0.091073522,0.080906059,27.13,0
406,-2.312226542,1.951992011,-1.609850732,3.997905588,-0.522187865,-1.426545319,-2.537387306,1.391657248,-2.770089277,-2.772272145,3.202033207,-2.899907388,-0.595221881,-4.289253782,0.38972412,-1.14074718,-2.830055675,-0.016822468,0.416955705,0.126910559,0.517232371,-0.035049369,-0.465211076,0.320198199,0.044519167,0.177839798,0.261145003,-0.143275875,0.0,1
406,-1.645008604,-2.090799133,1.592566836,-1.38885259,1.732899192,-1.631058781,-0.922859376,0.01381445,1.760777056,-1.270164278,-1.401053239,0.35601814,0.191579696,-0.473274886,0.707895259,-0.179083043,-0.816905117,0.631246543,0.309446502,0.564245803,0.248155008,0.415496484,0.293293937,-0.463425038,-0.40517536,-0.92410328,0.00658569,0.018683011,46.68,0
409,-0.544922216,0.595407358,1.813260912,-1.344669741,0.016864248,-0.601397515,0.660875856,-0.058977945,0.317033236,-0.523190104,-0.386483889,-0.716843483,-1.307211536,0.018265901,0.926463709,0.282247864,-0.427226014,-0.671667526,-1.032118142,-0.016848168,-0.123047852,-0.1482281,-0.07607547,0.074036189,-0.486633189,0.724548696,0.104294235,-0.055109568,0.77,0
410,-1.086133382,-0.704547684,2.329021447,-0.885715003,0.617676503,0.478894182,-0.267414204,0.354041934,0.55899942,-0.788077564,1.237452121,1.360272639,0.170853649,-0.697620981,-1.203923586,-0.465259959,0.055994497,-1.002349557,-0.56523185,0.188552303,0.021119016,0.213191885,0.186858112,-0.207543079,-0.701079924,0.737603266,-0.093268712,-0.085372364,39.77,0
410,-0.355220827,1.155881754,1.311865013,0.061944508,0.114206664,-0.99021983,0.728194679,-0.105630282,-0.486183264,-0.525351236,-0.105192898,0.254165456,0.739546366,-0.552004757,0.826427402,0.35204444,-0.02614055,-0.215280013,-0.094709737,0.155327646,-0.255802994,-0.639619013,-0.022675556,0.351456338,-0.139463857,0.069852311,0.249579983,0.099987894,0.89,0
411,0.238849265,0.241701892,0.369160517,-2.124041227,-0.172507582,-0.838344862,0.183133473,-0.92144925,0.517945477,-1.215037849,1.9202565,1.44127412,-0.222390941,0.769624358,0.665069189,-0.776718204,-0.036660169,-0.352461245,0.241211829,-0.268390117,0.846543762,0.047365248,-0.162209812,0.284052803,0.773004322,-0.034858476,0.153185473,0.207923528,10.0,0
413,-1.075652175,1.101232991,0.579164114,-0.459366284,0.600010666,0.160926509,0.573487885,0.274772969,-0.581368053,0.12171064,0.189099244,0.888804485,1.489960834,0.064827651,0.078677511,0.687699053,-1.156900635,0.62039466,0.704515543,0.372269475,-0.074954396,-0.016217655,-0.267397471,-0.982177376,-0.009294411,0.266081186,0.158421273,-0.059167789,40.0,0
414,-0.376162266,0.460564985,1.686272992,1.30037893,0.192392512,0.205984515,0.55436679,0.095976987,-0.210761006,0.143518094,0.969152548,-0.299821115,-2.401077746,0.480956261,-0.247237245,-1.058838372,0.470259235,9.22e-05,0.97722597,0.010520607,0.030857721,0.301531822,-0.072866985,0.178562454,-0.344147633,-0.301680946,-7.11e-05,-0.083202228,29.99,0
415,-0.687157827,0.886271167,1.805077014,1.33774152,1.027125895,-0.517470018,1.09107076,-0.154526378,-1.510994081,0.415641812,1.111937344,0.469677319,-0.03315868,0.241555373,-1.008202986,0.913401027,-1.203573602,-0.274804001,-1.014585088,0.021980157,-0.330226302,-1.116934457,0.21204245,0.224770487,-0.648440632,-0.757446555,-0.085293741,-0.067073619,24.02,0
417,-2.680347808,1.872051952,1.144711752,-0.693663602,0.155171669,0.601324582,0.904200896,-0.520078914,3.013065109,3.555694548,-0.900036654,-0.527338232,-0.287792125,-2.011326604,0.485905617,-0.710475503,-0.637226752,-0.433060051,-0.218876517,1.483876685,-0.459591663,0.485420984,-0.365436576,-0.744117583,0.328654644,0.457695263,0.566152475,0.16824104,29.99,0
421,1.166912908,-0.023366852,0.624394005,0.781790994,-0.655556509,-0.516613674,-0.158570236,0.033648116,0.287207004,-0.007955633,1.108448051,0.888833105,-0.79916611,0.268056441,-0.855117913,-0.11493611,-0.107878796,-0.205175062,0.434435323,-0.148654803,-0.172050074,-0.390215268,0.030233312,0.562816175,0.373739791,0.24042808,-0.030838517,0.004149227,10.69,0
422,-0.792748252,-0.554385047,1.698544392,-3.774039106,0.005128985,-0.353166296,0.362088897,0.044960964,1.96838823,-2.24579757,1.034872724,1.433987601,-0.047105117,-0.383137264,-0.047074844,-0.41072567,-0.872547678,0.520402037,-0.534329523,-0.003959381,0.325067431,1.155921061,-0.171941329,-0.268315352,0.005260925,-1.0214705,0.014805688,-0.077788979,60.92,0
423,1.161123361,0.654049832,0.211965676,2.521864464,0.156581564,-0.58346052,0.442846699,-0.120914394,-0.959400586,0.715869481,-0.155990226,-0.354074282,-0.917180464,0.727635502,0.521758013,-0.021360119,-0.033509525,-0.958702429,-1.363450555,-0.258545519,0.025278231,0.046085116,-0.025789304,0.377011773,0.585969722,0.080867982,-0.028148258,0.008323383,3.75,0
425,-0.367058186,1.035851243,1.108064492,-0.065458503,0.366305902,-0.322658467,0.596340239,0.109671602,-0.318671089,-0.543920665,-0.373580024,-0.304509058,-0.200768918,-0.349963399,1.212177704,0.211685137,0.177026862,-0.42545461,-0.311541957,0.073949915,-0.262880963,-0.671306969,-0.022586639,-0.347484866,-0.197109969,0.125082546,0.258795723,0.090689242,3.59,0
426,-0.42412602,0.943261997,1.133353827,-0.16633779,0.387243438,-0.030381616,0.466044813,0.275040959,-0.527931832,-0.364996705,1.294315627,0.212521564,-0.633655364,-0.082418374,0.547718126,0.415066881,-0.042596778,0.102803553,-0.031698784,0.068551247,-0.211157825,-0.582126077,-0.021226912,-0.379103827,-0.241854063,0.106795711,0.25181094,0.080462097,4.95,0
427,-0.856567135,0.842155882,1.716676851,-0.016177614,1.054485807,-0.440337635,1.463573681,-0.378756841,-0.72854399,0.042131551,1.471733216,-0.206399494,-1.690500706,0.476756136,-0.136423983,-0.318364953,-0.551950933,-0.188745626,-0.857467542,-0.101960461,0.049031994,0.297740764,-0.45650152,0.197724181,0.610523208,-0.420531463,-0.458258405,-0.381306159,12.98,0
427,0.173200432,-1.823346056,0.307208485,1.342690667,-1.358110718,-0.136943694,0.355662815,-0.159310859,0.854919118,-0.581898525,-0.898873063,0.847338394,0.40789131,-0.449137192,-0.873602374,-0.431307453,0.249964709,-0.582009346,0.18821947,0.986324948,0.182255069,-0.32755542,-0.536358775,0.507572679,0.33185285,0.469279934,-0.102721495,0.106900915,539.17,0
427,0.823787878,-0.90293787,0.107280278,0.384450769,-0.790004777,-0.431548625,0.114446844,-0.124467348,0.706185473,-0.384983592,-1.131253792,0.000949819,-0.488193049,-0.002213075,0.032372688,0.036773355,-0.054470416,-0.587653422,0.538507235,0.38066862,-0.203972475,-0.99555778,-0.17350876,-0.063200034,0.180528534,0.848548453,-0.115665774,0.041673607,246.96,0
430,-1.860257692,-0.62985892,0.966570448,0.844632076,0.759982662,-1.481172903,-0.509681452,0.540722085,-0.733623388,-0.371621504,0.859741162,0.37260884,-1.240184766,0.998391329,-0.346387125,-0.391678583,0.348289432,0.282124766,1.165893165,0.320449625,0.268027796,0.125515236,-0.225028535,0.586664443,-0.031598082,0.570168024,-0.043007486,-0.22373948,0.0,0
430,-1.647247746,1.627046142,0.828098227,-1.1927085,-1.218393734,-1.547978485,-0.063064613,0.635640649,0.564944973,0.052423213,-0.250582869,0.020229954,-0.763352979,0.314848222,0.556575,0.626996539,-0.248345466,-0.452638236,-1.053111298,0.179014465,-0.136867795,-0.28538551,0.149182494,0.924094791,-0.176509163,0.68228663,0.072508199,-0.095067418,2.31,0
430,1.331282331,-0.460775041,0.201621104,-0.582847533,-0.81535767,-0.863856547,-0.272425285,-0.228813916,-1.194788866,0.710580257,1.571596524,0.833851266,0.95213481,-0.198454513,-1.062829114,0.613136796,0.385393201,-1.362581492,1.013423236,0.157204637,0.23953179,0.71803022,-0.181652195,0.617561424,0.760130741,-0.10063481,-0.009469163,0.001406803,30.0,0
433,-0.579830914,0.885570271,0.730110833,0.756646788,0.636427471,-0.455796708,0.825371405,-0.18867795,-0.873479111,0.23043449,0.987815811,0.806197026,0.571751968,0.423297097,0.122798032,-0.194667422,-0.56677727,0.475025433,0.917322067,-0.034864267,0.178555191,0.511952382,-0.129812901,0.031972454,-0.460444847,-0.435318666,-0.073063624,0.246336306,34.27,0
433,-0.599758604,1.383107191,2.381260976,2.686183467,0.317046871,0.801453202,0.591630122,0.000285357,-1.259087701,1.079903301,0.815402136,0.737496336,0.850838951,-0.390576719,-0.577268174,-0.330645231,-0.110746786,0.139604956,1.655321917,0.415558732,-0.268742788,-0.388862766,-0.273141128,0.006995314,0.144277051,0.08108178,0.041199166,-0.081264545,5.31,0
436,-0.850529095,0.963376439,1.654452912,-0.592041267,0.534175225,-0.138949774,0.939026909,-0.096405276,-0.246999586,-0.943910193,-1.448698407,0.4421613,1.047694529,-0.529840329,-0.914963304,0.098948763,-0.605293696,-0.502668144,-0.086856634,-0.048379612,-0.210380992,-0.516509859,-0.400127241,-0.406340102,0.621243758,0.201346627,-0.135414591,0.046319666,15.8,0
438,1.287086796,-0.392364105,0.513359804,-1.237321915,-0.402555693,0.474908019,-0.793082017,0.146590333,1.676342149,-1.089981154,-1.053329656,0.91300034,1.741552097,-0.418637364,2.45109142,0.102132451,-0.824644922,0.58823897,0.278219131,0.015737001,0.220590211,0.90136048,-0.276483934,-1.249997022,0.646934733,-0.440129994,0.127178484,0.027224189,8.49,0
439,1.258777739,-0.05931276,0.314051845,-0.111066733,-0.503006121,-0.704088585,-0.156473113,-0.051543718,0.369291887,-0.210175904,-0.133846325,-0.131048188,-0.720066615,0.423255175,1.475941727,0.000962489,0.020428459,-0.848828048,-0.281283414,-0.156057415,-0.092730012,-0.249495726,0.086933661,0.12484758,0.141428628,0.992693407,-0.072255526,-0.001742516,0.77,0
441,-0.42133565,0.84537344,-0.18005264,-1.194077184,2.737800401,3.293114329,0.375298829,0.66092351,-0.31958809,-0.128709364,0.041619202,-0.436775846,-0.108979575,-0.467947208,1.084601233,0.583542647,-0.600490434,0.313820307,0.321886397,0.278626157,-0.309462385,-0.836050684,-0.053805028,0.940154624,-0.395774107,-0.006256453,0.060371028,-0.013897008,9.27,0
442,-0.627616604,0.841973755,0.840727941,-1.351059291,0.182650198,-0.484541136,0.465109911,0.181787935,-0.074016234,-0.774766938,-0.766203498,-0.093228403,-0.021442939,0.156260711,0.677262209,0.382874055,-0.470945218,-0.710725214,-0.847331912,-0.215993808,-0.022654182,-0.101469263,-0.083594161,-0.387957909,-0.298916136,0.771189614,-0.467112727,-0.27108443,2.23,0
442,-0.753360379,0.547357465,0.632549899,-1.728279505,0.937092114,-1.065110962,1.511596058,-0.279074252,-0.59172695,-1.132870047,-1.179867508,0.086923349,0.617976648,0.102907426,-0.502361524,0.794452668,-1.164664857,-0.795370991,-1.004457978,0.03288824,-0.266659525,-1.073148848,0.092292015,-0.437549393,-0.146386702,0.387433541,-0.061505403,0.110388389,77.98,0
443,-0.644711517,0.662711243,1.488930928,1.299352823,0.091519045,0.195377108,0.469805056,0.298435643,-0.419327882,0.07456165,1.085808305,0.382069663,-1.267782589,0.436118868,-0.380324824,-1.033240502,0.511542983,-0.109313136,0.93478034,0.198551247,0.054275661,0.326933084,-0.008161645,0.203423703,-0.159352493,-0.250927873,0.400739683,0.199969778,46.77,0
446,-1.146102836,1.350273691,0.907209139,-0.04068157,-0.242920133,-1.099858709,0.579042123,0.045618994,0.460784208,0.470424806,-0.441126779,-1.002299372,-1.659976773,-0.291488592,1.150417251,0.418426911,0.07717557,0.031448108,-0.158770183,0.331215629,-0.396946751,-0.895759266,0.09968586,0.275642594,-0.045217211,0.095849025,0.563119358,0.307944726,17.99,0
446,1.063317136,-0.795950552,1.268758719,0.646969513,-1.420886231,0.438476165,-1.104652827,0.370816662,-0.492432437,0.848072167,1.015804719,0.331884964,-0.849556126,0.083997348,0.081860961,-1.301215728,0.009884154,1.505688522,-1.319173115,-0.520121074,-0.272118839,-0.356985567,0.093598869,0.157000597,0.082894975,-0.399380833,0.087401897,0.039421401,64.0,0
449,-0.856525101,0.583290076,1.389013774,-0.344699052,0.267594321,-0.951375413,0.523116935,-0.049229333,-0.076944017,-0.405757624,-0.161189306,-0.225299018,-0.912194069,0.300952261,0.654658694,0.107401491,-0.281286183,-0.889231512,-1.184941297,-0.330847383,-0.056911357,-0.309940139,0.167010356,0.359246439,-0.969651014,-0.185793258,-0.136897052,0.233671762,10.2,0
450,1.216890712,-0.735671037,0.236358303,-0.579814425,-1.178603901,-0.930514021,-0.386017988,-0.12091676,-1.081758579,0.861883865,1.226286669,0.108625445,-0.70968429,0.555629175,0.237259097,-1.142885149,-0.138678041,1.424469718,-0.56154043,-0.39237971,-0.291514097,-0.586820189,0.009280151,0.557000498,0.163172877,1.005773654,-0.087848084,0.006504099,75.65,0
454,-3.133891294,2.887394236,2.178689733,-1.576534657,1.434509971,-0.68731266,3.816056391,-3.416915097,5.459274358,8.82175647,1.55804896,-1.138601357,0.010142968,-4.644308205,1.584559708,-1.564508262,-2.276041307,-1.147679531,-0.46440866,3.585627796,-1.659610479,-0.498517565,-0.476667639,0.302196385,0.299992714,-0.359154857,-0.958818038,-2.735622762,9.65,0
455,1.179162173,0.2053271,0.704970594,0.697812464,-0.566141305,-0.830944299,-0.013823924,-0.093148378,0.026188575,-0.106550027,0.457637827,0.555107409,0.060747017,0.32774635,1.260356312,-0.138325278,0.057051161,-1.147650132,-0.677127622,-0.15095067,-0.196311623,-0.543614542,0.233358607,0.597346018,0.068705699,0.091725263,-0.012834438,0.020737611,1.98,0
457,-0.942972866,1.812574711,2.112754065,2.211790554,-0.067564928,-0.614475549,0.775533394,-0.078298947,-1.276690048,0.939465827,0.083359478,0.227234266,0.785360667,-0.040083941,0.63405063,0.157938998,-0.24090146,-0.522261219,-0.329442624,0.295910351,-0.181811665,-0.44111449,0.004497504,0.881531875,-0.169524571,-0.213305191,0.313371275,0.246707317,2.72,0
458,1.217092392,-0.185347265,-0.34300089,0.087359307,1.584355828,3.849896526,-1.112153562,1.037267623,0.356591773,0.056661405,-0.222468704,0.044351756,0.19501844,0.074010527,1.587307649,1.008702851,-1.214905223,0.796282988,-0.344376814,0.024228166,0.070683009,0.083822415,-0.055255529,0.995397594,0.50206238,-0.332054748,0.065467667,0.03540578,13.0,0
459,1.294157337,1.132084249,-2.148605138,1.230031072,1.447894134,-0.767675509,0.575634926,-0.094475277,-0.454617146,-1.349215388,1.145807179,-0.796739007,-1.050166154,-3.050235203,0.58474349,1.671186056,2.032407806,2.394429078,-0.038914198,-0.046194244,-0.257463477,-0.726439533,-0.374827804,-1.358994478,0.968891686,-0.225583933,0.027084276,0.071322311,2.99,0
460,-2.264656301,-0.707191615,1.080243049,-4.657545034,-0.157183324,-0.345405706,0.595041997,-0.386703989,2.211140803,0.788945963,1.596412601,0.695610086,-0.871538803,-1.010868325,0.152614496,-2.737035832,-0.355965951,0.88608637,-1.677695254,-0.164657857,-0.632026824,0.222079406,-0.18941168,-0.332602695,0.05019678,-1.168869913,-0.208793147,-0.486754121,50.78,0
460,-0.73572277,1.280291154,1.113868261,1.09077388,0.565824826,0.615339416,0.572713029,0.203275028,-0.613854115,-0.303758092,-1.151570192,0.730029658,1.556613618,-0.238002272,0.151024185,-1.01377739,0.321403185,-0.586643603,1.096323221,0.076541375,-0.043853841,0.188160609,-0.345302617,-0.708607128,0.270183143,-0.182807671,-0.26098737,-0.185368182,13.49,0
460,-2.4002607,-1.383753644,1.61015057,-2.452648773,-0.592391692,-0.041593492,-0.554246548,0.090479125,-1.85285952,1.689143393,1.006714441,-0.585982253,0.456055352,-0.726728834,0.023941397,0.067992058,-0.031857859,0.496252941,-0.80427288,-0.69353715,-0.223479925,0.484415963,0.31886613,-0.326228443,0.587977512,-0.126953962,0.123829712,0.485188936,79.0,0
460,1.314054294,0.433171282,-0.57755944,0.71588293,0.683582921,-0.194720003,0.442209993,-0.147778558,-0.495027382,0.208417814,0.333679068,0.647474311,0.356898009,0.642853586,0.040678848,0.308790814,-1.001506329,0.476711848,0.474566499,-0.088304634,-0.018595585,-0.016908607,-0.306040157,-0.810191174,0.986071782,-0.242415946,-0.011942811,-0.010326537,2.85,0
462,-1.113781289,0.117378054,2.090359902,0.473339799,0.489379331,-0.993792816,0.038140211,0.145453364,-0.851287662,-0.192764693,1.409528512,0.245435625,-0.811979434,0.628821405,0.685018177,0.087970411,-0.22293937,0.297347724,0.996707629,0.262599193,-0.075002661,-0.588687267,0.044266085,0.505592909,-0.012213639,0.200640558,-0.012297068,0.079744123,13.99,0
463,1.298897892,-1.050674022,-0.301586977,-2.69813978,-1.081624634,-0.983307404,-0.365930904,-0.099131876,0.618335314,-0.6053252,1.459085962,1.006454038,-0.967427948,0.627581673,0.558909649,-3.139268621,0.712542621,1.216327746,0.454500205,-0.551491346,-0.270855184,-0.123873743,-0.113169549,0.224145516,0.729243003,-0.658223899,0.073129623,0.006890069,37.57,0
464,1.157235446,0.138019292,0.384987397,1.403600429,-0.222511764,-0.197942681,0.01826416,0.029727005,0.412465804,-0.10270866,-0.673820287,0.101237715,-0.936231549,0.226935914,-0.005099422,-0.684869024,0.309748288,-0.87860907,-0.36341697,-0.234542568,-0.108899722,-0.124280543,-0.055454111,0.072990089,0.634637765,-0.310493292,0.033930603,0.014936892,11.99,0
464,-0.839472782,1.349968467,0.478163335,0.507629155,0.539551233,0.430460613,0.237863643,0.58988293,-0.89651454,-0.012142665,0.550147651,0.73439634,0.52869876,0.681578958,0.563012069,-0.082055856,-0.344145646,0.417524179,0.665014045,0.019276227,0.186384293,0.583830371,-0.137196816,-0.836186213,-0.138521526,-0.259281737,0.18176047,0.130868077,1.48,0
465,1.263769328,-0.19775484,0.326901206,0.274103867,-0.476462137,-0.117241343,-0.334771047,0.004087947,-1.414381863,0.931604672,1.387892627,0.951115872,0.721499344,0.355295337,0.25961425,-1.576724207,-0.172808125,1.172854245,-1.205054885,-0.530571337,-0.247242553,-0.177196558,-0.009728887,-0.011025971,0.491120281,-0.315903631,0.055419392,0.013076089,7.69,0
471,1.377497103,-0.662564629,-0.13014904,-0.562680169,-0.832895167,-0.910753853,-0.327043249,-0.201708727,-0.523052865,0.606910644,-1.054682151,-1.360771315,-1.342495781,0.06881174,-0.045773648,0.70045689,0.573050558,-1.365161364,0.947649981,0.042620403,0.133023466,0.287920729,-0.224324758,0.052895872,0.775264862,-0.042444942,-0.026106799,0.003801333,48.0,0
472,1.017054969,-0.185048783,1.181666067,1.073490204,-0.550586426,0.971826768,-0.806451931,0.484792244,0.517268097,-0.060123955,1.446990443,1.19801346,-0.070890784,0.006577366,0.432215271,-0.149872874,-0.090841394,-0.195277245,-0.870040664,-0.164292863,0.239286567,0.875847991,-0.053457579,-0.269918491,0.328906924,-0.217332072,0.096207619,0.020796223,17.57,0
472,-3.043540624,-3.157307121,1.08846278,2.288643618,1.35980513,-1.064822523,0.325574266,-0.067793653,-0.270952836,-0.838586565,-0.414575448,-0.50314086,0.676501545,-1.692028933,2.000634839,0.666779696,0.599717414,1.725321007,0.28334483,2.102338793,0.661695925,0.435477209,1.375965743,-0.293803153,0.279798032,-0.145361715,-0.252773123,0.035764225,529.0,1
476,-0.867554211,-0.418633339,2.294926687,0.219869661,-0.085820323,-0.839204426,-0.724947469,0.221811954,0.423738134,-0.431875703,-0.867638465,-0.486136976,-0.799464938,-0.169084911,0.963012476,0.013252479,0.072862162,0.287711892,0.788588033,0.226694126,0.23130635,0.547469818,-0.001608179,0.461130993,-0.504833532,1.146691714,0.061651021,0.146243502,1.0,0
477,-0.347239992,1.140217971,1.28906647,0.061069658,0.03251417,-0.960933237,0.756414763,-0.091272834,-0.43972701,-0.525814954,-0.16850987,0.064780893,0.397228285,-0.484435751,0.86395074,0.37236818,-0.009786677,-0.168769864,-0.092690891,0.144061442,-0.257643018,-0.667491773,-0.005055187,0.335569218,-0.148200806,0.071064031,0.24546032,0.099186439,9.51,0
478,-0.39436394,0.962488927,1.164111305,-0.110028409,0.221215518,-0.526324365,0.505039916,0.14774288,-0.499457133,-0.311498738,1.049040936,0.055268911,-0.754753359,-0.081797714,0.312033559,0.712748003,-0.312042726,0.56845568,0.328515114,0.091281055,-0.240068779,-0.709400244,-0.051337328,-0.07123996,-0.173978438,0.077661031,0.234552587,0.083874813,1.79,0
480,1.039079055,1.158034045,-1.5551738,1.500270163,1.556148236,0.036028434,0.499064735,0.148227153,-0.603040247,-1.764475591,2.202819852,0.409272033,0.497219181,-3.39121307,2.052265129,-0.361773653,3.986288833,-0.811839159,-2.516962882,-0.135221946,-0.060671555,0.113741574,-0.049554735,-0.940147945,0.525324406,-0.188411062,0.116878405,0.087124516,0.75,0
480,-1.448818005,-1.27208958,0.08064699,-0.122034224,-1.711965979,0.611857677,3.310782329,-0.372438304,-0.716214439,-1.402868711,-0.206043729,0.570597431,1.196627248,-0.095869546,0.099640001,-0.622804499,0.239793002,-0.904960309,-0.038763651,1.612857064,0.456931043,0.223930819,1.501474196,0.121535754,0.37516593,1.08408313,-0.300846905,0.050742088,732.0,0
483,1.039673932,-0.329295605,1.073431252,1.547480277,-0.595509891,1.0909697,-0.703762628,0.511730095,1.176991531,-0.22026736,0.113149673,0.986915066,-1.375333303,-0.347843185,-2.260051576,-0.802281887,0.466460194,-0.616351615,0.591883086,-0.236055894,-0.391770227,-0.761527649,0.035646187,-0.329861818,0.399210416,-0.50425953,0.078070407,0.014682973,20.74,0
483,-0.792724453,0.946688236,2.245148851,1.167397635,-0.625404979,-0.449979152,0.157625069,0.015378797,0.26978081,-0.021303961,-0.375566786,0.478017712,0.287826285,-0.473543981,0.127463784,-0.680594038,0.223910777,0.014716509,0.365766882,0.114467314,0.223031587,0.926664762,-0.170298346,0.972432282,-0.115297629,-0.229900137,0.156609796,0.252310084,4.42,0
484,-0.928087753,0.39819407,1.74113125,0.182672744,0.966386863,-0.901003797,0.879016073,-0.156589871,-0.142117461,-0.57477527,-0.478181307,-0.426852484,-1.493425843,0.187920732,-0.282355216,-0.648149999,-0.019449062,-0.782172208,-1.194998469,-0.118283445,0.066353416,0.281377527,-0.257966139,0.385383833,0.391117133,-0.453853317,-0.104448024,-0.125765409,1.0,1
484,1.060623411,0.077500259,-0.049338106,0.546163026,0.00483098,-0.732323324,0.547011999,-0.275000086,-0.374238867,-0.176166658,0.210357696,0.977909448,1.163019415,0.304780439,0.898922363,-0.307363095,-0.032708182,-1.451617634,-0.287767944,0.127655243,-0.286497225,-0.98223856,0.080481578,0.097460479,0.217020501,0.154498542,-0.057597595,0.024726539,99.9,0
487,-0.517981178,0.723071633,1.401195581,0.772312602,0.671651331,0.847779587,0.352294216,0.224070624,-2.314242391,0.941668898,-2.194867161,-1.90623514,-0.940699258,0.306290359,0.646916346,-0.869121137,-0.422320847,1.417456475,-1.335050545,-0.517548459,-0.374926207,-0.737658506,-0.391401321,-1.42002438,0.435490847,0.192060901,0.051326607,0.052402022,7.48,0
487,0.17485732,2.035550324,-1.866660694,1.420852692,0.829644248,-1.683504947,1.014476153,-0.303887001,0.196619884,0.129235398,2.643747277,-0.317018824,-1.015285122,-3.601835731,0.517658044,0.862952773,2.556381897,1.950360851,-0.282786918,0.508856287,-0.233183524,-0.111162849,0.093547301,0.159321442,-0.414131989,-0.443439253,0.409370788,-0.042075051,8.99,0
472,-3.043540624,-3.157307121,1.08846278,2.288643618,1.35980513,-1.064822523,0.325574266,-0.067793653,-0.270952836,-0.838586565,-0.414575448,-0.50314086,0.676501545,-1.692028933,2.000634839,0.666779696,0.599717414,1.725321007,0.28334483,2.102338793,0.661695925,0.435477209,1.375965743,-0.293803153,0.279798032,-0.145361715,-0.252773123,0.035764225,529.0,1
406,-2.312226542,1.951992011,-1.609850732,3.997905588,-0.522187865,-1.426545319,-2.537387306,1.391657248,-2.770089277,-2.772272145,3.202033207,-2.899907388,-0.595221881,-4.289253782,0.38972412,-1.14074718,-2.830055675,-0.016822468,0.416955705,0.126910559,0.517232371,-0.035049369,-0.465211076,0.320198199,0.044519167,0.177839798,0.261145003,-0.143275875,0.0,1
164,0.073496706,0.55103296,0.451890424,0.114963844,0.822946501,0.251480314,0.296318524,0.139496907,-0.123050186,-0.142616897,-1.652948209,-0.908371307,-0.653478668,0.40930989,1.490617839,0.104649349,-0.402916543,-0.113269881,0.777332618,-0.043919723,-0.128758266,-0.381932362,0.151011582,-1.363967289,-1.389079168,0.075412285,0.231749598,0.230170991,0.99,1
406,-2.312226542,1.951992011,-1.609850732,3.997905588,-0.522187865,-1.426545319,-2.537387306,1.391657248,-2.770089277,-2.772272145,3.202033207,-2.899907388,-0.595221881,-4.289253782,0.38972412,-1.14074718,-2.830055675,-0.016822468,0.416955705,0.126910559,0.517232371,-0.035049369,-0.465211076,0.320198199,0.044519167,0.177839798,0.261145003,-0.143275875,0.0,1
472,-3.043540624,-3.157307121,1.08846278,2.288643618,1.35980513,-1.064822523,0.325574266,-0.067793653,-0.270952836,-0.838586565,-0.414575448,-0.50314086,0.676501545,-1.692028933,2.000634839,0.666779696,0.599717414,1.725321007,0.28334483,2.102338793,0.661695925,0.435477209,1.375965743,-0.293803153,0.279798032,-0.145361715,-0.252773123,0.035764225,529.0,1
164,0.073496706,0.55103296,0.451890424,0.114963844,0.822946501,0.251480314,0.296318524,0.139496907,-0.123050186,-0.142616897,-1.652948209,-0.908371307,-0.653478668,0.40930989,1.490617839,0.104649349,-0.402916543,-0.113269881,0.777332618,-0.043919723,-0.128758266,-0.381932362,0.151011582,-1.363967289,-1.389079168,0.075412285,0.231749598,0.230170991,0.99,1
472,-3.043540624,-3.157307121,1.08846278,2.288643618,1.35980513,-1.064822523,0.325574266,-0.067793653,-0.270952836,-0.838586565,-0.414575448,-0.50314086,0.676501545,-1.692028933,2.000634839,0.666779696,0.599717414,1.725321007,0.28334483,2.102338793,0.661695925,0.435477209,1.375965743,-0.293803153,0.279798032,-0.145361715,-0.252773123,0.035764225,529.0,1
164,0.073496706,0.55103296,0.451890424,0.114963844,0.822946501,0.251480314,0.296318524,0.139496907,-0.123050186,-0.142616897,-1.652948209,-0.908371307,-0.653478668,0.40930989,1.490617839,0.104649349,-0.402916543,-0.113269881,0.777332618,-0.043919723,-0.128758266,-0.381932362,0.151011582,-1.363967289,-1.389079168,0.075412285,0.231749598,0.230170991,0.99,1
406,-2.312226542,1.951992011,-1.609850732,3.997905588,-0.522187865,-1.426545319,-2.537387306,1.391657248,-2.770089277,-2.772272145,3.202033207,-2.899907388,-0.595221881,-4.289253782,0.38972412,-1.14074718,-2.830055675,-0.016822468,0.416955705,0.126910559,0.517232371,-0.035049369,-0.465211076,0.320198199,0.044519167,0.177839798,0.261145003,-0.143275875,0.0,1
406,-2.312226542,1.951992011,-1.609850732,3.997905588,-0.522187865,-1.426545319,-2.537387306,1.391657248,-2.770089277,-2.772272145,3.202033207,-2.899907388,-0.595221881,-4.289253782,0.38972412,-1.14074718,-2.830055675,-0.016822468,0.416955705,0.126910559,0.517232371,-0.035049369,-0.465211076,0.320198199,0.044519167,0.177839798,0.261145003,-0.143275875,0.0,1
472,-3.043540624,-3.157307121,1.08846278,2.288643618,1.35980513,-1.064822523,0.325574266,-0.067793653,-0.270952836,-0.838586565,-0.414575448,-0.50314086,0.676501545,-1.692028933,2.000634839,0.666779696,0.599717414,1.725321007,0.28334483,2.102338793,0.661695925,0.435477209,1.375965743,-0.293803153,0.279798032,-0.145361715,-0.252773123,0.035764225,529.0,1
164,0.073496706,0.55103296,0.451890424,0.114963844,0.822946501,0.251480314,0.296318524,0.139496907,-0.123050186,-0.142616897,-1.652948209,-0.908371307,-0.653478668,0.40930989,1.490617839,0.104649349,-0.402916543,-0.113269881,0.777332618,-0.043919723,-0.128758266,-0.381932362,0.151011582,-1.363967289,-1.389079168,0.075412285,0.231749598,0.230170991,0.99,1
406,-2.312226542,1.951992011,-1.609850732,3.997905588,-0.522187865,-1.426545319,-2.537387306,1.391657248,-2.770089277,-2.772272145,3.202033207,-2.899907388,-0.595221881,-4.289253782,0.38972412,-1.14074718,-2.830055675,-0.016822468,0.416955705,0.126910559,0.517232371,-0.035049369,-0.465211076,0.320198199,0.044519167,0.177839798,0.261145003,-0.143275875,0.0,1
472,-3.043540624,-3.157307121,1.08846278,2.288643618,1.35980513,-1.064822523,0.325574266,-0.067793653,-0.270952836,-0.838586565,-0.414575448,-0.50314086,0.676501545,-1.692028933,2.000634839,0.666779696,0.599717414,1.725321007,0.28334483,2.102338793,0.661695925,0.435477209,1.375965743,-0.293803153,0.279798032,-0.145361715,-0.252773123,0.035764225,529.0,1
164,0.073496706,0.55103296,0.451890424,0.114963844,0.822946501,0.251480314,0.296318524,0.139496907,-0.123050186,-0.142616897,-1.652948209,-0.908371307,-0.653478668,0.40930989,1.490617839,0.104649349,-0.402916543,-0.113269881,0.777332618,-0.043919723,-0.128758266,-0.381932362,0.151011582,-1.363967289,-1.389079168,0.075412285,0.231749598,0.230170991,0.99,1
164,0.073496706,0.55103296,0.451890424,0.114963844,0.822946501,0.251480314,0.296318524,0.139496907,-0.123050186,-0.142616897,-1.652948209,-0.908371307,-0.653478668,0.40930989,1.490617839,0.104649349,-0.402916543,-0.113269881,0.777332618,-0.043919723,-0.128758266,-0.381932362,0.151011582,-1.363967289,-1.389079168,0.075412285,0.231749598,0.230170991,0.99,1
164,0.073496706,0.55103296,0.451890424,0.114963844,0.822946501,0.251480314,0.296318524,0.139496907,-0.123050186,-0.142616897,-1.652948209,-0.908371307,-0.653478668,0.40930989,1.490617839,0.104649349,-0.402916543,-0.113269881,0.777332618,-0.043919723,-0.128758266,-0.381932362,0.151011582,-1.363967289,-1.389079168,0.075412285,0.231749598,0.230170991,0.99,1
472,-3.043540624,-3.157307121,1.08846278,2.288643618,1.35980513,-1.064822523,0.325574266,-0.067793653,-0.270952836,-0.838586565,-0.414575448,-0.50314086,0.676501545,-1.692028933,2.000634839,0.666779696,0.599717414,1.725321007,0.28334483,2.102338793,0.661695925,0.435477209,1.375965743,-0.293803153,0.279798032,-0.145361715,-0.252773123,0.035764225,529.0,1
484,-0.928087753,0.39819407,1.74113125,0.182672744,0.966386863,-0.901003797,0.879016073,-0.156589871,-0.142117461,-0.57477527,-0.478181307,-0.426852484,-1.493425843,0.187920732,-0.282355216,-0.648149999,-0.019449062,-0.782172208,-1.194998469,-0.118283445,0.066353416,0.281377527,-0.257966139,0.385383833,0.391117133,-0.453853317,-0.104448024,-0.125765409,1.0,1
472,-3.043540624,-3.157307121,1.08846278,2.288643618,1.35980513,-1.064822523,0.325574266,-0.067793653,-0.270952836,-0.838586565,-0.414575448,-0.50314086,0.676501545,-1.692028933,2.000634839,0.666779696,0.599717414,1.725321007,0.28334483,2.102338793,0.661695925,0.435477209,1.375965743,-0.293803153,0.279798032,-0.145361715,-0.252773123,0.035764225,529.0,1
472,-3.043540624,-3.157307121,1.08846278,2.288643618,1.35980513,-1.064822523,0.325574266,-0.067793653,-0.270952836,-0.838586565,-0.414575448,-0.50314086,0.676501545,-1.692028933,2.000634839,0.666779696,0.599717414,1.725321007,0.28334483,2.102338793,0.661695925,0.435477209,1.375965743,-0.293803153,0.279798032,-0.145361715,-0.252773123,0.035764225,529.0,1
484,-0.928087753,0.39819407,1.74113125,0.182672744,0.966386863,-0.901003797,0.879016073,-0.156589871,-0.142117461,-0.57477527,-0.478181307,-0.426852484,-1.493425843,0.187920732,-0.282355216,-0.648149999,-0.019449062,-0.782172208,-1.194998469,-0.118283445,0.066353416,0.281377527,-0.257966139,0.385383833,0.391117133,-0.453853317,-0.104448024,-0.125765409,1.0,1
406,-2.312226542,1.951992011,-1.609850732,3.997905588,-0.522187865,-1.426545319,-2.537387306,1.391657248,-2.770089277,-2.772272145,3.202033207,-2.899907388,-0.595221881,-4.289253782,0.38972412,-1.14074718,-2.830055675,-0.016822468,0.416955705,0.126910559,0.517232371,-0.035049369,-0.465211076,0.320198199,0.044519167,0.177839798,0.261145003,-0.143275875,0.0,1
472,-3.043540624,-3.157307121,1.08846278,2.288643618,1.35980513,-1.064822523,0.325574266,-0.067793653,-0.270952836,-0.838586565,-0.414575448,-0.50314086,0.676501545,-1.692028933,2.000634839,0.666779696,0.599717414,1.725321007,0.28334483,2.102338793,0.661695925,0.435477209,1.375965743,-0.293803153,0.279798032,-0.145361715,-0.252773123,0.035764225,529.0,1
164,0.073496706,0.55103296,0.451890424,0.114963844,0.822946501,0.251480314,0.296318524,0.139496907,-0.123050186,-0.142616897,-1.652948209,-0.908371307,-0.653478668,0.40930989,1.490617839,0.104649349,-0.402916543,-0.113269881,0.777332618,-0.043919723,-0.128758266,-0.381932362,0.151011582,-1.363967289,-1.389079168,0.075412285,0.231749598,0.230170991,0.99,1
484,-0.928087753,0.39819407,1.74113125,0.182672744,0.966386863,-0.901003797,0.879016073,-0.156589871,-0.142117461,-0.57477527,-0.478181307,-0.426852484,-1.493425843,0.187920732,-0.282355216,-0.648149999,-0.019449062,-0.782172208,-1.194998469,-0.118283445,0.066353416,0.281377527,-0.257966139,0.385383833,0.391117133,-0.453853317,-0.104448024,-0.125765409,1.0,1
164,0.073496706,0.55103296,0.451890424,0.114963844,0.822946501,0.251480314,0.296318524,0.139496907,-0.123050186,-0.142616897,-1.652948209,-0.908371307,-0.653478668,0.40930989,1.490617839,0.104649349,-0.402916543,-0.113269881,0.777332618,-0.043919723,-0.128758266,-0.381932362,0.151011582,-1.363967289,-1.389079168,0.075412285,0.231749598,0.230170991,0.99,1
484,-0.928087753,0.39819407,1.74113125,0.182672744,0.966386863,-0.901003797,0.879016073,-0.156589871,-0.142117461,-0.57477527,-0.478181307,-0.426852484,-1.493425843,0.187920732,-0.282355216,-0.648149999,-0.019449062,-0.782172208,-1.194998469,-0.118283445,0.066353416,0.281377527,-0.257966139,0.385383833,0.391117133,-0.453853317,-0.104448024,-0.125765409,1.0,1
164,0.073496706,0.55103296,0.451890424,0.114963844,0.822946501,0.251480314,0.296318524,0.139496907,-0.123050186,-0.142616897,-1.652948209,-0.908371307,-0.653478668,0.40930989,1.490617839,0.104649349,-0.402916543,-0.113269881,0.777332618,-0.043919723,-0.128758266,-0.381932362,0.151011582,-1.363967289,-1.389079168,0.075412285,0.231749598,0.230170991,0.99,1
484,-0.928087753,0.39819407,1.74113125,0.182672744,0.966386863,-0.901003797,0.879016073,-0.156589871,-0.142117461,-0.57477527,-0.478181307,-0.426852484,-1.493425843,0.187920732,-0.282355216,-0.648149999,-0.019449062,-0.782172208,-1.194998469,-0.118283445,0.066353416,0.281377527,-0.257966139,0.385383833,0.391117133,-0.453853317,-0.104448024,-0.125765409,1.0,1
164,0.073496706,0.55103296,0.451890424,0.114963844,0.822946501,0.251480314,0.296318524,0.139496907,-0.123050186,-0.142616897,-1.652948209,-0.908371307,-0.653478668,0.40930989,1.490617839,0.104649349,-0.402916543,-0.113269881,0.777332618,-0.043919723,-0.128758266,-0.381932362,0.151011582,-1.363967289,-1.389079168,0.075412285,0.231749598,0.230170991,0.99,1
406,-2.312226542,1.951992011,-1.609850732,3.997905588,-0.522187865,-1.426545319,-2.537387306,1.391657248,-2.770089277,-2.772272145,3.202033207,-2.899907388,-0.595221881,-4.289253782,0.38972412,-1.14074718,-2.830055675,-0.016822468,0.416955705,0.126910559,0.517232371,-0.035049369,-0.465211076,0.320198199,0.044519167,0.177839798,0.261145003,-0.143275875,0.0,1
472,-3.043540624,-3.157307121,1.08846278,2.288643618,1.35980513,-1.064822523,0.325574266,-0.067793653,-0.270952836,-0.838586565,-0.414575448,-0.50314086,0.676501545,-1.692028933,2.000634839,0.666779696,0.599717414,1.725321007,0.28334483,2.102338793,0.661695925,0.435477209,1.375965743,-0.293803153,0.279798032,-0.145361715,-0.252773123,0.035764225,529.0,1
406,-2.312226542,1.951992011,-1.609850732,3.997905588,-0.522187865,-1.426545319,-2.537387306,1.391657248,-2.770089277,-2.772272145,3.202033207,-2.899907388,-0.595221881,-4.289253782,0.38972412,-1.14074718,-2.830055675,-0.016822468,0.416955705,0.126910559,0.517232371,-0.035049369,-0.465211076,0.320198199,0.044519167,0.177839798,0.261145003,-0.143275875,0.0,1
484,-0.928087753,0.39819407,1.74113125,0.182672744,0.966386863,-0.901003797,0.879016073,-0.156589871,-0.142117461,-0.57477527,-0.478181307,-0.426852484,-1.493425843,0.187920732,-0.282355216,-0.648149999,-0.019449062,-0.782172208,-1.194998469,-0.118283445,0.066353416,0.281377527,-0.257966139,0.385383833,0.391117133,-0.453853317,-0.104448024,-0.125765409,1.0,1
164,0.073496706,0.55103296,0.451890424,0.114963844,0.822946501,0.251480314,0.296318524,0.139496907,-0.123050186,-0.142616897,-1.652948209,-0.908371307,-0.653478668,0.40930989,1.490617839,0.104649349,-0.402916543,-0.113269881,0.777332618,-0.043919723,-0.128758266,-0.381932362,0.151011582,-1.363967289,-1.389079168,0.075412285,0.231749598,0.230170991,0.99,1
164,0.073496706,0.55103296,0.451890424,0.114963844,0.822946501,0.251480314,0.296318524,0.139496907,-0.123050186,-0.142616897,-1.652948209,-0.908371307,-0.653478668,0.40930989,1.490617839,0.104649349,-0.402916543,-0.113269881,0.777332618,-0.043919723,-0.128758266,-0.381932362,0.151011582,-1.363967289,-1.389079168,0.075412285,0.231749598,0.230170991,0.99,1
164,0.073496706,0.55103296,0.451890424,0.114963844,0.822946501,0.251480314,0.296318524,0.139496907,-0.123050186,-0.142616897,-1.652948209,-0.908371307,-0.653478668,0.40930989,1.490617839,0.104649349,-0.402916543,-0.113269881,0.777332618,-0.043919723,-0.128758266,-0.381932362,0.151011582,-1.363967289,-1.389079168,0.075412285,0.231749598,0.230170991,0.99,1
164,0.073496706,0.55103296,0.451890424,0.114963844,0.822946501,0.251480314,0.296318524,0.139496907,-0.123050186,-0.142616897,-1.652948209,-0.908371307,-0.653478668,0.40930989,1.490617839,0.104649349,-0.402916543,-0.113269881,0.777332618,-0.043919723,-0.128758266,-0.381932362,0.151011582,-1.363967289,-1.389079168,0.075412285,0.231749598,0.230170991,0.99,1
472,-3.043540624,-3.157307121,1.08846278,2.288643618,1.35980513,-1.064822523,0.325574266,-0.067793653,-0.270952836,-0.838586565,-0.414575448,-0.50314086,0.676501545,-1.692028933,2.000634839,0.666779696,0.599717414,1.725321007,0.28334483,2.102338793,0.661695925,0.435477209,1.375965743,-0.293803153,0.279798032,-0.145361715,-0.252773123,0.035764225,529.0,1
484,-0.928087753,0.39819407,1.74113125,0.182672744,0.966386863,-0.901003797,0.879016073,-0.156589871,-0.142117461,-0.57477527,-0.478181307,-0.426852484,-1.493425843,0.187920732,-0.282355216,-0.648149999,-0.019449062,-0.782172208,-1.194998469,-0.118283445,0.066353416,0.281377527,-0.257966139,0.385383833,0.391117133,-0.453853317,-0.104448024,-0.125765409,1.0,1
406,-2.312226542,1.951992011,-1.609850732,3.997905588,-0.522187865,-1.426545319,-2.537387306,1.391657248,-2.770089277,-2.772272145,3.202033207,-2.899907388,-0.595221881,-4.289253782,0.38972412,-1.14074718,-2.830055675,-0.016822468,0.416955705,0.126910559,0.517232371,-0.035049369,-0.465211076,0.320198199,0.044519167,0.177839798,0.261145003,-0.143275875,0.0,1
484,-0.928087753,0.39819407,1.74113125,0.182672744,0.966386863,-0.901003797,0.879016073,-0.156589871,-0.142117461,-0.57477527,-0.478181307,-0.426852484,-1.493425843,0.187920732,-0.282355216,-0.648149999,-0.019449062,-0.782172208,-1.194998469,-0.118283445,0.066353416,0.281377527,-0.257966139,0.385383833,0.391117133,-0.453853317,-0.104448024,-0.125765409,1.0,1
164,0.073496706,0.55103296,0.451890424,0.114963844,0.822946501,0.251480314,0.296318524,0.139496907,-0.123050186,-0.142616897,-1.652948209,-0.908371307,-0.653478668,0.40930989,1.490617839,0.104649349,-0.402916543,-0.113269881,0.777332618,-0.043919723,-0.128758266,-0.381932362,0.151011582,-1.363967289,-1.389079168,0.075412285,0.231749598,0.230170991,0.99,1
406,-2.312226542,1.951992011,-1.609850732,3.997905588,-0.522187865,-1.426545319,-2.537387306,1.391657248,-2.770089277,-2.772272145,3.202033207,-2.899907388,-0.595221881,-4.289253782,0.38972412,-1.14074718,-2.830055675,-0.016822468,0.416955705,0.126910559,0.517232371,-0.035049369,-0.465211076,0.320198199,0.044519167,0.177839798,0.261145003,-0.143275875,0.0,1
406,-2.312226542,1.951992011,-1.609850732,3.997905588,-0.522187865,-1.426545319,-2.537387306,1.391657248,-2.770089277,-2.772272145,3.202033207,-2.899907388,-0.595221881,-4.289253782,0.38972412,-1.14074718,-2.830055675,-0.016822468,0.416955705,0.126910559,0.517232371,-0.035049369,-0.465211076,0.320198199,0.044519167,0.177839798,0.261145003,-0.143275875,0.0,1
406,-2.312226542,1.951992011,-1.609850732,3.997905588,-0.522187865,-1.426545319,-2.537387306,1.391657248,-2.770089277,-2.772272145,3.202033207,-2.899907388,-0.595221881,-4.289253782,0.38972412,-1.14074718,-2.830055675,-0.016822468,0.416955705,0.126910559,0.517232371,-0.035049369,-0.465211076,0.320198199,0.044519167,0.177839798,0.261145003,-0.143275875,0.0,1
472,-3.043540624,-3.157307121,1.08846278,2.288643618,1.35980513,-1.064822523,0.325574266,-0.067793653,-0.270952836,-0.838586565,-0.414575448,-0.50314086,0.676501545,-1.692028933,2.000634839,0.666779696,0.599717414,1.725321007,0.28334483,2.102338793,0.661695925,0.435477209,1.375965743,-0.293803153,0.279798032,-0.145361715,-0.252773123,0.035764225,529.0,1
484,-0.928087753,0.39819407,1.74113125,0.182672744,0.966386863,-0.901003797,0.879016073,-0.156589871,-0.142117461,-0.57477527,-0.478181307,-0.426852484,-1.493425843,0.187920732,-0.282355216,-0.648149999,-0.019449062,-0.782172208,-1.194998469,-0.118283445,0.066353416,0.281377527,-0.257966139,0.385383833,0.391117133,-0.453853317,-0.104448024,-0.125765409,1.0,1
164,0.073496706,0.55103296,0.451890424,0.114963844,0.822946501,0.251480314,0.296318524,0.139496907,-0.123050186,-0.142616897,-1.652948209,-0.908371307,-0.653478668,0.40930989,1.490617839,0.104649349,-0.402916543,-0.113269881,0.777332618,-0.043919723,-0.128758266,-0.381932362,0.151011582,-1.363967289,-1.389079168,0.075412285,0.231749598,0.230170991,0.99,1
406,-2.312226542,1.951992011,-1.609850732,3.997905588,-0.522187865,-1.426545319,-2.537387306,1.391657248,-2.770089277,-2.772272145,3.202033207,-2.899907388,-0.595221881,-4.289253782,0.38972412,-1.14074718,-2.830055675,-0.016822468,0.416955705,0.126910559,0.517232371,-0.035049369,-0.465211076,0.320198199,0.044519167,0.177839798,0.261145003,-0.143275875,0.0,1
406,-2.312226542,1.951992011,-1.609850732,3.997905588,-0.522187865,-1.426545319,-2.537387306,1.391657248,-2.770089277,-2.772272145,3.202033207,-2.899907388,-0.595221881,-4.289253782,0.38972412,-1.14074718,-2.830055675,-0.016822468,0.416955705,0.126910559,0.517232371,-0.035049369,-0.465211076,0.320198199,0.044519167,0.177839798,0.261145003,-0.143275875,0.0,1
484,-0.928087753,0.39819407,1.74113125,0.182672744,0.966386863,-0.901003797,0.879016073,-0.156589871,-0.142117461,-0.57477527,-0.478181307,-0.426852484,-1.493425843,0.187920732,-0.282355216,-0.648149999,-0.019449062,-0.782172208,-1.194998469,-0.118283445,0.066353416,0.281377527,-0.257966139,0.385383833,0.391117133,-0.453853317,-0.104448024,-0.125765409,1.0,1
164,0.073496706,0.55103296,0.451890424,0.114963844,0.822946501,0.251480314,0.296318524,0.139496907,-0.123050186,-0.142616897,-1.652948209,-0.908371307,-0.653478668,0.40930989,1.490617839,0.104649349,-0.402916543,-0.113269881,0.777332618,-0.043919723,-0.128758266,-0.381932362,0.151011582,-1.363967289,-1.389079168,0.075412285,0.231749598,0.230170991,0.99,1
472,-3.043540624,-3.157307121,1.08846278,2.288643618,1.35980513,-1.064822523,0.325574266,-0.067793653,-0.270952836,-0.838586565,-0.414575448,-0.50314086,0.676501545,-1.692028933,2.000634839,0.666779696,0.599717414,1.725321007,0.28334483,2.102338793,0.661695925,0.435477209,1.375965743,-0.293803153,0.279798032,-0.145361715,-0.252773123,0.035764225,529.0,1
472,-3.043540624,-3.157307121,1.08846278,2.288643618,1.35980513,-1.064822523,0.325574266,-0.067793653,-0.270952836,-0.838586565,-0.414575448,-0.50314086,0.676501545,-1.692028933,2.000634839,0.666779696,0.599717414,1.725321007,0.28334483,2.102338793,0.661695925,0.435477209,1.375965743,-0.293803153,0.279798032,-0.145361715,-0.252773123,0.035764225,529.0,1
484,-0.928087753,0.39819407,1.74113125,0.182672744,0.966386863,-0.901003797,0.879016073,-0.156589871,-0.142117461,-0.57477527,-0.478181307,-0.426852484,-1.493425843,0.187920732,-0.282355216,-0.648149999,-0.019449062,-0.782172208,-1.194998469,-0.118283445,0.066353416,0.281377527,-0.257966139,0.385383833,0.391117133,-0.453853317,-0.104448024,-0.125765409,1.0,1
472,-3.043540624,-3.157307121,1.08846278,2.288643618,1.35980513,-1.064822523,0.325574266,-0.067793653,-0.270952836,-0.838586565,-0.414575448,-0.50314086,0.676501545,-1.692028933,2.000634839,0.666779696,0.599717414,1.725321007,0.28334483,2.102338793,0.661695925,0.435477209,1.375965743,-0.293803153,0.279798032,-0.145361715,-0.252773123,0.035764225,529.0,1
484,-0.928087753,0.39819407,1.74113125,0.182672744,0.966386863,-0.901003797,0.879016073,-0.156589871,-0.142117461,-0.57477527,-0.478181307,-0.426852484,-1.493425843,0.187920732,-0.282355216,-0.648149999,-0.019449062,-0.782172208,-1.194998469,-0.118283445,0.066353416,0.281377527,-0.257966139,0.385383833,0.391117133,-0.453853317,-0.104448024,-0.125765409,1.0,1
406,-2.312226542,1.951992011,-1.609850732,3.997905588,-0.522187865,-1.426545319,-2.537387306,1.391657248,-2.770089277,-2.772272145,3.202033207,-2.899907388,-0.595221881,-4.289253782,0.38972412,-1.14074718,-2.830055675,-0.016822468,0.416955705,0.126910559,0.517232371,-0.035049369,-0.465211076,0.320198199,0.044519167,0.177839798,0.261145003,-0.143275875,0.0,1
164,0.073496706,0.55103296,0.451890424,0.114963844,0.822946501,0.251480314,0.296318524,0.139496907,-0.123050186,-0.142616897,-1.652948209,-0.908371307,-0.653478668,0.40930989,1.490617839,0.104649349,-0.402916543,-0.113269881,0.777332618,-0.043919723,-0.128758266,-0.381932362,0.151011582,-1.363967289,-1.389079168,0.075412285,0.231749598,0.230170991,0.99,1
472,-3.043540624,-3.157307121,1.08846278,2.288643618,1.35980513,-1.064822523,0.325574266,-0.067793653,-0.270952836,-0.838586565,-0.414575448,-0.50314086,0.676501545,-1.692028933,2.000634839,0.666779696,0.599717414,1.725321007,0.28334483,2.102338793,0.661695925,0.435477209,1.375965743,-0.293803153,0.279798032,-0.145361715,-0.252773123,0.035764225,529.0,1
164,0.073496706,0.55103296,0.451890424,0.114963844,0.822946501,0.251480314,0.296318524,0.139496907,-0.123050186,-0.142616897,-1.652948209,-0.908371307,-0.653478668,0.40930989,1.490617839,0.104649349,-0.402916543,-0.113269881,0.777332618,-0.043919723,-0.128758266,-0.381932362,0.151011582,-1.363967289,-1.389079168,0.075412285,0.231749598,0.230170991,0.99,1
406,-2.312226542,1.951992011,-1.609850732,3.997905588,-0.522187865,-1.426545319,-2.537387306,1.391657248,-2.770089277,-2.772272145,3.202033207,-2.899907388,-0.595221881,-4.289253782,0.38972412,-1.14074718,-2.830055675,-0.016822468,0.416955705,0.126910559,0.517232371,-0.035049369,-0.465211076,0.320198199,0.044519167,0.177839798,0.261145003,-0.143275875,0.0,1
164,0.073496706,0.55103296,0.451890424,0.114963844,0.822946501,0.251480314,0.296318524,0.139496907,-0.123050186,-0.142616897,-1.652948209,-0.908371307,-0.653478668,0.40930989,1.490617839,0.104649349,-0.402916543,-0.113269881,0.777332618,-0.043919723,-0.128758266,-0.381932362,0.151011582,-1.363967289,-1.389079168,0.075412285,0.231749598,0.230170991,0.99,1
484,-0.928087753,0.39819407,1.74113125,0.182672744,0.966386863,-0.901003797,0.879016073,-0.156589871,-0.142117461,-0.57477527,-0.478181307,-0.426852484,-1.493425843,0.187920732,-0.282355216,-0.648149999,-0.019449062,-0.782172208,-1.194998469,-0.118283445,0.066353416,0.281377527,-0.257966139,0.385383833,0.391117133,-0.453853317,-0.104448024,-0.125765409,1.0,1
484,-0.928087753,0.39819407,1.74113125,0.182672744,0.966386863,-0.901003797,0.879016073,-0.156589871,-0.142117461,-0.57477527,-0.478181307,-0.426852484,-1.493425843,0.187920732,-0.282355216,-0.648149999,-0.019449062,-0.782172208,-1.194998469,-0.118283445,0.066353416,0.281377527,-0.257966139,0.385383833,0.391117133,-0.453853317,-0.104448024,-0.125765409,1.0,1
484,-0.928087753,0.39819407,1.74113125,0.182672744,0.966386863,-0.901003797,0.879016073,-0.156589871,-0.142117461,-0.57477527,-0.478181307,-0.426852484,-1.493425843,0.187920732,-0.282355216,-0.648149999,-0.019449062,-0.782172208,-1.194998469,-0.118283445,0.066353416,0.281377527,-0.257966139,0.385383833,0.391117133,-0.453853317,-0.104448024,-0.125765409,1.0,1
164,0.073496706,0.55103296,0.451890424,0.114963844,0.822946501,0.251480314,0.296318524,0.139496907,-0.123050186,-0.142616897,-1.652948209,-0.908371307,-0.653478668,0.40930989,1.490617839,0.104649349,-0.402916543,-0.113269881,0.777332618,-0.043919723,-0.128758266,-0.381932362,0.151011582,-1.363967289,-1.389079168,0.075412285,0.231749598,0.230170991,0.99,1
406,-2.312226542,1.951992011,-1.609850732,3.997905588,-0.522187865,-1.426545319,-2.537387306,1.391657248,-2.770089277,-2.772272145,3.202033207,-2.899907388,-0.595221881,-4.289253782,0.38972412,-1.14074718,-2.830055675,-0.016822468,0.416955705,0.126910559,0.517232371,-0.035049369,-0.465211076,0.320198199,0.044519167,0.177839798,0.261145003,-0.143275875,0.0,1
406,-2.312226542,1.951992011,-1.609850732,3.997905588,-0.522187865,-1.426545319,-2.537387306,1.391657248,-2.770089277,-2.772272145,3.202033207,-2.899907388,-0.595221881,-4.289253782,0.38972412,-1.14074718,-2.830055675,-0.016822468,0.416955705,0.126910559,0.517232371,-0.035049369,-0.465211076,0.320198199,0.044519167,0.177839798,0.261145003,-0.143275875,0.0,1
484,-0.928087753,0.39819407,1.74113125,0.182672744,0.966386863,-0.901003797,0.879016073,-0.156589871,-0.142117461,-0.57477527,-0.478181307,-0.426852484,-1.493425843,0.187920732,-0.282355216,-0.648149999,-0.019449062,-0.782172208,-1.194998469,-0.118283445,0.066353416,0.281377527,-0.257966139,0.385383833,0.391117133,-0.453853317,-0.104448024,-0.125765409,1.0,1
472,-3.043540624,-3.157307121,1.08846278,2.288643618,1.35980513,-1.064822523,0.325574266,-0.067793653,-0.270952836,-0.838586565,-0.414575448,-0.50314086,0.676501545,-1.692028933,2.000634839,0.666779696,0.599717414,1.725321007,0.28334483,2.102338793,0.661695925,0.435477209,1.375965743,-0.293803153,0.279798032,-0.145361715,-0.252773123,0.035764225,529.0,1
484,-0.928087753,0.39819407,1.74113125,0.182672744,0.966386863,-0.901003797,0.879016073,-0.156589871,-0.142117461,-0.57477527,-0.478181307,-0.426852484,-1.493425843,0.187920732,-0.282355216,-0.648149999,-0.019449062,-0.782172208,-1.194998469,-0.118283445,0.066353416,0.281377527,-0.257966139,0.385383833,0.391117133,-0.453853317,-0.104448024,-0.125765409,1.0,1
472,-3.043540624,-3.157307121,1.08846278,2.288643618,1.35980513,-1.064822523,0.325574266,-0.067793653,-0.270952836,-0.838586565,-0.414575448,-0.50314086,0.676501545,-1.692028933,2.000634839,0.666779696,0.599717414,1.725321007,0.28334483,2.102338793,0.661695925,0.435477209,1.375965743,-0.293803153,0.279798032,-0.145361715,-0.252773123,0.035764225,529.0,1
484,-0.928087753,0.39819407,1.74113125,0.182672744,0.966386863,-0.901003797,0.879016073,-0.156589871,-0.142117461,-0.57477527,-0.478181307,-0.426852484,-1.493425843,0.187920732,-0.282355216,-0.648149999,-0.019449062,-0.782172208,-1.194998469,-0.118283445,0.066353416,0.281377527,-0.257966139,0.385383833,0.391117133,-0.453853317,-0.104448024,-0.125765409,1.0,1
472,-3.043540624,-3.157307121,1.08846278,2.288643618,1.35980513,-1.064822523,0.325574266,-0.067793653,-0.270952836,-0.838586565,-0.414575448,-0.50314086,0.676501545,-1.692028933,2.000634839,0.666779696,0.599717414,1.725321007,0.28334483,2.102338793,0.661695925,0.435477209,1.375965743,-0.293803153,0.279798032,-0.145361715,-0.252773123,0.035764225,529.0,1
472,-3.043540624,-3.157307121,1.08846278,2.288643618,1.35980513,-1.064822523,0.325574266,-0.067793653,-0.270952836,-0.838586565,-0.414575448,-0.50314086,0.676501545,-1.692028933,2.000634839,0.666779696,0.599717414,1.725321007,0.28334483,2.102338793,0.661695925,0.435477209,1.375965743,-0.293803153,0.279798032,-0.145361715,-0.252773123,0.035764225,529.0,1
406,-2.312226542,1.951992011,-1.609850732,3.997905588,-0.522187865,-1.426545319,-2.537387306,1.391657248,-2.770089277,-2.772272145,3.202033207,-2.899907388,-0.595221881,-4.289253782,0.38972412,-1.14074718,-2.830055675,-0.016822468,0.416955705,0.126910559,0.517232371,-0.035049369,-0.465211076,0.320198199,0.044519167,0.177839798,0.261145003,-0.143275875,0.0,1
472,-3.043540624,-3.157307121,1.08846278,2.288643618,1.35980513,-1.064822523,0.325574266,-0.067793653,-0.270952836,-0.838586565,-0.414575448,-0.50314086,0.676501545,-1.692028933,2.000634839,0.666779696,0.599717414,1.725321007,0.28334483,2.102338793,0.661695925,0.435477209,1.375965743,-0.293803153,0.279798032,-0.145361715,-0.252773123,0.035764225,529.0,1
484,-0.928087753,0.39819407,1.74113125,0.182672744,0.966386863,-0.901003797,0.879016073,-0.156589871,-0.142117461,-0.57477527,-0.478181307,-0.426852484,-1.493425843,0.187920732,-0.282355216,-0.648149999,-0.019449062,-0.782172208,-1.194998469,-0.118283445,0.066353416,0.281377527,-0.257966139,0.385383833,0.391117133,-0.453853317,-0.104448024,-0.125765409,1.0,1
406,-2.312226542,1.951992011,-1.609850732,3.997905588,-0.522187865,-1.426545319,-2.537387306,1.391657248,-2.770089277,-2.772272145,3.202033207,-2.899907388,-0.595221881,-4.289253782,0.38972412,-1.14074718,-2.830055675,-0.016822468,0.416955705,0.126910559,0.517232371,-0.035049369,-0.465211076,0.320198199,0.044519167,0.177839798,0.261145003,-0.143275875,0.0,1
472,-3.043540624,-3.157307121,1.08846278,2.288643618,1.35980513,-1.064822523,0.325574266,-0.067793653,-0.270952836,-0.838586565,-0.414575448,-0.50314086,0.676501545,-1.692028933,2.000634839,0.666779696,0.599717414,1.725321007,0.28334483,2.102338793,0.661695925,0.435477209,1.375965743,-0.293803153,0.279798032,-0.145361715,-0.252773123,0.035764225,529.0,1
164,0.073496706,0.55103296,0.451890424,0.114963844,0.822946501,0.251480314,0.296318524,0.139496907,-0.123050186,-0.142616897,-1.652948209,-0.908371307,-0.653478668,0.40930989,1.490617839,0.104649349,-0.402916543,-0.113269881,0.777332618,-0.043919723,-0.128758266,-0.381932362,0.151011582,-1.363967289,-1.389079168,0.075412285,0.231749598,0.230170991,0.99,1
472,-3.043540624,-3.157307121,1.08846278,2.288643618,1.35980513,-1.064822523,0.325574266,-0.067793653,-0.270952836,-0.838586565,-0.414575448,-0.50314086,0.676501545,-1.692028933,2.000634839,0.666779696,0.599717414,1.725321007,0.28334483,2.102338793,0.661695925,0.435477209,1.375965743,-0.293803153,0.279798032,-0.145361715,-0.252773123,0.035764225,529.0,1
406,-2.312226542,1.951992011,-1.609850732,3.997905588,-0.522187865,-1.426545319,-2.537387306,1.391657248,-2.770089277,-2.772272145,3.202033207,-2.899907388,-0.595221881,-4.289253782,0.38972412,-1.14074718,-2.830055675,-0.016822468,0.416955705,0.126910559,0.517232371,-0.035049369,-0.465211076,0.320198199,0.044519167,0.177839798,0.261145003,-0.143275875,0.0,1
484,-0.928087753,0.39819407,1.74113125,0.182672744,0.966386863,-0.901003797,0.879016073,-0.156589871,-0.142117461,-0.57477527,-0.478181307,-0.426852484,-1.493425843,0.187920732,-0.282355216,-0.648149999,-0.019449062,-0.782172208,-1.194998469,-0.118283445,0.066353416,0.281377527,-0.257966139,0.385383833,0.391117133,-0.453853317,-0.104448024,-0.125765409,1.0,1
472,-3.043540624,-3.157307121,1.08846278,2.288643618,1.35980513,-1.064822523,0.325574266,-0.067793653,-0.270952836,-0.838586565,-0.414575448,-0.50314086,0.676501545,-1.692028933,2.000634839,0.666779696,0.599717414,1.725321007,0.28334483,2.102338793,0.661695925,0.435477209,1.375965743,-0.293803153,0.279798032,-0.145361715,-0.252773123,0.035764225,529.0,1
472,-3.043540624,-3.157307121,1.08846278,2.288643618,1.35980513,-1.064822523,0.325574266,-0.067793653,-0.270952836,-0.838586565,-0.414575448,-0.50314086,0.676501545,-1.692028933,2.000634839,0.666779696,0.599717414,1.725321007,0.28334483,2.102338793,0.661695925,0.435477209,1.375965743,-0.293803153,0.279798032,-0.145361715,-0.252773123,0.035764225,529.0,1
472,-3.043540624,-3.157307121,1.08846278,2.288643618,1.35980513,-1.064822523,0.325574266,-0.067793653,-0.270952836,-0.838586565,-0.414575448,-0.50314086,0.676501545,-1.692028933,2.000634839,0.666779696,0.599717414,1.725321007,0.28334483,2.102338793,0.661695925,0.435477209,1.375965743,-0.293803153,0.279798032,-0.145361715,-0.252773123,0.035764225,529.0,1
472,-3.043540624,-3.157307121,1.08846278,2.288643618,1.35980513,-1.064822523,0.325574266,-0.067793653,-0.270952836,-0.838586565,-0.414575448,-0.50314086,0.676501545,-1.692028933,2.000634839,0.666779696,0.599717414,1.725321007,0.28334483,2.102338793,0.661695925,0.435477209,1.375965743,-0.293803153,0.279798032,-0.145361715,-0.252773123,0.035764225,529.0,1
472,-3.043540624,-3.157307121,1.08846278,2.288643618,1.35980513,-1.064822523,0.325574266,-0.067793653,-0.270952836,-0.838586565,-0.414575448,-0.50314086,0.676501545,-1.692028933,2.000634839,0.666779696,0.599717414,1.725321007,0.28334483,2.102338793,0.661695925,0.435477209,1.375965743,-0.293803153,0.279798032,-0.145361715,-0.252773123,0.035764225,529.0,1
164,0.073496706,0.55103296,0.451890424,0.114963844,0.822946501,0.251480314,0.296318524,0.139496907,-0.123050186,-0.142616897,-1.652948209,-0.908371307,-0.653478668,0.40930989,1.490617839,0.104649349,-0.402916543,-0.113269881,0.777332618,-0.043919723,-0.128758266,-0.381932362,0.151011582,-1.363967289,-1.389079168,0.075412285,0.231749598,0.230170991,0.99,1
484,-0.928087753,0.39819407,1.74113125,0.182672744,0.966386863,-0.901003797,0.879016073,-0.156589871,-0.142117461,-0.57477527,-0.478181307,-0.426852484,-1.493425843,0.187920732,-0.282355216,-0.648149999,-0.019449062,-0.782172208,-1.194998469,-0.118283445,0.066353416,0.281377527,-0.257966139,0.385383833,0.391117133,-0.453853317,-0.104448024,-0.125765409,1.0,1
472,-3.043540624,-3.157307121,1.08846278,2.288643618,1.35980513,-1.064822523,0.325574266,-0.067793653,-0.270952836,-0.838586565,-0.414575448,-0.50314086,0.676501545,-1.692028933,2.000634839,0.666779696,0.599717414,1.725321007,0.28334483,2.102338793,0.661695925,0.435477209,1.375965743,-0.293803153,0.279798032,-0.145361715,-0.252773123,0.035764225,529.0,1
484,-0.928087753,0.39819407,1.74113125,0.182672744,0.966386863,-0.901003797,0.879016073,-0.156589871,-0.142117461,-0.57477527,-0.478181307,-0.426852484,-1.493425843,0.187920732,-0.282355216,-0.648149999,-0.019449062,-0.782172208,-1.194998469,-0.118283445,0.066353416,0.281377527,-0.257966139,0.385383833,0.391117133,-0.453853317,-0.104448024,-0.125765409,1.0,1
406,-2.312226542,1.951992011,-1.609850732,3.997905588,-0.522187865,-1.426545319,-2.537387306,1.391657248,-2.770089277,-2.772272145,3.202033207,-2.899907388,-0.595221881,-4.289253782,0.38972412,-1.14074718,-2.830055675,-0.016822468,0.416955705,0.126910559,0.517232371,-0.035049369,-0.465211076,0.320198199,0.044519167,0.177839798,0.261145003,-0.143275875,0.0,1
484,-0.928087753,0.39819407,1.74113125,0.182672744,0.966386863,-0.901003797,0.879016073,-0.156589871,-0.142117461,-0.57477527,-0.478181307,-0.426852484,-1.493425843,0.187920732,-0.282355216,-0.648149999,-0.019449062,-0.782172208,-1.194998469,-0.118283445,0.066353416,0.281377527,-0.257966139,0.385383833,0.391117133,-0.453853317,-0.104448024,-0.125765409,1.0,1
484,-0.928087753,0.39819407,1.74113125,0.182672744,0.966386863,-0.901003797,0.879016073,-0.156589871,-0.142117461,-0.57477527,-0.478181307,-0.426852484,-1.493425843,0.187920732,-0.282355216,-0.648149999,-0.019449062,-0.782172208,-1.194998469,-0.118283445,0.066353416,0.281377527,-0.257966139,0.385383833,0.391117133,-0.453853317,-0.104448024,-0.125765409,1.0,1
164,0.073496706,0.55103296,0.451890424,0.114963844,0.822946501,0.251480314,0.296318524,0.139496907,-0.123050186,-0.142616897,-1.652948209,-0.908371307,-0.653478668,0.40930989,1.490617839,0.104649349,-0.402916543,-0.113269881,0.777332618,-0.043919723,-0.128758266,-0.381932362,0.151011582,-1.363967289,-1.389079168,0.075412285,0.231749598,0.230170991,0.99,1
484,-0.928087753,0.39819407,1.74113125,0.182672744,0.966386863,-0.901003797,0.879016073,-0.156589871,-0.142117461,-0.57477527,-0.478181307,-0.426852484,-1.493425843,0.187920732,-0.282355216,-0.648149999,-0.019449062,-0.782172208,-1.194998469,-0.118283445,0.066353416,0.281377527,-0.257966139,0.385383833,0.391117133,-0.453853317,-0.104448024,-0.125765409,1.0,1
406,-2.312226542,1.951992011,-1.609850732,3.997905588,-0.522187865,-1.426545319,-2.537387306,1.391657248,-2.770089277,-2.772272145,3.202033207,-2.899907388,-0.595221881,-4.289253782,0.38972412,-1.14074718,-2.830055675,-0.016822468,0.416955705,0.126910559,0.517232371,-0.035049369,-0.465211076,0.320198199,0.044519167,0.177839798,0.261145003,-0.143275875,0.0,1
484,-0.928087753,0.39819407,1.74113125,0.182672744,0.966386863,-0.901003797,0.879016073,-0.156589871,-0.142117461,-0.57477527,-0.478181307,-0.426852484,-1.493425843,0.187920732,-0.282355216,-0.648149999,-0.019449062,-0.782172208,-1.194998469,-0.118283445,0.066353416,0.281377527,-0.257966139,0.385383833,0.391117133,-0.453853317,-0.104448024,-0.125765409,1.0,1
406,-2.312226542,1.951992011,-1.609850732,3.997905588,-0.522187865,-1.426545319,-2.537387306,1.391657248,-2.770089277,-2.772272145,3.202033207,-2.899907388,-0.595221881,-4.289253782,0.38972412,-1.14074718,-2.830055675,-0.016822468,0.416955705,0.126910559,0.517232371,-0.035049369,-0.465211076,0.320198199,0.044519167,0.177839798,0.261145003,-0.143275875,0.0,1
406,-2.312226542,1.951992011,-1.609850732,3.997905588,-0.522187865,-1.426545319,-2.537387306,1.391657248,-2.770089277,-2.772272145,3.202033207,-2.899907388,-0.595221881,-4.289253782,0.38972412,-1.14074718,-2.830055675,-0.016822468,0.416955705,0.126910559,0.517232371,-0.035049369,-0.465211076,0.320198199,0.044519167,0.177839798,0.261145003,-0.143275875,0.0,1
472,-3.043540624,-3.157307121,1.08846278,2.288643618,1.35980513,-1.064822523,0.325574266,-0.067793653,-0.270952836,-0.838586565,-0.414575448,-0.50314086,0.676501545,-1.692028933,2.000634839,0.666779696,0.599717414,1.725321007,0.28334483,2.102338793,0.661695925,0.435477209,1.375965743,-0.293803153,0.279798032,-0.145361715,-0.252773123,0.035764225,529.0,1
164,0.073496706,0.55103296,0.451890424,0.114963844,0.822946501,0.251480314,0.296318524,0.139496907,-0.123050186,-0.142616897,-1.652948209,-0.908371307,-0.653478668,0.40930989,1.490617839,0.104649349,-0.402916543,-0.113269881,0.777332618,-0.043919723,-0.128758266,-0.381932362,0.151011582,-1.363967289,-1.389079168,0.075412285,0.231749598,0.230170991,0.99,1
164,0.073496706,0.55103296,0.451890424,0.114963844,0.822946501,0.251480314,0.296318524,0.139496907,-0.123050186,-0.142616897,-1.652948209,-0.908371307,-0.653478668,0.40930989,1.490617839,0.104649349,-0.402916543,-0.113269881,0.777332618,-0.043919723,-0.128758266,-0.381932362,0.151011582,-1.363967289,-1.389079168,0.075412285,0.231749598,0.230170991,0.99,1
484,-0.928087753,0.39819407,1.74113125,0.182672744,0.966386863,-0.901003797,0.879016073,-0.156589871,-0.142117461,-0.57477527,-0.478181307,-0.426852484,-1.493425843,0.187920732,-0.282355216,-0.648149999,-0.019449062,-0.782172208,-1.194998469,-0.118283445,0.066353416,0.281377527,-0.257966139,0.385383833,0.391117133,-0.453853317,-0.104448024,-0.125765409,1.0,1
484,-0.928087753,0.39819407,1.74113125,0.182672744,0.966386863,-0.901003797,0.879016073,-0.156589871,-0.142117461,-0.57477527,-0.478181307,-0.426852484,-1.493425843,0.187920732,-0.282355216,-0.648149999,-0.019449062,-0.782172208,-1.194998469,-0.118283445,0.066353416,0.281377527,-0.257966139,0.385383833,0.391117133,-0.453853317,-0.104448024,-0.125765409,1.0,1
406,-2.312226542,1.951992011,-1.609850732,3.997905588,-0.522187865,-1.426545319,-2.537387306,1.391657248,-2.770089277,-2.772272145,3.202033207,-2.899907388,-0.595221881,-4.289253782,0.38972412,-1.14074718,-2.830055675,-0.016822468,0.416955705,0.126910559,0.517232371,-0.035049369,-0.465211076,0.320198199,0.044519167,0.177839798,0.261145003,-0.143275875,0.0,1
484,-0.928087753,0.39819407,1.74113125,0.182672744,0.966386863,-0.901003797,0.879016073,-0.156589871,-0.142117461,-0.57477527,-0.478181307,-0.426852484,-1.493425843,0.187920732,-0.282355216,-0.648149999,-0.019449062,-0.782172208,-1.194998469,-0.118283445,0.066353416,0.281377527,-0.257966139,0.385383833,0.391117133,-0.453853317,-0.104448024,-0.125765409,1.0,1
484,-0.928087753,0.39819407,1.74113125,0.182672744,0.966386863,-0.901003797,0.879016073,-0.156589871,-0.142117461,-0.57477527,-0.478181307,-0.426852484,-1.493425843,0.187920732,-0.282355216,-0.648149999,-0.019449062,-0.782172208,-1.194998469,-0.118283445,0.066353416,0.281377527,-0.257966139,0.385383833,0.391117133,-0.453853317,-0.104448024,-0.125765409,1.0,1
472,-3.043540624,-3.157307121,1.08846278,2.288643618,1.35980513,-1.064822523,0.325574266,-0.067793653,-0.270952836,-0.838586565,-0.414575448,-0.50314086,0.676501545,-1.692028933,2.000634839,0.666779696,0.599717414,1.725321007,0.28334483,2.102338793,0.661695925,0.435477209,1.375965743,-0.293803153,0.279798032,-0.145361715,-0.252773123,0.035764225,529.0,1
164,0.073496706,0.55103296,0.451890424,0.114963844,0.822946501,0.251480314,0.296318524,0.139496907,-0.123050186,-0.142616897,-1.652948209,-0.908371307,-0.653478668,0.40930989,1.490617839,0.104649349,-0.402916543,-0.113269881,0.777332618,-0.043919723,-0.128758266,-0.381932362,0.151011582,-1.363967289,-1.389079168,0.075412285,0.231749598,0.230170991,0.99,1
484,-0.928087753,0.39819407,1.74113125,0.182672744,0.966386863,-0.901003797,0.879016073,-0.156589871,-0.142117461,-0.57477527,-0.478181307,-0.426852484,-1.493425843,0.187920732,-0.282355216,-0.648149999,-0.019449062,-0.782172208,-1.194998469,-0.118283445,0.066353416,0.281377527,-0.257966139,0.385383833,0.391117133,-0.453853317,-0.104448024,-0.125765409,1.0,1
