Time,V1,V2,V3,V4,V5,V6,V7,V8,V9,V10,V11,V12,V13,V14,V15,V16,V17,V18,V19,V20,V21,V22,V23,V24,V25,V26,V27,V28,Amount,Class
0,-1.359807134,-0.072781173,2.536346738,1.378155224,-0.33832077,0.462387778,0.239598554,0.098697901,0.36378697,0.090794172,-0.551599533,-0.617800856,-0.991389847,-0.311169354,1.468176972,-0.470400525,0.207971242,0.02579058,0.40399296,0.251412098,-0.018306778,0.277837576,-0.11047391,0.066928075,0.128539358,-0.189114844,0.133558377,-0.021053053,149.62,0
1,-0.966271712,-0.185226008,1.79299334,-0.863291275,-0.01030888,1.247203168,0.23760894,0.377435875,-1.387024063,-0.054951922,-0.226487264,0.178228226,0.50775687,-0.287923745,-0.631418118,-1.059647245,-0.684092786,1.965775003,-1.23262197,-0.208037781,-0.108300452,0.005273597,-0.190320519,-1.175575332,0.647376035,-0.221928844,0.062722849,0.061457629,123.5,0
2,-0.425965884,0.960523045,1.141109342,-0.16825208,0.420986881,-0.029727552,0.476200949,0.260314333,-0.568671376,-0.371407197,1.34126198,0.359893837,-0.358090653,-0.1371337,0.517616807,0.401725896,-0.058132823,0.068653149,-0.033193788,0.084967672,-0.208253515,-0.559824796,-0.026397668,-0.371426583,-0.232793817,0.105914779,0.253844225,0.081080257,3.67,0
7,-0.644269442,1.417963545,1.074380376,-0.492199018,0.948934095,0.428118463,1.120631358,-3.807864239,0.615374731,1.249376178,-0.619467796,0.291474353,1.757964214,-1.32386522,0.686132504,-0.076126999,-1.222127345,-0.35822157,0.324504731,-0.156741852,1.94346534,-1.01545471,0.05750353,-0.649709006,-0.415266566,-0.051634297,-1.206921081,-1.085339188,40.8,0
7,-0.894286082,0.286157196,-0.113192213,-0.27152613,2.66959866,3.721818061,0.370145128,0.851084443,-0.392047587,-0.410430433,-0.705116587,-0.110452262,-0.286253632,0.07435536,-0.32878305,-0.210077268,-0.499767969,0.118764861,0.570328167,0.052735669,-0.0734251,-0.268091632,-0.20423267,1.011591802,0.37320468,-0.384157308,0.011747356,0.14240433,93.2,0
9,-0.338261752,1.119593376,1.044366552,-0.222187277,0.499360806,-0.246761101,0.651583206,0.069538587,-0.736727316,-0.366845639,1.017614468,0.83638957,1.006843514,-0.443522817,0.150219101,0.739452777,-0.540979922,0.47667726,0.451772964,0.203711455,-0.246913937,-0.633752642,-0.120794084,-0.385049925,-0.069733046,0.094198834,0.246219305,0.083075649,3.68,0
11,1.069373588,0.287722129,0.828612727,2.71252043,-0.178398016,0.33754373,-0.096716862,0.115981736,-0.221082566,0.460230444,-0.773656931,0.323387245,-0.011075887,-0.178485175,-0.655564278,-0.199925171,0.124005415,-0.980496202,-0.982916082,-0.153197231,-0.036875532,0.074412403,-0.071407433,0.104743753,0.548264725,0.104094153,0.021491058,0.021293311,27.5,0
12,-2.791854766,-0.327770757,1.641750161,1.767472744,-0.136588446,0.807596468,-0.42291139,-1.907107476,0.755712908,1.151086988,0.844555471,0.792943952,0.370448093,-0.734975106,0.40679571,-0.303057624,-0.155868715,0.778265457,2.221868014,-1.582122044,1.151663048,0.222181966,1.020586204,0.028316651,-0.232746324,-0.235557218,-0.164777512,-0.030153637,58.8,0
12,-0.752417043,0.345485415,2.057322913,-1.468643298,-1.15839368,-0.077849829,-0.608581418,0.003603484,-0.436166984,0.747730827,-0.793980603,-0.770406729,1.047626997,-1.066603681,1.106953457,1.660113557,-0.279265373,-0.419994141,0.432535349,0.263450864,0.499624955,1.353650486,-0.25657328,-0.065083708,-0.039124354,-0.087086473,-0.1809975,0.129394059,15.99,0
12,1.103215435,-0.040296215,1.267332089,1.28909147,-0.735997164,0.288069163,-0.586056786,0.189379714,0.782332892,-0.267975067,-0.45031128,0.936707715,0.708380406,-0.468647288,0.354574063,-0.246634656,-0.009212378,-0.595912406,-0.575681622,-0.113910177,-0.024612006,0.196001953,0.013801654,0.103758331,0.364297541,-0.382260574,0.092809187,0.037050517,12.99,0
14,-5.401257663,-5.450147834,1.186304631,1.7362388,3.049105878,-1.763405574,-1.559737699,0.160841747,1.23308974,0.345172827,0.917229868,0.970116716,-0.266567765,-0.479129929,-0.526608503,0.472004112,-0.725480945,0.075081352,-0.406866573,-2.196848025,-0.503600329,0.984459786,2.458588576,0.042118897,-0.481630824,-0.621272014,0.39205329,0.949594246,46.8,0
15,1.492935977,-1.029345732,0.454794734,-1.43802588,-1.555434101,-0.720961147,-1.08066413,-0.053127118,-1.978681595,1.638076037,1.077542412,-0.632046515,-0.416957167,0.052010515,-0.042978923,-0.166432496,0.304241419,0.554432499,0.054229515,-0.387910173,-0.177649846,-0.175073809,0.040002219,0.295813863,0.332930599,-0.220384851,0.022298436,0.007602256,5.0,0
22,-1.946525131,-0.044900505,-0.405570068,-1.013057337,2.9419677,2.955053397,-0.063063147,0.855546309,0.0499669,0.573742508,-0.081256515,-0.215745003,0.044160628,0.033897757,1.190717675,0.578843475,-0.975667025,0.044062818,0.488602869,-0.216715254,-0.579525934,-0.799228953,0.870300215,0.983421493,0.321201133,0.149649877,0.707518836,0.014599752,0.89,0
22,-2.074294672,-0.121481799,1.32202063,0.410007514,0.295197546,-0.95953723,0.543985491,-0.104626728,0.475664018,0.149450615,-0.856566364,-0.180523156,-0.65523293,-0.279796856,-0.211667955,-0.33332061,0.010751094,-0.488472666,0.505751034,-0.386693573,-0.403639499,-0.227404004,0.742434864,0.398534855,0.249212161,0.274404274,0.359969356,0.243231672,26.43,0
23,-0.41428881,0.905437323,1.727452944,1.473471267,0.007442741,-0.200330677,0.740228319,-0.0292474,-0.593392019,-0.346188231,-0.012142188,0.786796316,0.635953883,-0.086324472,0.076803687,-1.405919334,0.775591738,-0.942888927,0.543969462,0.097307591,0.077237434,0.457330599,-0.038499725,0.642521903,-0.183891335,-0.277464019,0.182687486,0.152664645,33.0,0
23,1.059387115,-0.175319187,1.266129643,1.186109955,-0.786001753,0.578435276,-0.767084276,0.401046149,0.699499676,-0.064737556,1.048292488,1.005618365,-0.542001579,-0.039914502,-0.218683248,0.004475682,-0.193554039,0.042387962,-0.277833721,-0.178023367,0.013676294,0.21373361,0.014461849,0.00295086,0.294638015,-0.395069505,0.081461117,0.024220349,12.99,0
24,1.23742903,0.061042584,0.38052588,0.761564111,-0.35977071,-0.49408415,0.006494218,-0.13386238,0.438809737,-0.207358046,-0.929182115,0.527106061,0.348675901,-0.152535139,-0.21838563,-0.191551818,-0.116580603,-0.633790817,0.348415801,-0.066351335,-0.245682498,-0.530900256,-0.044265397,0.079168029,0.50913569,0.288857834,-0.022704982,0.011836231,17.28,0
25,1.114008595,0.08554609,0.493702487,1.335759985,-0.300188551,-0.010753783,-0.118760015,0.188616696,0.205686849,0.082262259,1.133555671,0.626699002,-1.492780392,0.520787894,-0.674592597,-0.529108242,0.158256198,-0.398751479,-0.145708909,-0.273832367,-0.05323366,-0.004760151,-0.03147017,0.198053718,0.565007313,-0.337718126,0.029057402,0.004452631,4.45,0
26,-0.529912284,0.873891581,1.347247329,0.145456677,0.414208858,0.100223094,0.711206083,0.176065957,-0.286716935,-0.484687683,0.87248959,0.85163586,-0.571745303,0.100974273,-1.519771833,-0.284375978,-0.310523585,-0.404247869,-0.823373524,-0.290347611,0.046949067,0.208104855,-0.185548347,0.00103066,0.098815701,-0.552903603,-0.073288084,0.023307045,6.14,0
26,-0.529912284,0.873891581,1.347247329,0.145456677,0.414208858,0.100223094,0.711206083,0.176065957,-0.286716935,-0.484687683,0.87248959,0.85163586,-0.571745303,0.100974273,-1.519771833,-0.284375978,-0.310523585,-0.404247869,-0.823373524,-0.290347611,0.046949067,0.208104855,-0.185548347,0.00103066,0.098815701,-0.552903603,-0.073288084,0.023307045,6.14,0
26,-0.535387763,0.865267808,1.351076288,0.147575474,0.433680212,0.086982938,0.693039311,0.179742261,-0.285641861,-0.482474471,0.87179958,0.853447435,-0.571821891,0.102252103,-1.519991203,-0.285912497,-0.309633387,-0.403901993,-0.823742994,-0.283263782,0.049525687,0.206536543,-0.18710807,0.000753014,0.098116606,-0.553470969,-0.078305502,0.025427378,1.77,0
26,-0.535387763,0.865267808,1.351076288,0.147575474,0.433680212,0.086982938,0.693039311,0.179742261,-0.285641861,-0.482474471,0.87179958,0.853447435,-0.571821891,0.102252103,-1.519991203,-0.285912497,-0.309633387,-0.403901993,-0.823742994,-0.283263782,0.049525687,0.206536543,-0.18710807,0.000753014,0.098116606,-0.553470969,-0.078305502,0.025427378,1.77,0
27,-1.452187279,1.765123739,0.611668541,1.176824984,-0.445979892,0.246826452,-0.257566156,1.092472497,-0.607524461,0.047155553,0.783726853,1.096385674,-0.268094206,0.76864804,-0.524367354,-0.808816147,0.710386067,-0.118368787,0.979287836,0.008713334,0.082279817,0.325782191,-0.069107391,0.020961997,-0.044668488,-0.243441392,0.149180325,0.120556908,1.8,0
29,0.996369532,-0.122588787,0.546819473,0.706579541,0.134559557,1.156995112,-0.294561331,0.407429099,0.337862664,-0.408150493,0.682646124,1.253719685,0.391917044,-0.037510858,0.795301519,-1.668210591,1.322994882,-2.830035229,-1.463431688,-0.20346121,-0.076301837,0.108866913,0.16223094,-0.575624048,0.109794915,0.373813367,0.050552197,0.005105559,20.53,0
29,1.110880342,0.168716771,0.51714396,1.32540692,-0.191573354,0.019503723,-0.031849108,0.11761992,0.017664721,0.044864791,1.345074799,1.286339621,-0.252267066,0.274457682,-0.810394372,-0.587005063,0.087451074,-0.550473628,-0.154749355,-0.190119711,-0.037708654,0.095701462,-0.048197647,0.232114939,0.606200749,-0.342096829,0.036769605,0.007479961,6.54,0
33,-0.607877143,1.031345078,1.740449737,1.23210555,0.41859226,0.119168119,0.850892666,-0.176267419,-0.243501348,0.14845549,-0.387003094,0.398299277,0.481916748,-0.365439093,0.235544572,-1.34781146,0.50464826,-0.798404511,0.759710307,0.254324778,-0.087329191,0.25831528,-0.264775023,0.118282367,0.173508081,-0.217041287,0.094311913,-0.033041296,14.8,0
33,-0.935731509,0.170415774,2.746261269,-1.077964912,-0.305594036,0.011577039,-0.296178451,0.40277557,-0.040471746,-0.852045976,1.552109306,0.95356103,0.415429902,-0.233899925,0.452335832,0.844368277,-0.822739086,0.338821622,-1.214234428,-0.00541945,0.401212016,1.064864254,-0.158325436,0.295505486,-0.259369648,0.754194723,0.04666377,0.093947918,9.1,0
34,1.138315566,0.05695597,0.649418965,0.873062041,-0.468466331,-0.410194552,-0.013897554,-0.072439609,0.306787909,-0.269952637,-0.002601848,1.124304216,0.744206684,-0.188353421,-0.075661963,-0.709192272,0.381219103,-1.372080174,-0.273701149,-0.078354633,-0.164222415,-0.247400539,0.059405065,0.456286465,0.361004004,0.274414146,-0.002498362,0.017108847,21.34,0
35,-1.063235679,1.418190626,1.086672863,1.2414396,0.002306126,0.045901581,0.514120897,0.241252403,-0.154499951,0.280672622,-0.531948028,0.589857529,0.555086956,-0.116357329,0.165886171,-1.237210027,0.638414233,-0.776070595,0.69280589,0.235008926,-0.05722847,0.314152998,-0.129862928,0.114283708,-0.027812477,-0.259937016,0.11875364,-0.008956298,20.22,0
36,-1.169422458,1.15831387,1.406799536,0.860188897,-0.103809889,0.12203478,0.264451377,-0.108766589,-0.181976611,0.659592649,0.45631689,-0.09776271,-0.346158686,0.210182391,2.345229333,-1.172647683,0.860018874,-1.154224266,0.858768026,-0.120560178,0.024497904,-0.120153158,0.212986045,0.087535763,-0.946529684,0.226700389,-0.810100768,0.234956581,7.99,0
37,1.295667621,0.341483451,0.081505199,0.56674607,-0.110458773,-0.766324793,0.073154903,-0.168304138,0.07183711,-0.281043994,-0.549533939,0.049093162,0.303950023,-0.316750192,1.134897205,0.635909577,-0.199763166,-0.122051064,0.004516182,-0.065983383,-0.323607229,-0.929781372,0.063808806,-0.193565115,0.287574218,0.127880985,-0.023731193,0.025199673,0.99,0
39,-0.554064565,0.215728298,0.844264629,-0.753067316,0.03484847,-0.558597248,1.090400958,-0.203873232,0.262393622,-1.35471022,-0.09487988,0.953745992,0.836964039,0.1447522,1.156609532,-1.933020943,0.741348958,-0.513609928,1.567345387,0.383282933,0.212133973,0.702337604,-0.005700602,0.147346442,0.245651952,-0.44045621,0.147130419,0.139467732,120.96,0
39,-1.330881575,0.267540227,-0.168469574,-0.701232148,3.281971526,3.216389615,-0.059394352,0.895430428,-0.017778824,-0.165753218,-0.765047306,-0.015636283,-0.35662599,-0.041200001,-0.7351031,0.030533314,-0.778067288,-0.015159683,-0.152824068,-0.113875191,-0.151042302,-0.311726353,-0.374792813,1.01488604,0.353991877,-0.510327072,0.159032671,0.228707928,13.84,0
40,1.110692004,0.081941901,0.406063037,1.290740383,-0.169813148,0.120955383,-0.080845205,0.174373085,0.152070726,0.065266723,1.02454977,0.79313718,-1.015039703,0.422995452,-0.706629551,-0.488455358,0.058531448,-0.383627226,-0.074067698,-0.2198461,-0.056023985,-0.011603086,-0.070482892,0.004345191,0.603928641,-0.327424451,0.029889689,0.004944296,13.84,0
41,1.154312117,0.265462317,0.384870524,0.57500704,-0.217475465,-0.391519648,-0.081488957,0.06278949,-0.260583324,-0.161677217,2.052927777,1.130825934,0.189484506,-0.070792612,0.619345198,0.318582897,0.090232112,-0.331450412,-0.344721213,-0.099579746,-0.193213341,-0.557685063,0.169492069,0.186862704,0.089251983,0.09362623,-0.00963264,0.019667693,2.67,0
41,1.138759336,-1.192952827,1.407130836,-0.330070103,-2.06950346,-0.242175406,-1.306635114,0.104510403,0.134628232,0.493931277,-0.895187598,-0.182695452,0.146080827,-0.586610839,0.797189022,-0.891720829,-0.079207821,1.541588494,-0.983586179,-0.299307434,-0.156198372,-0.030568777,-0.019723384,0.433752601,-0.02952146,1.141241302,-0.00861206,0.041563896,96.94,0
44,-0.899992449,0.136254782,1.88366471,-0.208996096,1.05144062,1.905241336,0.24142325,0.647630723,-0.05346625,-0.504170551,1.254598807,-0.23662919,-2.51758729,0.384573507,0.343832097,-1.370563137,0.958567982,-1.607241693,-0.64725644,-0.121725831,-0.081500218,-0.016925889,-0.147706273,-1.384620203,-0.024352091,0.412659496,-0.106776268,-0.190475773,21.55,0
44,-0.714764019,0.514968589,1.821675627,0.616433633,0.848775615,-0.111938137,1.505617082,-0.798167298,0.244756559,0.264554167,-1.108114043,-0.359860225,-0.163471395,-0.783996855,-0.367152827,-0.65311889,-0.504299997,-0.26056036,0.435251052,0.107321716,-0.220075388,-0.01784471,-0.431938292,-0.130458459,0.337158592,-0.440041535,-0.674526157,-0.473217566,59.9,0
46,-1.923213204,-0.870482324,2.320169629,1.988775801,0.417090785,-0.380013723,0.47213927,-0.557333241,-0.64907905,1.410888883,-0.517736958,-0.985201773,-0.400594745,-0.830664636,0.338009486,0.029924176,0.371150311,-1.054318672,1.890363924,-0.369227398,-0.686487767,-0.779267566,1.086055019,0.518863427,-0.363712018,3.065575697,-0.589022175,-0.396109823,35.0,0
46,1.006588583,-0.071105357,0.34761371,1.329684046,-0.193239541,0.155418221,0.00857355,0.146537701,0.103844303,0.031830025,1.070980867,0.940664826,-0.729473777,0.380114785,-0.729126305,-0.493402465,0.043555876,-0.40528965,-0.092584544,-0.091366857,-0.020238687,-0.018880624,-0.120966187,0.027381789,0.593863624,-0.334687922,0.02136801,0.015080401,67.97,0
46,-0.378244635,0.732925473,-0.120154211,0.185755072,2.594269492,3.797182651,0.059087961,0.976768278,-0.412660865,0.006753688,-0.624666242,-0.115851958,-0.215037273,0.140449403,0.160265566,-0.601890179,-0.144355315,0.221557465,1.454852162,0.315571561,-0.107581845,-0.157139517,-0.194659196,1.013897347,0.145503367,-0.237619523,0.411371737,0.202788455,11.45,0
48,-1.793406244,1.854603991,0.979513977,1.112261526,-0.206402962,-0.199545668,0.616642404,0.064180353,0.690271532,1.551723817,-0.161964842,0.424213061,0.015944401,-0.405832818,0.271930433,-1.423020649,0.676324383,-0.9110483,0.461845498,0.667846872,-0.180722526,0.23513817,-0.091441571,0.417654474,0.122733846,-0.232985041,0.811879841,0.618568312,26.72,0
49,1.098608346,0.202423564,0.525455972,1.323436272,-0.130486421,0.039924307,0.028379416,0.072841071,-0.097869352,0.019512995,1.474413321,1.689674218,0.506780523,0.125136665,-0.892709712,-0.621679133,0.044340267,-0.642093954,-0.161986891,-0.128040892,-0.024971678,0.15426426,-0.063146743,0.253205307,0.629405435,-0.345344655,0.040469338,0.01026375,13.18,0
50,-0.671708548,0.594502594,0.216415944,-0.867310639,2.966908301,3.632494874,0.563295075,0.673025597,-0.188766144,-0.404378292,-0.699710626,-0.184142609,-0.426813034,-0.183001108,-0.747731683,-0.037707579,-0.866459638,-0.00725732,-0.160432044,-0.002784334,-0.136440967,-0.300362026,-0.331691623,0.996382471,0.502469492,-0.518043048,-0.208275755,-0.116048406,14.8,0
52,1.147368927,0.059034645,0.263632341,1.211023458,-0.044095579,0.301066501,-0.132959856,0.227885136,0.252191237,0.083903938,0.645046451,0.413361748,-1.468036029,0.502861188,-0.626936023,-0.369716052,-0.03179924,-0.215342174,0.05501965,-0.255923875,-0.087813418,-0.110756407,-0.097770725,-0.323374178,0.633278881,-0.305327819,0.027394124,-0.000580465,6.67,0
52,-3.005236722,2.600138202,1.483690737,-2.418472955,0.306326407,-0.824574532,2.065425639,-1.829346589,4.009258517,6.051521351,2.572500182,0.06685074,-0.353574309,-2.837135998,0.29222688,-0.30377384,-1.942303145,-0.435449716,-0.934016115,2.456724046,-0.852308858,-0.181268484,-0.163746504,0.515820526,0.136318432,0.460053967,-0.251258638,-1.105751157,1.46,0
55,-4.575092608,-4.429183775,3.402585004,0.90391468,3.002223774,-0.491077708,-2.705393163,0.666451302,1.922216172,-0.614312027,0.384926577,1.194403452,-1.020718454,-1.246829406,-2.348673437,-0.213437533,-0.100221745,-0.406073073,-1.637572519,-0.960962934,-0.047365029,0.853359935,-0.971600429,-0.114861639,0.408300392,-0.304576466,0.547784789,-0.456296829,200.01,0
56,-0.847998366,1.04345933,1.267368892,1.13552949,0.021362103,0.336914104,0.398479743,0.317399166,-0.028657945,0.534033192,0.811280075,-0.071002868,-1.969051595,0.450006443,-0.263173073,-0.968361413,0.459253724,0.003771192,1.000716252,0.128621717,-0.024046106,0.215006397,-0.13198159,-0.007415627,-0.136578135,-0.242960778,0.382930847,0.276416936,20.22,0
59,0.921024019,-0.162446861,-0.094331367,0.474083926,-0.021485961,-0.397506307,0.482642979,-0.117495975,-0.577836031,-0.018607137,1.837579183,1.450671064,0.679743973,0.59371845,0.249734698,-0.084367221,-0.25970728,-0.89499546,-0.010373942,0.214510448,-0.209381106,-0.930107296,0.028509911,0.032682009,0.155130495,0.13325047,-0.073534231,0.022349145,149.9,0
60,1.107029377,0.216441,0.53837815,1.476397993,-0.25194192,-0.340679707,0.154091745,-0.086502546,0.144420201,-0.157374628,-0.107560298,1.066325657,0.620788367,-0.070889338,-0.203857983,-0.853479419,0.336478014,-1.179531721,-0.501729107,-0.111852536,-0.06003745,0.059884123,-0.047526366,0.443992419,0.640295759,-0.337657131,0.042108484,0.02426471,26.72,0
64,1.212510891,-0.099054296,-1.192094095,0.286323562,2.160516252,3.61631351,-0.404206898,0.842330952,0.169360421,-0.030522177,-0.541957258,0.237212015,-0.218129649,0.197436521,-0.147850246,-0.097830142,-0.510052501,-0.070939281,0.355170584,0.01477744,-0.167496337,-0.49469457,-0.149785451,1.011226555,0.883547705,-0.329433811,0.020370146,0.017037086,34.7,0
68,1.232996465,0.189453734,0.491040321,0.633672661,-0.511574424,-0.990608799,0.066240478,-0.196940299,0.075920961,-0.066059896,-0.255743257,0.255156785,0.105247333,0.284676541,1.057322113,0.315890891,-0.411940026,-0.511911581,-0.120427106,-0.077870574,-0.251566497,-0.770138762,0.125997505,0.36962737,0.205597702,0.094061594,-0.033137975,0.020990394,15.99,0
68,-0.770196383,0.483572416,1.901071779,-0.00187625,0.024244785,-1.171903182,0.666483361,-0.094602901,-0.136665622,-0.842507533,-0.408235097,0.503046645,-0.010588597,-0.200012765,-0.908689459,-0.323594882,-0.022103673,-0.796683933,-0.479505429,-0.03383089,-0.057335911,-0.155801281,0.018107802,0.941555369,-0.168581841,0.056170997,0.058979361,0.134187921,22.36,0
69,-2.220641827,1.029180718,-0.697723602,-1.268226466,2.802221028,3.322901364,0.197036005,-0.521296961,0.859596359,1.593949266,0.311202771,-0.433713474,-0.087315334,-1.108163644,1.30866895,0.521481126,-0.735664503,0.165409024,0.314515491,-0.111529834,0.110447913,-1.178463303,0.508910502,0.923385245,0.213758667,0.033506668,-0.142024761,-0.263844093,9.47,0
71,1.331897157,-0.579961843,0.422605532,-0.897751526,-0.74625421,-0.056273231,-0.750316963,0.128483934,-0.964681778,0.736391419,1.390981592,-0.008048872,-0.12942182,0.094277151,0.38881918,1.236618791,0.151535043,-1.398990322,0.672575069,0.052489101,-0.039070337,-0.255173945,0.109332683,-0.32844817,0.162253656,-0.447275875,0.020070552,0.006230543,14.48,0
73,1.162280884,1.24817825,-1.581317148,1.475024194,1.138357059,-1.020373404,0.638387286,-0.136762248,-0.805504896,-1.4440364,2.846914186,0.627549,0.387778137,-3.279054301,0.553435024,0.910634312,2.698337459,1.302963477,-0.910148786,-0.016800217,-0.124011771,-0.227149831,-0.199184934,-0.289757395,0.776243576,-0.283950225,0.056746815,0.084706456,1.0,0
73,0.925996613,-0.358098896,1.376721528,1.900768814,-1.057689863,0.301885174,-0.462266226,0.250424399,1.253958036,-0.43637143,-0.68128971,0.999980028,-0.653246385,-0.636389372,-1.702666617,-1.280355074,0.987638276,-1.478805682,-0.043612268,-0.124115455,-0.347567013,-0.676807452,0.100568222,0.595988713,0.322122079,-0.547495004,0.078786189,0.043819074,70.6,0
74,1.038370334,0.127486127,0.184455888,1.109949791,0.4416989,0.945282527,-0.036714604,0.350995,0.11894954,-0.24328924,0.578062601,0.67472982,-0.534230568,0.446601378,1.122884672,-1.768000514,1.241156963,-2.449499863,-1.747255172,-0.335519851,0.102519797,0.60508853,0.023092156,-0.626462661,0.479120272,-0.166936836,0.081246718,0.001191576,1.18,0
74,1.038370334,0.127486127,0.184455888,1.109949791,0.4416989,0.945282527,-0.036714604,0.350995,0.11894954,-0.24328924,0.578062601,0.67472982,-0.534230568,0.446601378,1.122884672,-1.768000514,1.241156963,-2.449499863,-1.747255172,-0.335519851,0.102519797,0.60508853,0.023092156,-0.626462661,0.479120272,-0.166936836,0.081246718,0.001191576,1.18,0
76,-1.024576049,0.522289106,1.787699074,0.202672107,-1.140802866,-0.137830806,-0.336555477,0.670704378,0.071670264,-0.518978194,0.687066404,0.249020266,-1.248619947,0.343492962,-0.236299743,0.528667673,-0.291314514,0.847538604,0.129468112,-0.278965958,0.315867516,0.847564794,0.148876568,0.549790591,-0.585130614,0.325840743,-0.068871446,0.059713185,50.0,0
76,-0.997175759,0.228365302,1.715339938,-0.420066767,0.560837845,0.564725048,0.84604655,0.197490821,-0.09720188,-0.439346826,1.309070777,0.859703136,-0.476390308,-0.142352494,-0.974915531,-0.606945205,0.005370971,-0.999965377,-0.774096415,0.244289448,-0.070240762,0.015444953,0.072651066,-0.272271751,-0.087681515,0.138132123,0.125901816,-0.06302232,86.43,0
77,-0.427190854,0.745708409,1.761811025,-0.165130479,0.058297688,-0.213413376,0.64732325,0.073464184,-0.291863986,0.064799525,1.527191695,-0.131505745,-1.696914001,0.48212119,0.586417588,0.034541375,-0.306278167,-0.206029884,-0.118938855,0.05282757,-0.201680708,-0.432070051,0.01316424,0.161606289,-0.401310006,0.047423416,0.102549224,-0.11657148,9.12,0
78,-0.622478372,0.014881395,1.052488736,-1.644573827,-0.538265319,-0.835528209,0.517233526,-1.105962373,-1.311740617,0.577468383,0.8946831,-0.685602969,-1.860225916,0.510701455,-0.452340475,-1.145574937,-0.323949652,1.462413019,-0.986003312,-0.756577458,0.418818886,-0.76212234,-0.098939524,0.502972747,-0.655251281,0.743419212,-0.02056809,-0.118060229,104.94,0
78,-1.760402481,0.221924153,0.579949898,-1.413194092,0.804876249,-0.353324324,0.869655641,-0.031477112,0.317739047,-0.118295038,-1.053730462,-0.296843762,0.13136414,-0.170066569,0.748794675,0.410891393,-0.749974772,-0.745597186,-0.487556885,-0.105203803,-0.403692059,-0.478169343,0.261137612,-0.903294971,-0.130708919,0.713907127,-0.028134479,-0.410876701,62.92,0
78,-0.590589254,0.235248304,2.354921509,-2.219936017,-0.246820702,-0.833337142,0.934430977,-0.670155666,1.093187038,-0.533667949,1.720074583,0.116509951,-1.289269177,-0.188769226,1.192679842,-0.519384439,-0.599534141,0.669896166,1.087592147,0.13373911,0.00621067,0.431366266,-0.441621161,0.556214073,0.16621579,-0.055005317,-0.714976037,-0.612121573,18.31,0
80,-3.007739051,0.929514494,-0.423720855,-1.39295162,0.082246782,-0.515781701,0.104713792,0.825310566,0.38545311,0.064000225,-1.293106712,0.062199943,0.271107013,0.328058801,0.724097629,0.638389444,-0.430082218,-0.723590224,-0.562830693,-0.15171423,-0.40924608,-0.588831627,0.068045089,-0.890869739,-0.047641093,0.717616985,-0.054093659,-0.424259718,39.95,0
81,1.11104797,0.215351844,0.374072564,1.150000653,-0.329767569,-0.898687822,0.309906644,-0.255277291,-0.110655139,-0.057578832,-0.217961497,0.600591209,0.686379565,0.262161286,0.922676979,0.135235272,-0.490174913,-0.392752899,-0.315464927,0.031671788,-0.132555304,-0.493866878,-0.010782184,0.380388564,0.456214181,-0.572346756,0.010981463,0.039295013,68.74,0
82,-0.888004366,0.913669852,1.146088038,0.656290499,0.677272305,-0.326210554,0.888811418,-0.34184774,-0.52384947,0.690440323,1.160793465,0.831569261,0.865075614,-0.018098143,0.328620056,-0.180815907,-0.749368972,0.55253267,0.852984405,0.142756935,0.107833277,0.661992966,-0.004713104,0.031096821,-0.140882142,-0.373698279,-0.15792148,0.07652866,5.9,0
83,-1.864989682,0.910873769,1.724862787,-1.748371149,0.578942617,-0.832531161,1.901440328,-1.913986322,2.112375125,3.014354777,2.023987839,-0.481574055,-1.390897387,-1.599749355,0.159606592,-0.056584062,-1.593881833,-0.213254062,-0.448706158,0.274876811,-0.318597399,0.073322713,-0.061693401,0.547204477,-0.466798442,0.408029598,-2.377932922,-1.255549156,7.69,0
83,-0.833200336,0.778787123,2.619236664,2.612864129,-0.51693761,0.558346006,0.316871358,0.206647109,-0.738599157,0.214340363,-0.295198868,0.100770588,0.090682626,-0.430302036,0.027497622,-0.335318928,0.378847686,-0.542428037,-0.595637215,-0.010894389,0.188711283,0.678605871,-0.133148108,0.636175834,0.309329091,0.272149947,-0.078460786,0.00734397,79.91,0
84,1.119272304,-0.669639047,0.803807372,-0.651693123,-1.395665978,-0.800698087,-0.601604892,0.014390356,2.019905427,-1.067542331,-0.672739778,0.116007769,-1.125379587,0.055688194,1.414561469,-0.396080396,-0.090654809,0.504404193,0.460238548,-0.060359767,0.16368691,0.546516454,-0.176835651,0.402555517,0.563401812,-0.534236042,0.075046569,0.042000798,67.3,0
85,-4.25759744,1.649489166,-1.591241672,-1.374316771,-1.180135992,-0.331039534,-0.117991556,1.592032179,0.415995685,0.159163277,-1.516288413,0.37406457,0.42717436,0.803874467,0.713170739,0.915793497,-0.134021723,-0.693337258,-0.63956757,-0.271984946,-0.452567807,-0.671702517,0.001422276,-0.876376518,0.07009822,0.729582299,-0.002942371,-0.481496958,124.67,0
87,-5.101877144,1.897021804,-3.458033555,-1.277542766,-5.517757922,2.098366221,3.329603449,1.250966334,0.27150055,-0.305482722,-1.473383079,0.272913238,0.649418935,0.899810726,0.874542743,1.471752735,-0.144793357,-0.725518955,-0.698935585,-1.270478014,-0.871743638,-0.678879497,-0.555899893,-0.761660256,0.066611133,0.767227443,0.731633869,-0.860309778,919.6,0
89,0.270724788,-1.615316758,1.054982089,1.661509927,-1.737687233,0.065894256,-0.313976971,0.08908106,1.069842072,-0.348638228,-0.853895732,-0.018243253,-0.478344395,-0.189957268,0.96157882,0.557157431,-0.459495878,0.644156866,-0.707148179,0.75499449,0.47533816,0.496083006,-0.482194475,0.418870919,0.235960794,-0.265185073,-0.00106255,0.120126075,459.39,0
89,-0.589855944,0.933069872,-0.268072621,0.125244627,2.396991769,3.8779452,0.189985383,0.960388588,-0.230000129,0.295110184,-0.596572414,-0.118180798,-0.211613863,0.063381269,0.179691247,-0.608157331,-0.159369564,0.203083948,1.424509645,0.401336398,-0.15439733,-0.174834146,-0.201368584,1.013438753,0.19441248,-0.231764974,0.541146887,0.255373813,37.13,0
91,1.276133783,0.211469552,0.143000512,0.370050109,0.154747757,-0.032254807,-0.003029636,-0.038886902,0.030714509,-0.121891338,-0.667759527,0.41679629,0.891448167,0.127974078,1.295798814,0.233767076,-0.475059864,-0.772852171,-0.164436556,-0.068687646,-0.279653853,-0.747703711,0.056807959,-0.759463817,0.271640808,0.174757089,-0.010770299,0.008103748,1.98,0
92,0.607153014,-0.957413454,0.761504743,1.590050449,-1.177297903,0.011231909,-0.166991305,0.152720248,0.742860452,-0.151018328,0.721459239,0.710085754,-1.329435269,0.130804276,-1.12238229,-0.17529728,-0.059694845,0.336360544,0.154421941,0.304713576,0.166237128,0.100681792,-0.31700078,0.543778052,0.484232348,-0.330425244,-0.001545351,0.062097987,268.78,0
93,-0.853806864,0.127391777,1.267277185,0.678584065,-1.029850621,-0.487613778,1.836070565,-0.298566311,-0.922127302,-0.64565555,-0.026260655,0.029031527,0.407479906,0.230361856,1.127553329,-0.256717551,0.008375432,-0.11739981,0.426384999,0.776141055,0.252358332,0.179724847,0.47674443,0.724705289,0.526797802,0.50270065,-0.159465352,0.002761222,322.44,0
95,1.057021329,-0.646955978,0.729166619,-0.569262362,-1.174306674,-0.527624805,-0.471676707,0.05174363,1.904018192,-1.176608977,-0.164332742,0.760978828,-0.608953278,-0.052129897,1.005991573,-1.168464249,0.488780705,-0.343177495,0.176030876,-0.070136835,0.186184431,0.743093176,-0.163619314,0.453569601,0.615478766,-0.508562087,0.08955306,0.037616912,69.0,0
95,-0.343711498,1.118614619,1.293385823,0.064762303,0.023480693,-0.992740835,0.695814204,-0.064808618,-0.373640008,-0.506204373,-0.234254062,-0.150923955,-0.018839799,-0.40192575,0.908911728,0.388386696,0.016678111,-0.12233078,-0.090105936,0.104410176,-0.265392001,-0.700550129,-0.014279787,0.330615153,-0.165442461,0.072341593,0.244881834,0.098048159,2.28,0
95,1.195571618,0.258857846,0.635796446,0.64125736,-0.395081078,-0.694666651,0.034086452,-0.124346327,-0.078400251,-0.128968446,0.407234503,0.904339996,0.881174108,0.159115342,1.18925555,-0.115160913,-0.062657734,-1.176855132,-0.604592768,-0.095420685,-0.201249005,-0.516924959,0.199095572,0.412551922,0.122983942,0.101939605,-0.007845593,0.020214008,1.29,0
97,1.273817893,0.058009054,-1.312427634,-0.048968822,2.244373049,3.29621142,-0.342624648,0.760869775,-0.154915304,0.068384951,-0.161823828,0.029224619,-0.020631686,0.528189226,1.105976986,0.375591596,-0.926724746,0.292544448,-0.002886747,0.008905626,-0.017292094,-0.1828827,-0.146980903,1.004700033,0.842882627,-0.314280813,0.013744256,0.015907171,17.8,0
98,-0.646513324,1.004198501,1.61622395,-0.099628002,-0.122476851,-0.671326722,0.656183051,0.009755091,-0.635963292,-0.047364094,1.530937521,0.82408411,0.148016384,0.266959456,0.120395389,0.319464747,-0.593328286,0.044223291,0.232081458,0.09319056,-0.147934497,-0.420045847,0.0614244,0.52099708,-0.238845351,0.030135102,0.140480524,0.101163285,14.98,0
98,1.027114369,-1.272542866,0.673656443,-0.747435801,-1.299107061,0.29365621,-1.05419978,0.234899955,-0.574990848,0.680725594,1.218348281,-0.247881782,-0.242920245,-0.103666777,0.767171902,1.523141917,-0.000751675,-0.604428956,0.234460533,0.34587566,0.522112894,1.101911506,-0.248747022,-0.259413925,0.296057688,-0.030995605,0.018464852,0.033481841,159.0,0
99,-0.88399565,-0.150764823,2.291790721,-0.263452268,-0.814535284,0.955840628,0.097630673,0.474046969,0.1395123,-0.729861202,0.711062609,0.095006435,-1.097505344,-0.05970152,0.234557225,-0.142193908,0.193357555,0.217853314,1.155571121,0.35875101,0.07090144,0.05183207,0.110297657,-0.260628693,-0.097548719,1.155439237,-0.02119933,0.062565436,142.71,0
103,-1.409009452,0.563492506,3.350717448,-0.436893036,-1.123467357,0.256345114,-0.253389869,-0.795814176,1.421953536,-0.681589992,-0.680795735,1.398463162,1.114929155,-1.894594557,-2.189146682,-0.640207206,0.334833424,-0.835911605,-0.070619892,-0.028601231,0.665585415,0.170281349,-0.231556647,1.067220198,0.279905967,0.988255366,-0.105953908,-0.073779112,23.27,0
103,1.245743808,0.438877833,0.316139712,1.107633862,-0.178446391,-0.941091407,0.286290791,-0.290078759,-0.169187685,-0.014419763,-0.226204311,0.721304543,1.003288871,0.188863752,0.809650212,0.003067444,-0.485198093,-0.27360897,-0.375639844,-0.079776011,0.038620756,0.20820688,-0.11147853,0.419906811,0.722345322,-0.331446191,0.020337028,0.022442918,4.19,0
105,1.00023399,-0.29522731,1.308259453,1.257753312,-0.967532357,0.46024474,-0.781849888,0.424415295,0.790908383,-0.054855242,1.109422535,0.69267622,-1.289229508,0.119761286,-0.151407245,-0.018139898,-0.077953498,0.068765322,-0.357320548,-0.183157746,0.032729701,0.179643813,0.028786242,0.203488767,0.23499215,-0.408458875,0.072615482,0.028892243,35.97,0
105,1.175094093,0.408263222,0.552145163,1.255067744,-0.196661847,-0.565605334,0.133973044,-0.146201793,-0.214154854,-0.011309922,0.290717394,0.975735119,1.117978842,0.144788242,1.037953972,-0.292528573,-0.142180748,-0.767216349,-0.96271067,-0.116438814,0.130585107,0.523639842,-0.050124737,0.448133322,0.597867268,-0.275067087,0.043308091,0.023923557,1.0,0
106,-0.306311186,0.991271929,1.41449133,0.855243644,0.334283709,-0.728260272,1.058822947,-0.46984007,-0.534718402,0.083451465,-0.325902466,0.104766198,0.617334627,-0.020760942,0.989615078,-0.441970511,-0.337034374,0.003217854,0.437685968,0.090118206,0.128007779,0.580328857,-0.202140503,0.41611435,-0.271833875,-0.377566613,-0.11364449,-0.052283025,24.57,0
107,1.175124777,0.661341182,-0.47747646,1.102541559,0.543328124,-0.246784793,0.165233833,0.027017867,-0.423143759,-0.57406514,1.853387507,0.870531105,0.496566352,-1.251016529,0.598736836,0.567820189,0.76816302,0.672152249,-0.574586718,-0.069414576,-0.003070556,0.093738003,-0.154354624,-0.425096767,0.652435396,-0.296802234,0.051424661,0.041875614,1.0,0
110,-0.591932651,0.111272819,0.699125647,-1.536074033,1.193207731,0.648895579,0.796705658,0.016903734,0.78966393,-1.246227697,0.555349938,1.089023808,0.361765706,-0.021520083,1.4338612,-2.627094752,1.176812113,-2.157671584,-0.567089195,-0.176300299,0.205963553,1.216194827,0.093395635,-0.900310153,-0.42396647,-0.607856583,0.017704584,-0.07674551,13.95,0
111,-0.820860222,1.02256699,1.996560362,1.180140793,0.232463912,-0.123952548,0.684370854,-0.008256437,-0.572410303,-0.40486721,-0.212180192,0.551737263,0.372832935,-0.119547733,0.060785635,-1.23971373,0.648088501,-0.904013395,0.405413726,0.005163633,0.000169258,0.183382417,-0.299915115,0.43180637,0.456705485,-0.213298199,-0.033160782,0.088371992,9.99,0
112,-4.816021799,-3.345061058,0.566005642,3.960567796,-2.495400025,3.691364645,1.603359858,-0.071801219,1.092418204,1.145818744,-1.229686938,-0.186777966,-0.063864571,-1.418962841,-1.006374821,0.717839259,-0.33345126,1.208950557,2.245697,-1.132659975,-0.797155076,0.260092571,-2.712275942,-1.020435601,0.070989746,0.619085659,1.720706518,-1.64855313,937.69,0
113,1.147553856,0.543491091,0.504579173,2.517929914,-0.123554818,-0.611119916,0.273075896,-0.173271031,-0.809549379,0.692369323,-0.547658436,-0.100281311,0.054655307,0.333657163,0.436718096,0.593333948,-0.593651498,-0.289229423,-1.014089992,-0.097837514,0.025973073,-0.00828733,-0.081624079,0.379390351,0.558205979,0.033755503,-0.022230603,0.024045332,31.17,0
114,1.194066271,-0.072582233,0.635285626,0.768616206,-0.735584338,-0.673465653,-0.146299157,-0.065652615,0.646047714,-0.211574202,-0.757756838,0.131821519,-0.691698421,0.014078327,-0.053359478,-0.144321695,0.047621205,-0.662116209,0.255441031,-0.120276616,-0.300560759,-0.770991059,0.074443654,0.397712516,0.285947051,0.286760297,-0.031033455,0.01705188,23.88,0
115,-0.182928163,-0.920683415,1.818758315,-2.450936159,-1.247559721,0.147436004,0.218628573,-0.407289576,-2.023879319,1.410939705,1.67241866,-0.103321234,1.082281463,-1.04409871,-0.319321725,-0.255877673,-0.104802035,0.221478486,-1.240284853,-0.242809951,0.030806233,0.848899151,0.120259065,0.219241129,-0.441860048,-0.386686835,-0.291553177,-0.448051362,137.0,0
118,1.254913507,0.350287347,0.302487785,0.693114454,-0.371469881,-1.070255865,0.086781009,-0.202835551,0.035154059,-0.282617329,-0.073591895,0.224820575,0.211172939,-0.28446901,1.096191611,0.480953646,-0.00628755,-0.295312745,-0.196568595,-0.079756372,-0.287592205,-0.832681695,0.128083116,0.339426822,0.21594377,0.094703566,-0.02335429,0.030891875,2.69,1
118,1.431053409,-0.648101141,-0.331663901,-1.207382602,-0.012785943,0.704439954,-0.732125588,0.183138872,-0.878334384,0.767906431,0.057419274,-0.591459259,0.004513538,0.048051278,0.442391701,1.531116542,-0.325105204,-0.724348778,1.099845784,0.100777424,0.112748785,0.222295604,-0.244590547,-1.688158107,0.609778218,-0.088365973,0.010437801,-0.014498611,20.0,0
121,-0.868565326,0.684978078,2.013745177,0.126390269,-0.493158041,-0.320478036,0.373577105,-0.080500675,0.900231125,0.194338065,-0.996343568,-0.566134914,-1.13535696,-0.553999201,0.016221897,-0.205851131,-0.163264126,0.07844803,0.077838106,0.177090196,0.027273389,0.573843062,-0.252014325,0.431533378,-0.137521044,0.423220587,0.180521111,0.044404312,29.99,0
123,-0.505728362,0.66630036,1.08099302,-0.447630349,1.039489596,0.18401665,0.882796991,-0.142339931,-0.608661014,0.038170129,0.307121508,0.719950942,1.422912781,-0.17576666,0.093792259,0.570996629,-1.312472695,0.610038293,0.737028122,0.435055445,-0.058791905,0.0220728,-0.22624129,-0.986434608,-0.065936734,0.259684904,0.150573487,-0.0425807,40.0,0
123,0.968783929,-0.501798126,-1.333558486,0.38880429,2.036091383,3.661714319,-0.236794991,0.809585634,0.15450052,-0.089282955,-0.540149745,0.242408384,-0.195637009,0.225998642,-0.131979387,-0.081190327,-0.506312224,-0.045090703,0.314876311,0.271697268,-0.091052102,-0.561280312,-0.260982812,1.017700137,0.837224847,-0.342889063,-0.003467402,0.03900378,160.86,0
124,1.105253453,0.541842002,0.839421415,2.570932706,-0.279517367,-0.423062111,0.08801919,0.011621791,-0.715756445,0.651378619,0.073787016,-0.142023839,-0.739457467,0.502638949,0.736688426,0.256745261,-0.093732099,-1.011415594,-1.465499836,-0.239882551,-0.137434187,-0.460990832,0.189397329,0.556329107,0.18578585,-0.189029501,0.00020799,0.026167047,6.24,0
125,0.853907974,-0.527163873,0.823846175,1.23522373,-0.642369964,0.528598207,-0.397823041,0.156763671,0.705793043,-0.270381429,-0.822919843,0.585910884,0.758072715,-0.336816368,0.866424327,0.0885585,-0.336591803,-0.115178979,-0.657076187,0.213582484,0.222965568,0.526011895,-0.271286438,-0.384841524,0.466662062,-0.216339818,0.058692972,0.05636317,165.55,0
127,1.356489323,-0.221355461,-1.236995618,-1.246835117,1.907808836,3.103911314,-0.603383826,0.762840713,0.118338734,-0.129794116,0.009451766,0.04066435,0.063020383,0.375077354,1.322871713,0.5818758,-0.803959847,-0.054106283,0.443846399,0.052996903,-0.163828604,-0.6026876,0.011113262,1.063844582,0.400725554,0.975861962,-0.081220092,-0.003314497,1.54,0
128,1.239494808,-0.182609248,0.155058296,-0.928892144,-0.74622657,-1.23560826,-0.061694679,-0.125223462,0.984937844,-0.746624518,1.563458971,0.890131709,-0.985158791,0.778734284,1.016974358,-0.429489929,-0.335787034,0.614690088,0.703133096,-0.160405632,0.146077125,0.481118509,-0.140019358,0.53826061,0.710720106,-0.621381766,0.036866809,0.010963319,8.8,0
130,-0.485237731,0.658496594,1.949966622,1.249694748,0.42641029,0.231512687,0.585115384,0.029162991,-0.520297446,0.055911475,1.265311092,0.521276565,-0.830439424,0.157454834,-0.365074566,-1.14218704,0.409601003,-0.204876492,1.010483163,0.089377727,0.007290122,0.328243726,-0.232563155,0.225572061,0.025891679,-0.24739542,-0.025381021,-0.11856465,5.97,0
130,1.353283086,-0.694899979,0.970826107,-0.426559487,-1.41726333,-0.505710366,-0.932068859,-0.083956783,-0.224207861,0.446748128,-0.540411822,0.072337843,1.006646612,-0.905357238,-0.304202302,0.802625517,0.48308727,-1.34493029,0.649045314,0.126358012,0.284340592,0.993433718,-0.164893279,0.474256989,0.623847569,-0.006749765,0.046025633,0.022043162,15.93,0
131,-1.007390583,1.261943319,1.207202744,1.307574927,0.153211416,0.062291102,0.50864716,0.079446853,-0.39521086,-0.006152177,-0.468287907,0.827819356,1.046675791,-0.185212586,0.109266578,-1.252804324,0.605940981,-0.831079809,0.772720685,-0.104066545,0.039149756,0.411660756,-0.08032014,0.12123507,-0.132999537,-0.303176862,-0.46391307,-0.164157241,10.0,0
132,-1.571359311,1.687508027,0.734670438,1.293349597,-0.217531663,-0.002677468,0.147364181,0.515361979,-0.372441613,0.078020678,-0.592494907,0.99794101,1.109328386,0.060047623,0.086140796,-1.149892674,0.765198254,-0.810588623,0.737550436,-0.093613532,0.048549314,0.377255527,-0.030435512,0.117608128,-0.060520077,-0.29654988,-0.481570297,-0.167897497,10.0,0
133,0.709335678,-0.011679155,-0.530212955,0.236330632,1.611749862,4.091915383,-0.862138243,1.083973069,0.786795681,0.112887484,-0.653232103,0.173266864,0.037866802,-0.38781279,0.37489296,0.210211547,-0.644749399,0.554854578,0.622384226,-0.04155149,0.006775256,0.09003256,0.271773416,0.986547281,-0.809943468,-0.52965954,-0.065886904,-0.125002177,35.97,0
135,1.101762442,-0.119018463,1.139150275,1.844961212,-0.817909156,0.247770075,-0.684181037,0.283095821,0.286762553,0.440946202,-0.826293741,-0.769377782,-1.541032563,0.047904222,0.567886086,0.523959447,-0.044064668,-0.425632202,-1.101029955,-0.200597231,0.120200714,0.371304976,-0.01604711,0.113901376,0.15201442,1.12604899,-0.038695152,0.012338827,22.37,0
137,0.753307852,-1.131593257,0.878730366,0.297870796,-1.327250161,0.066595638,-0.535275981,0.171132621,1.18460204,-0.51045289,-0.559082124,0.121812639,-0.718595336,-0.211232352,0.663762572,-0.064256815,0.256345467,-0.696030149,-0.190353268,0.295638379,0.031912238,-0.213297997,-0.091660381,0.151836521,-0.067673441,0.99907331,-0.063984805,0.049174356,226.07,0
138,-0.986639536,0.054619774,0.89218939,1.238546301,1.153949202,-0.443156858,1.158792971,-0.234932879,-0.748284316,0.19999764,-0.377070284,-0.086545898,0.217167156,0.314289834,1.295545516,-0.818801496,0.059642158,-0.68956288,0.684420234,0.744324727,-0.15608398,-0.590576405,0.432953111,-0.337631423,-0.272390765,-0.551474596,0.171669591,0.012712389,148.81,0
140,-3.222745011,-1.932775704,2.923241828,0.143573531,0.948116817,-1.076456006,0.81122633,-1.170683067,1.363753299,0.675724118,-0.033947335,-0.308436203,-0.03534893,-1.655009828,0.505014048,0.264900661,-1.001585618,-0.217746153,-0.394364058,-1.786736343,-0.657896819,0.983985425,1.304693094,0.804413958,0.686028186,0.455320508,-0.373341969,-1.325164299,11.0,0
140,0.693502989,-1.134232023,0.782844002,-0.592996395,-1.421802565,-0.487530734,-0.272320585,-0.029104222,1.35306576,-1.067065607,1.649118554,2.152055116,1.104958104,-0.138375719,0.470191723,-0.314898028,-0.390854609,0.548835444,0.662310958,0.47871309,0.238845153,0.380749355,-0.270755181,0.595487402,0.392156548,-0.733621849,0.05123025,0.074613647,257.3,0
140,1.007947057,-1.289492351,0.666740851,-0.741321189,-1.290523451,0.302172443,-1.026907052,0.220562032,-0.607464702,0.669997285,1.25373975,-0.137544139,-0.034447261,-0.142536713,0.745752448,1.514765448,-0.012266385,-0.627738477,0.229871143,0.379483006,0.530548638,1.113561074,-0.260041909,-0.253241804,0.299379405,-0.032754761,0.017926566,0.035666923,169.0,0
141,1.180458002,0.33426698,0.395177877,1.190753197,-0.092157628,-0.388137645,0.104290922,-0.098731553,-0.115804498,-2.69e-05,-0.08721366,0.597891163,0.667519134,0.22858245,1.118738777,-0.172510381,-0.231202879,-0.596696978,-0.83938832,-0.120379331,0.108715301,0.417283268,-0.092111375,0.10852482,0.620831436,-0.254117486,0.037871707,0.021077628,9.9,0
142,1.211406024,0.007849756,0.950798395,1.137646478,-0.495189279,0.301371118,-0.518350359,0.095425922,0.817591713,-0.226339478,-1.392727845,0.666903921,1.048677978,-0.582645665,0.14456173,0.282077685,-0.602787657,0.104931521,0.098868907,-0.049912471,-0.107247743,-0.057152535,-0.118932638,-0.42124148,0.556146314,-0.360164371,0.076929908,0.031800028,9.99,0
143,-2.143457532,2.107826158,0.213151876,1.282216568,-0.732558394,0.023589151,-0.073255811,0.924142655,-0.356987542,0.141018335,-0.711177479,1.15744265,1.17737992,0.299913526,0.068809167,-1.031522353,0.918291916,-0.790618197,0.701377812,-0.112865919,0.044640964,0.345345863,0.013232697,0.117188284,0.0124059,-0.288530748,-0.473893869,-0.184488137,39.95,0
144,-1.032939915,0.680608052,1.402550125,-0.529928018,0.869578142,1.903301426,0.03324032,-0.237815275,0.844581681,-0.989004577,-1.306164811,1.047653674,-0.075453673,-0.899500611,-3.618059825,0.086957727,-0.723273586,-0.339748153,-0.489336594,-0.520240424,0.411651247,-0.941006541,-0.157833457,-1.735297174,-0.026033373,-0.814973734,0.094761684,0.126906427,15.36,0
145,-2.420412824,1.947885385,0.553646043,0.983068886,-0.281518066,2.408957552,-1.40161343,-0.188299113,0.675877503,0.158497491,-1.224951318,1.314705078,0.30441192,-0.290217599,-2.01454784,-0.772800501,0.696761204,0.017913579,2.1772495,-0.276206701,1.213825987,-1.238619921,0.006927308,-1.724222084,0.239602695,-0.31370295,-0.18828088,0.119830988,6.0,0
145,-2.419485626,1.949345704,0.552997661,0.982710096,-0.284815275,2.411199592,-1.398537135,-0.188921645,0.675695454,0.158122714,-1.224834474,1.314398312,0.304424889,-0.290433982,-2.014510693,-0.772540313,0.696610461,0.01785501,2.177312065,-0.277406251,1.213389672,-1.238354348,0.007191426,-1.724175069,0.239721077,-0.313606875,-0.187431248,0.119471939,6.74,0
147,0.912979151,-0.652999555,0.298165153,0.209546164,-0.197230544,0.971099946,-0.449460773,0.281896488,0.262492646,-0.06059498,0.422922489,0.693403324,0.664749674,0.093629227,1.039034011,0.965015289,-1.050953826,0.487147394,0.015452642,0.299062225,0.089258076,-0.077306408,-0.237706651,-1.301414873,0.179598999,0.469956018,-0.024738667,0.028338314,170.43,0
150,-0.399879707,1.051965788,1.390802023,0.093131865,-0.007699357,-0.717558971,0.588094752,0.085932097,-0.310721777,-0.533284651,0.177463377,-0.272661629,-0.686154329,-0.237325713,1.201248848,0.028713397,0.44691801,-0.605909619,-0.566862927,0.0182527,-0.224926323,-0.573765956,0.057041383,0.329354096,-0.302724006,0.083882806,0.258834227,0.096336674,0.89,0
152,0.095490023,-2.557694205,-1.134054856,-0.43577047,0.728493415,4.090475997,-0.429328774,0.896879024,1.004244284,-0.673619599,-0.561046276,0.419629369,0.021971862,-0.274255244,-0.037429945,0.286635281,-0.336254419,-0.068411967,0.644496322,1.280124347,0.080097948,-1.038538168,-0.489644637,1.108439997,0.072603095,0.893182949,-0.146017062,0.113110456,614.87,0
153,-0.903628224,-0.233362598,2.580863531,-0.990572327,-0.397920255,0.281755037,0.238618916,0.249101589,0.651330368,-0.881774861,0.939971814,0.397778746,-1.494562627,-0.428434388,-1.307942351,-0.095618359,-0.080169775,-0.432193307,-0.336658276,0.050471187,-0.075017459,-0.097906267,0.05944787,0.244547634,-0.316141151,0.75440453,-0.166315609,-0.138177096,71.26,0
154,1.190844167,-0.608426894,0.069096521,-0.493509205,-0.944774744,-1.390857139,0.04765887,-0.467883895,-1.248877374,0.570877508,0.276515957,0.206483456,1.408240362,-0.200683589,0.359211438,0.718362667,0.406068318,-1.786030487,0.438820549,0.374267628,0.262280357,0.489142757,-0.186644881,0.797720642,0.630575252,-0.183914266,-0.029301543,0.03350849,127.69,0
155,-0.546215295,0.878083882,1.523176388,-0.242853437,0.323931242,0.371851983,0.446595387,0.37007704,-0.631359033,-0.229069503,1.714119743,0.6938391,-0.316152534,0.440567026,0.678386647,-0.184842427,-0.068411129,-0.734662412,-0.420404254,0.036354025,-0.120936486,-0.268618467,0.036313229,-0.312671175,-0.37805085,0.113659844,0.292120546,0.103729797,6.45,0
155,1.171953522,0.311213252,0.313605078,0.51923042,-0.058032111,-0.258768685,-0.043842811,0.039598889,-0.344226883,-0.179727145,1.979015769,1.406746264,0.871995167,-0.212157236,0.563275934,0.348119863,-0.021623118,-0.343891188,-0.271035656,-0.054283414,-0.200153106,-0.541916273,0.137491127,-0.001739462,0.139121263,0.104375917,-0.005414212,0.018728013,1.29,0
156,-3.494860856,-2.894449732,1.637988839,-0.274975575,-0.389202933,-0.703274524,0.444194183,0.154266424,0.695817584,-0.56849224,1.041956476,0.841409533,-0.239347378,-0.415695785,-0.861171394,0.66427223,-0.593475406,0.237450523,-0.272360502,0.670036194,0.017010307,-0.063521495,0.676253817,0.596377136,0.11422899,0.834914728,0.309675191,0.632260841,500.0,0
158,-0.159985037,-0.611632858,2.081419302,-1.048128453,-1.083455772,0.254356945,-0.782936554,0.264001941,0.404509215,-0.232303545,-2.093168271,0.465104233,0.650495508,-1.514492223,-2.534978226,-1.786802718,0.291461234,0.851936076,-0.564583752,-0.51018496,-0.36540374,-0.127932001,0.163175571,0.104227427,-1.286765287,0.747625336,0.241777014,0.237055507,10.0,0
160,1.171438903,0.474973976,0.011760718,1.264302505,0.116234125,-0.865985953,0.554392815,-0.276374984,-0.471301563,0.029103817,0.252013153,0.740675665,0.588883534,0.480297339,0.799411783,-0.59209017,0.032838515,-1.012362789,-0.799293047,-0.119438649,0.070051048,0.278842901,-0.097491441,0.426278229,0.744937649,-0.274727609,0.008471574,0.015492111,20.0,0
164,1.212056805,0.246405411,0.309165988,0.584744387,-0.381581347,-0.764967735,-0.067782842,-0.012991283,-0.110617107,-0.091447916,1.498999485,0.513745561,-0.627262128,0.062088347,0.478131202,0.711875624,-0.213038284,0.291523229,0.09716581,-0.117856068,-0.244625313,-0.781194221,0.125371943,0.268166085,0.160142725,0.079644635,-0.0320155,0.019052081,2.28,0
164,-0.433211486,1.020835125,2.019730198,3.00326068,0.031307656,0.187063045,0.850856483,-0.143932449,-0.918042964,0.886323094,-0.811858292,-0.338453439,-0.064504281,-0.275189337,0.055224685,-0.646152559,0.313931819,-0.295943212,1.177882592,0.471102989,-0.177297913,-0.180259507,0.00776031,0.382658023,-0.187192964,0.100067113,0.204038588,-0.018150303,65.26,0
164,0.073496706,0.55103296,0.451890424,0.114963844,0.822946501,0.251480314,0.296318524,0.139496907,-0.123050186,-0.142616897,-1.652948209,-0.908371307,-0.653478668,0.40930989,1.490617839,0.104649349,-0.402916543,-0.113269881,0.777332618,-0.043919723,-0.128758266,-0.381932362,0.151011582,-1.363967289,-1.389079168,0.075412285,0.231749598,0.230170991,0.99,1
167,-0.827464823,1.248569678,1.023826113,0.618081105,0.191093732,-0.208733095,0.964715393,-0.139165792,-0.625848231,0.427322433,1.028719649,0.423747719,-0.242314729,0.424507637,0.368675207,-0.012839339,-0.585486705,0.157830764,1.149651403,-0.090658006,-0.35518984,-0.947556835,0.135053864,-0.074104631,-0.732005556,-0.943677906,-0.649288686,-0.368764974,44.2,0
169,-4.066862271,-5.081215162,-0.11690781,-1.312829273,2.688762246,2.755894978,-1.999094634,1.726412535,-0.413594233,-0.76934304,-1.265962903,-0.306976373,0.096136239,-0.581299332,-1.597357603,1.213666492,0.298187371,-0.60404766,0.534227573,1.876937166,0.794925643,0.294822646,0.429790528,1.059319975,0.606301318,-0.183100838,-0.057776675,-0.532404119,355.51,0
171,-0.365531734,1.006931845,1.108303668,-0.428693695,0.590512808,0.105473838,0.602926227,0.132309557,-0.636397654,-0.152232191,0.324882084,0.469855522,0.556565352,0.187392784,0.187945749,0.715895776,-1.09137979,0.472923128,0.740916147,0.165872526,-0.250030582,-0.663325224,-0.189398624,-0.845682201,-0.055759557,0.124844713,0.263524606,0.099578934,0.89,0
171,-0.957819798,0.247979463,3.772856852,3.311385046,-1.305427246,1.668378567,-0.671931223,0.453987296,0.555107073,0.785059045,0.018821779,-0.383684431,-2.207123113,-0.949910909,-1.530399654,-0.477740069,0.562765743,0.919277229,1.556736793,-0.065313461,0.107106383,0.866859294,-0.43198589,0.581400454,-0.015714579,0.462414335,-0.179223585,-0.17154364,71.69,0
180,-0.782666195,1.017986502,1.50585133,0.920904617,0.75876509,0.392474821,1.357625329,-0.666453043,1.071130264,1.702692099,-0.812493033,-0.91415491,-1.234177953,-0.856785661,0.551040622,-1.402290167,0.060432413,-0.547990244,0.858789262,0.663806548,-0.410456552,0.145970127,-0.248113198,-0.452120665,0.014227544,-0.281960873,0.118371377,-0.508471449,23.63,0
181,1.136752053,-0.103769567,0.904686444,0.488210755,-0.678523515,0.039860729,-0.581293921,0.270996198,0.256539561,0.068091693,1.445183659,0.506268152,-0.85021452,0.46422296,0.963247298,0.522011841,-0.463008422,0.029021823,-0.386661217,-0.16608712,-0.017526913,-0.093159166,0.119722965,-0.000588012,0.026252192,0.229223266,0.000201188,0.010944963,6.47,0
183,0.726749304,-0.528042418,0.050365515,1.373621469,-0.124121987,0.415687584,0.259554812,0.085113703,-0.003025425,-0.062290576,0.906660847,1.228475454,0.086611471,0.250634863,-0.765775297,-0.412023173,-0.111942606,-0.356576838,-0.024936808,0.285748847,0.061888475,-0.10183792,-0.308373443,-0.270673358,0.604409937,-0.333689324,-0.003944315,0.040684732,224.97,0
184,-0.143256003,0.743648518,1.534072207,1.062170094,0.20818678,-0.838622933,0.524151228,-0.294660552,-0.478855844,-0.006096561,-0.121309696,-0.564296679,-0.352630239,-0.336510143,1.8800621,-0.3236776,0.541293199,0.139300206,1.592842932,0.271422691,-0.205014457,-0.460893452,0.0474066,0.339242969,-0.77943859,0.234456216,-0.024124929,-0.049897532,1.98,0
187,0.066060772,0.8762634,1.093992968,1.556150516,-0.07231813,-0.671902296,0.569707156,-0.143791231,-0.609469493,0.122388483,-0.477548435,-0.348544455,-0.275911532,0.469809094,1.619878123,-0.637980697,0.179422142,0.263764793,1.332689558,0.126786432,0.159757256,0.497796845,-0.043265755,0.397922925,-0.358151033,-0.186331411,0.135738679,0.098839653,23.32,0
190,0.075749698,1.026985684,0.83489051,1.208912537,0.107553957,0.465977242,-0.330959329,-1.6198728,-0.436603913,0.060715025,-0.431212703,0.537036416,0.942512348,0.3189698,1.596569045,-0.327721027,0.016979641,-0.407591354,0.243005097,-0.258697272,1.490696075,-0.532413829,-0.17976515,-0.422716907,0.774770005,-0.172429221,0.265078248,0.23001619,20.0,0
190,0.803845921,-0.571718052,1.048092695,1.167676674,-0.702291917,1.000002588,-0.692965324,0.483593496,0.577314402,-0.097276929,1.366323215,0.946058203,-0.533524106,0.127500771,0.498989903,-0.112718102,-0.060015454,-0.11353318,-0.901974945,0.029184598,0.300503012,0.778198922,-0.144781428,-0.277469207,0.272133428,-0.227466876,0.072236683,0.03894474,127.75,0
190,-0.549414252,0.676860674,2.151949976,1.014522992,-0.620011802,0.076154492,0.041578422,0.34267167,0.124722817,-0.048091693,0.737980149,0.197300157,-1.350329129,0.096465653,-0.391871595,-0.286166764,-0.041452759,0.836919533,0.777120739,0.104754661,0.212024288,0.850202604,-0.185597136,0.544990271,-0.130608922,-0.196373727,0.422119417,0.203312923,20.7,0
192,-0.351286911,1.183753559,0.530794296,0.543891399,0.798441455,-0.804472168,1.563169978,-0.935793598,0.633634189,2.30362744,1.398891254,-0.318656901,-1.410645341,-0.155224571,0.277950266,-0.70622766,-0.780092413,0.354093931,0.618677894,0.596401202,-0.121754584,0.668123706,-0.057379978,0.301398018,-0.730945515,-0.538615997,-0.037212113,-0.479956079,1.79,0
193,-0.922515164,0.84157679,2.078000014,1.373071345,0.666526104,0.779011906,0.609457558,0.4023688,-1.088370984,-0.096632144,0.449566509,0.397328103,-0.541616351,0.015321153,-1.672261774,0.454716297,-0.566873639,-0.384643685,-1.088492323,-0.105559348,-0.12742529,-0.458042576,-0.067386573,-0.350802113,0.039175944,-0.291078195,0.058607062,0.089760081,37.2,0
194,-0.773295862,-0.190661402,2.404946261,-1.799880754,-0.396516458,0.199217658,0.257805624,-0.341961662,-0.06972773,1.181367471,1.465251443,-0.105116481,-0.232535811,-1.397118979,-1.21718188,0.568078154,0.036588183,-1.272570872,-0.090211742,0.436142397,0.235139826,1.447800396,-0.320606648,0.271029138,-0.068299271,-0.266823198,-0.127058976,-0.392033032,32.77,0
194,-0.931154307,0.82588911,0.168007968,-0.077211689,2.966451847,4.099506482,-0.146900852,-1.111250968,-0.023183356,0.395386727,-0.474706738,-0.181066303,-0.346984397,-0.252545938,0.066340089,-0.636039898,-0.326118565,0.140925881,1.207499829,-0.181541983,1.317467331,-0.700836478,-0.217694085,0.9964802,0.292649008,-0.317728253,-0.221212331,-0.300920242,5.99,0
196,1.198658495,-0.420333822,0.014599158,-0.270792868,-0.471074009,-0.384610465,-0.083890427,-0.077569983,-1.537507819,0.846368149,1.512576055,0.858692689,0.410549917,0.529565298,0.147448385,-1.573951028,0.024288477,0.499010405,-0.739676178,-0.401552282,-0.630205815,-1.504431997,0.19377055,-0.017458024,0.058386912,0.145372852,-0.034903837,0.011037036,63.9,0
200,-0.304922925,-0.521387699,1.341180514,-0.255797283,-1.120915926,0.918260347,0.174348117,0.358936082,1.208379613,-1.115110433,0.792522518,0.947250296,-0.63752171,-0.05079562,0.548192833,-1.546895848,0.732697001,0.491793062,2.642445058,0.490222139,0.124286738,0.405697718,0.418190996,-0.305738137,-0.487991443,-0.559780152,0.171079309,0.107152651,196.7,0
200,-1.269461299,-1.027152549,2.261372999,-0.504356014,0.693421365,1.237761226,0.056065337,0.09191899,-0.676680063,0.329999625,0.426491433,0.48536023,0.795882264,-0.910867353,0.715258881,-2.744935024,0.679419159,-0.700312693,-3.463993232,-0.527727087,-0.131777408,0.697266173,0.288501059,-0.644486714,0.027409373,-0.329713693,-0.291794564,-0.381556141,79.0,0
204,-0.938225555,0.104717344,1.309641702,-0.867536533,0.450685256,-1.437502176,0.650603583,0.028359911,-0.58867849,-0.556394135,1.156113141,-0.218437377,-2.049263205,0.896911813,-0.276749044,0.463415472,-0.500606336,-0.221200835,0.012236949,0.004380235,-0.237085534,-1.150829278,0.262462123,0.475206184,-0.516789844,0.426883032,-0.058198038,0.107995679,39.94,0
204,-0.18842395,0.87760183,-0.73468591,-0.9134037,1.941770351,4.037422713,-1.707118367,-2.537640843,-0.590337624,-0.763038648,-0.154033225,0.252520189,-0.279930472,0.883568857,1.083943287,0.826626293,-0.724612716,-0.000784141,-0.001108105,0.543408832,-0.824078772,-1.042330686,0.168264918,0.963855361,0.887849695,0.171166714,0.012283966,0.164537715,1.98,0
205,1.182398882,0.059488688,0.310672612,0.828817335,0.341209078,1.112592947,-0.292777954,0.287394091,0.268307131,-0.087575427,0.151276897,1.315882683,0.93045189,-0.138173545,-0.521815312,0.095149583,-0.626292732,-0.174092779,0.488467737,-0.061462541,-0.337817781,-0.776840499,-0.05648606,-1.35698587,0.475789717,-0.546518635,0.063034739,0.008046696,12.99,0
206,-0.370562536,0.599809965,0.216683002,-0.513092693,2.697142555,3.882795304,0.29554467,0.850059083,-0.297189192,0.191989943,-0.925471067,-0.369425197,-0.377793565,-0.493814118,-1.48133579,0.68436227,-1.048205155,-0.256700186,-0.859905689,0.11388961,-0.147919657,-0.176213674,-0.120574835,1.042297493,-0.391704857,0.675404597,0.163594994,-0.004996535,10.27,0
209,-5.852465108,5.26737615,-1.761894935,-1.441250063,-0.988528968,-0.672186732,0.075759669,0.774198153,3.580112198,6.510779226,1.276495686,0.837057429,0.377257168,-1.614809223,0.534728164,0.416673221,-0.54182781,0.228258298,-0.243878982,2.983262081,-0.910910332,-1.204988487,0.215766032,-0.498065935,1.125918008,0.201449737,2.468867101,1.573083584,8.97,0
209,-0.742877146,0.563251743,1.207243263,0.912388004,1.053790705,0.574722633,0.215632907,0.253663165,-0.434722396,-0.048010517,0.252837088,0.43242893,-0.429693555,0.210474809,-0.529153893,-0.654788127,-0.011331644,0.075368494,1.08980618,-0.118911674,-0.007178015,0.166434241,-0.370094052,-0.793211476,-0.014647417,-0.251252202,0.086312821,0.089217379,1.19,0
209,-0.572010633,0.374980871,0.923823033,-0.954005872,0.753635444,0.139494795,1.450747739,-0.551715607,-0.12615854,0.068444879,0.351181327,0.224943615,0.448234262,-0.362391077,-0.297472256,0.828896267,-1.64672971,0.559570501,-0.20328508,-0.127564678,-0.030323651,0.334778622,-0.192455176,-0.790313074,0.110172912,0.309764577,-0.504722784,-0.498287039,95.56,0
209,-0.429224487,0.698849366,1.588982428,1.297156594,0.119330666,0.214132796,0.387461417,0.276523894,-0.483147502,-0.091351558,1.01143226,0.189488597,-1.61934665,0.532984685,-0.354372269,-1.013301333,0.533988588,-0.072675146,0.977968784,-0.055186254,0.073324602,0.324849199,-0.102067667,0.214137052,-0.251234424,-0.267043849,0.169115334,0.13383226,13.99,0
210,1.293927047,0.338070714,-0.042758725,0.502133796,0.072282583,-0.583457916,0.123778874,-0.18746752,0.00188298,-0.303396211,-0.717596678,0.265054232,0.948911112,-0.449331226,1.092810817,0.697079096,-0.342141341,-0.094490672,0.109940711,0.005472686,-0.329232513,-0.942138921,0.008263842,-0.492104263,0.342975495,0.143926316,-0.022440506,0.025373448,12.99,0
211,0.263523486,-1.812896806,-0.311086762,0.412929594,-0.794605397,0.196364792,0.416625915,-0.062991181,0.345392201,-0.363639666,0.379691153,0.911096513,0.133218505,0.118926728,-0.674517208,0.337849604,-0.450552,-0.001172858,0.858372836,1.010958119,0.002672337,-1.04234241,-0.480537703,-0.414742512,0.111705661,0.819589851,-0.168906284,0.07820301,526.96,0
213,-0.263380494,0.959102737,0.285739874,0.604067511,3.228819561,3.799503053,0.715285472,0.429148331,-1.155492491,0.873230617,-0.341117346,-0.793205363,-0.159974704,-0.05696762,0.429550164,0.611279191,-1.299714457,0.280440665,-0.447446015,0.139951999,-0.015245439,0.059111288,-0.291824828,0.992903115,-0.128938406,-0.111062585,-0.340205678,-0.31029687,4.38,0
218,-1.045668501,0.485509651,1.569232319,0.160929385,0.862461841,0.523043101,0.765996933,0.092998318,-0.037045458,-0.184662859,1.062635552,0.376407282,-1.423233787,0.075105626,-1.040320461,-0.70883895,-0.034008623,-0.759177728,-0.961683208,-0.377133222,0.01287506,0.359807872,-0.075787858,-0.317591114,-0.073339151,-0.532773143,-0.241139502,-0.124891245,17.56,0
220,-0.59206007,0.785903889,2.806517307,2.935465904,-0.356682167,1.127563256,-0.225129742,0.514860854,-0.757540591,0.523215622,0.10410451,-0.253154438,-1.288389832,-0.076337142,-0.644122612,-0.058814926,0.172292236,0.6953336,1.665713037,0.134949472,-0.105160641,-0.216886669,-0.190513969,-0.033155554,-0.001445037,0.200179302,0.109606225,0.084341017,18.96,0
221,-1.177731398,0.318500556,1.727122639,-0.549578484,0.737291973,-0.050963245,0.555481889,-0.041756012,0.219520198,-0.262389264,-0.143989694,-0.576367218,-2.128980314,0.045078555,-1.132141519,0.311233375,-0.739914396,0.326510618,0.377478044,-0.321357317,-0.279323708,-0.640571457,-0.554583863,-0.510508094,0.403269619,0.178327047,-0.354579192,-0.233332153,25.36,0
222,1.086971163,0.045122322,0.475774395,1.344244178,-0.302640743,0.00440761,-0.096403605,0.182898066,0.193464332,0.073512815,1.144165915,0.66265458,-1.421030701,0.509992075,-0.679440105,-0.52963176,0.153906813,-0.403244853,-0.15006424,-0.239993183,-0.044043853,-0.007869449,-0.044243035,0.213380359,0.562624828,-0.340026072,0.02673675,0.007185347,18.61,0
222,1.081026808,-0.13945451,0.483881152,0.642056748,-0.186845482,0.538283349,-0.302749466,0.315920498,0.277327557,-0.102328981,1.396865139,1.050423758,-0.703592689,0.295139625,-0.344873194,-0.651014515,0.376377131,-1.056711907,-0.21632355,-0.187038936,-0.124039027,-0.190064258,0.05789595,-0.269353556,0.253835253,0.311885576,0.001591344,-0.003467797,17.24,0
227,1.120599263,-0.313307918,0.3953088,0.59675572,-0.420411587,0.325861882,-0.404104828,0.283070666,0.630034936,-0.066353483,0.581689122,0.291918125,-1.696041528,0.329314905,-0.639279548,-0.282943359,0.103545928,-0.236211823,0.278183756,-0.183093017,-0.039015992,0.005731507,-0.108843524,-0.283232642,0.441306326,0.579529088,-0.026438781,-0.007082327,29.95,0
228,1.105767571,0.333011981,0.184148099,1.276948238,-0.078118435,-0.810948603,0.45932983,-0.170552492,-0.290556782,-0.000205465,0.171826832,0.336856357,-0.353034589,0.648164148,0.957317219,-0.390555323,0.063750713,-1.201578176,-0.64112557,-0.126872888,-0.282530888,-0.910369959,0.149046367,0.348783204,0.322329797,-0.671068883,0.00591269,0.028251926,45.3,0
230,-0.420269748,0.814760402,1.513242393,1.292782097,0.138053047,0.223342242,1.08808368,-0.150282357,-0.216385801,0.036197394,-0.489127253,0.181306518,0.083521781,-0.23630839,0.223610259,-1.300535658,0.506323814,-0.711513697,0.708409608,0.369869323,-0.043948199,0.313610073,-0.033527354,0.097487277,-0.080281832,-0.255178709,0.244130619,-0.013383768,79.18,0
231,-0.961507377,0.743351362,1.173581813,-0.222593449,0.740528101,1.739958789,0.313012828,0.699418767,0.354715619,-0.333261451,-0.566075416,-0.408623499,-1.512209778,0.106308676,0.878588667,-1.476939479,1.134323103,-2.143362147,-0.98179817,0.005876782,-0.152861743,-0.011971042,-0.039393923,-1.504440108,-0.248248131,0.411290562,0.497315299,0.207499416,26.98,0
234,-0.602482641,0.479088625,0.549750379,-1.069814294,-0.501686511,0.214778428,-0.139682615,0.558440155,-1.914256571,0.395763967,1.501178618,-0.346972472,-0.716692149,0.661587681,0.471344867,0.251715708,1.111332355,-1.557735856,0.97903493,-0.046952802,0.433866272,1.039252171,-0.02503483,-0.26074834,-0.456975215,-0.117580785,-0.073710154,0.055203629,42.81,0
235,-0.663511067,-0.044443226,1.029253315,-2.49807231,-1.350084557,-0.798774292,-0.581071299,0.480997364,-2.517036631,0.961802327,0.656159004,-0.759858385,-0.52260432,0.213254242,-0.782823826,0.110467114,0.192158139,0.695763389,-0.569209445,-0.357884369,-0.051895277,0.070845524,0.039321165,0.275750183,-0.33025134,-0.423935955,0.251988907,0.13395699,25.0,0
236,-1.169086543,1.096292458,0.669688007,1.052534435,0.422465153,0.703450418,0.039273456,0.672068339,-0.457398804,0.09554305,0.1570947,0.565152077,-0.332747702,0.456905426,-0.392642541,-0.655307143,0.242118562,0.144194928,1.360636602,-0.115601334,-0.010604165,0.224394574,0.00134528,-0.807531718,0.035781047,-0.198103779,0.091106721,0.075883959,0.99,0
236,-0.438337379,1.028363751,1.455501718,-0.230274702,0.198899418,-0.358325092,0.659132798,0.059987619,-0.74186332,-0.167485718,1.123057123,0.906575443,0.717445968,0.177484339,0.094041711,0.459450111,-0.805969584,0.165908019,0.422937724,0.1736051,-0.187515799,-0.485441649,-0.07413842,-0.002585504,-0.153928467,0.071891188,0.264233311,0.109265075,7.14,0
237,1.260247838,-0.020171924,-1.16438654,0.26625144,2.184886405,3.607421198,-0.436996595,0.848744528,0.172270917,-0.01901315,-0.542311282,0.236194242,-0.222535111,0.191842275,-0.15095875,-0.101089256,-0.510785081,-0.076002045,0.363062716,-0.035543494,-0.182468888,-0.481652927,-0.128006069,1.009958623,0.892620611,-0.326798433,0.025039025,0.012734637,9.99,0
237,-0.473290464,0.479627277,1.528537859,-0.098185059,-0.005520022,-0.773256008,0.667999939,-0.030045959,0.058419558,-0.806745354,-0.948756457,0.011521245,-0.531035687,-0.149683648,-0.772735053,-0.085468463,-0.190333236,-0.573851596,-0.334988561,-0.085259427,-0.143162886,-0.41383794,-0.038396737,0.39934429,0.114655885,0.12123307,-0.044413217,0.002268828,32.51,0
241,-1.142320931,0.626404913,2.526916953,2.827972706,0.619263138,0.897473007,0.536277598,-0.060163157,-0.813748587,1.426859133,1.200259668,0.094229291,-0.633967682,-0.321429687,-0.117594042,-0.722018602,0.241443966,-0.264653095,1.229591481,0.263685556,-0.309746479,-0.269173012,0.17739635,-0.019577913,0.048650638,0.068830507,-0.246502752,-0.230836924,10.62,0
246,-1.077045918,2.140915813,1.152883756,2.4588339,0.576572373,0.845960887,0.015986895,-2.764261569,-1.114618237,1.43836983,-1.015372365,0.074781547,1.623446644,-0.270680727,1.074918999,-0.02232697,-0.333327228,0.269594459,0.997790756,-0.237666882,2.429373605,-0.244539304,0.063245956,-0.448631099,-0.236189512,0.233936972,-0.295667683,-0.054944516,1.5,0
246,1.311258486,0.07502777,-1.292832404,-0.483154333,2.139256911,3.181563924,-0.505045118,0.804860255,-0.074070833,-0.217425556,0.131576213,-0.028146149,0.01145979,-0.112921114,1.300007138,0.812807415,-0.495483473,0.166473112,0.175176224,0.032734124,-0.342676245,-1.148503557,0.095278816,0.946121234,0.369712917,0.110625671,-0.021836606,0.023638378,1.98,0
246,-1.069199853,1.239963348,0.545157122,1.005353982,-0.025695582,-0.910672796,0.422441828,0.049283424,-0.564600769,0.143901655,-0.323632933,0.862355052,1.646158812,0.103236346,0.88560936,-0.279569769,-0.1991,-0.100956386,0.374318967,-0.134161666,0.146554845,0.602990282,0.132655946,0.427112526,-0.084030137,-0.417194317,-0.897884839,-0.462041529,2.98,0
247,-0.685769792,0.554019231,2.014829479,-0.561032758,0.683347066,0.002232257,0.804393713,-0.154562903,0.339899948,-0.964056302,-1.604017665,0.617382934,1.38353783,-1.027599556,-1.285563771,0.534263332,-1.320646457,0.04495524,-1.493769742,-0.051472195,0.113872721,0.642716157,-0.421980099,-0.411622374,0.359461179,-0.545005668,-0.040244115,-0.096933987,18.94,0
248,-0.216866831,0.900896218,1.502850277,0.812492451,0.193952498,-0.031488309,0.490795205,0.120990624,-0.907335774,-0.10626925,1.750771741,1.11954386,0.592076069,0.364704377,0.611496991,-0.349770202,-0.174297109,-0.026468492,0.23571838,0.023362317,0.14749652,0.463469893,-0.045123866,0.22412587,-0.275401644,-0.415338771,0.108635141,0.052980915,10.0,0
251,1.206637834,0.143344829,-0.131755553,0.902486189,0.21954724,-0.028155258,0.099294716,0.002019829,0.166709162,-0.014765734,-1.072737799,-0.471208191,-0.752133516,0.548864046,1.333077291,0.046136123,-0.401576804,-0.213131374,-0.415565039,-0.149144771,0.00641446,-0.000173222,-0.186809603,-0.77728434,0.686914708,-0.246619858,0.018175927,0.011323876,31.8,0
251,1.071812684,-0.249927203,0.189825005,0.19110892,-0.615778945,-1.074104296,0.213633076,-0.322513461,0.046084009,-0.192352281,-0.145525136,0.57166102,0.891624283,0.108958561,0.977413551,0.209149364,-0.34836972,-0.459603714,-0.087733531,0.214073657,0.095917506,0.089348763,-0.159514355,0.487008617,0.365901029,1.0560726,-0.101425335,0.022797105,120.0,0
256,-1.377245329,0.714822534,2.507512766,0.865082434,-0.290489181,1.077327555,0.032507083,0.510945608,0.717788301,-0.256417813,0.316423719,0.759520508,-1.439420629,-0.592772797,-2.397140825,-1.072538941,0.615996407,-0.58145074,0.714980257,-0.125335333,-0.341852731,-0.60673121,-0.0997405,-0.009123052,0.32837917,-0.506683335,-0.032234738,0.139840723,13.53,0
257,-0.599318041,0.88752482,1.57921402,-0.113727896,0.304991227,-0.182828895,0.503722003,0.241375357,-0.722595859,-0.627363824,1.465896903,-0.014762902,-1.229367808,0.102504309,0.589320458,0.308128256,0.135025333,0.09120458,-0.039248801,-0.088090563,-0.137630842,-0.524585959,-0.057729284,-0.058980064,-0.3203422,0.089180092,0.058978533,0.098448491,1.98,0
259,-0.942940341,0.206074136,1.625992033,1.108391572,0.8758379,-1.215716315,0.271172621,-0.089238369,-0.755539161,-0.26172915,-0.378812347,0.119446955,0.453332666,0.258750399,1.138746762,-0.331053068,-0.146362628,0.06349228,0.460361871,0.311898358,0.150837698,0.188497047,-0.14863678,0.407169538,0.644706714,-0.193470324,-0.028919585,0.00532277,20.17,0
259,1.095067418,-0.014392712,1.408552105,1.266545955,-0.944750549,0.029577856,-0.598514656,0.175290621,0.48523098,-0.059239308,1.2399886,1.703944421,0.789333518,-0.325086572,-0.633020578,0.174004833,-0.474895384,0.259108435,-0.004693564,-0.072112865,0.01310708,0.248009414,-0.002563725,0.570099686,0.387136518,-0.442319387,0.074530611,0.03221469,9.99,0
259,-0.363607748,1.104008326,1.300678453,0.070314296,0.075179663,-1.010396387,0.683396194,-0.073377912,-0.40186579,-0.508232822,-0.199288745,-0.03807813,0.188826233,-0.441824902,0.887319497,0.377647533,0.005553148,-0.147300475,-0.090921163,0.123176389,-0.261158414,-0.685436106,-0.013662176,0.336312611,-0.157577368,0.071699427,0.245538854,0.099036534,0.99,0
260,1.026701748,-0.661664688,0.8976009,0.144402801,-1.105205361,0.020245082,-0.707266806,0.195918328,0.743371435,-0.118938661,0.741294501,0.603257301,-0.421646962,-0.042892426,0.090411422,0.694674045,-0.590144597,0.572237291,0.329715854,0.112744748,0.150660749,0.322397709,-0.15473629,0.097654642,0.174639029,1.103204724,-0.060709141,0.016598369,99.0,0
260,1.075229011,-0.335339468,1.680467942,1.192098388,-1.270530762,0.313498288,-0.871024862,0.235401729,1.315260839,-0.478206972,-0.370612661,1.506748861,0.848506498,-1.067779363,-1.105966076,-0.941599861,0.710495612,-1.057347979,-0.295389514,-0.113252987,0.092929517,0.815226885,-0.05455139,0.731148708,0.431464973,0.580189202,0.062528164,0.025628072,5.46,0
261,1.260327831,0.299160898,0.527681133,0.614898903,-0.420591873,-0.977533147,0.108485268,-0.244502212,-0.058316412,-0.085827832,-0.098362672,0.732373958,0.996718048,0.103733324,0.956963773,0.270445474,-0.461479594,-0.626390247,-0.124085429,-0.049241866,-0.249401231,-0.688429347,0.128289705,0.398966855,0.240282308,0.092212793,-0.024633117,0.020529303,1.98,0
263,1.143648911,0.128210203,0.407255475,1.160950092,-0.504531514,-0.904842966,0.111993062,-0.151667475,0.180408481,0.001026601,-0.51175531,-0.233763135,-0.814985243,0.513246951,1.12110997,0.219196916,-0.42402828,-0.052362219,-0.3820374,-0.102034097,-0.036000502,-0.221754206,-0.049749745,0.345483344,0.495657728,-0.440443319,0.008208615,0.03168921,49.99,0
266,1.289672517,-0.69439938,0.98668348,-0.626997062,-1.561740795,-0.612823745,-0.94903729,0.068871636,-0.744015779,0.825568192,1.277462604,0.281343681,-0.368153738,0.218534881,0.578279944,-0.719648948,-0.341212435,1.582472283,-0.66781851,-0.485381706,-0.411942757,-0.812047651,0.217873272,0.515076902,-0.174402122,0.828401744,-0.039261841,0.01306099,14.9,0
266,0.982539104,-0.229085198,0.00305057,1.44400883,0.20064487,0.636756289,0.012166458,0.128519086,-0.361985519,0.445710347,-1.539866954,-0.838260422,-0.455357738,0.328595737,1.148733261,1.071891627,-0.738483984,-0.563834584,-0.499059635,0.168043643,-0.315217461,-1.347024216,-0.033817192,-1.359831509,-0.005459152,0.706075192,-0.091821696,0.024233805,154.4,0
267,-0.071003726,2.114930867,-3.597858245,0.159330037,3.543995415,2.366976359,0.727397877,0.335814437,0.772950206,0.834859178,1.22942916,-0.986304485,-0.344604915,-4.143154095,1.41231336,0.896138453,2.076124658,1.831926309,-0.181220765,0.997323197,-0.45545199,-0.530552332,0.046281633,0.635140157,-0.093466377,-0.418992932,0.463129147,-0.139101654,2.28,0
268,1.146065394,0.285853394,0.562438674,1.459336137,-0.225890773,-0.346302633,0.131987577,-0.085178877,0.136365128,-0.149999068,-0.09610002,1.102136388,0.686087249,-0.089169308,-0.213955766,-0.859372856,0.331942675,-1.192119144,-0.495748975,-0.148534056,-0.071472989,0.076177369,-0.030566689,0.444843265,0.650036517,-0.335735765,0.046371828,0.020898982,6.54,0
269,1.32062603,-1.17433822,0.713431142,-2.177940779,-1.511233594,0.059314279,-1.308064064,0.298795701,0.788813964,-0.200098696,0.835250931,0.506267909,-0.892307728,0.083950916,0.871964931,-1.856352559,0.163267546,1.670423005,0.061359194,-0.577242629,-0.354221197,-0.365280037,0.064821975,-0.322003459,0.152701402,-0.003130662,0.07510294,0.010941135,2.6,0
271,1.196192808,0.245161003,0.631947468,0.642940902,-0.413132655,-0.699728161,0.01953274,-0.112500121,-0.047057144,-0.12271147,0.371980575,0.794397765,0.674412675,0.20015868,1.21188268,-0.105518258,-0.050858411,-1.151578693,-0.603069525,-0.109478011,-0.203867812,-0.533641292,0.201929024,0.406872401,0.11613734,0.102674899,-0.009121198,0.019700457,0.89,0
273,0.216726738,0.710626489,1.224875937,1.139405337,-0.376350606,-0.25398554,-0.034557028,-0.812548331,-0.260261137,-0.128467595,0.053679475,0.020850904,-0.626932857,0.605768304,1.568848391,-0.434883233,0.233917134,-0.534323372,-0.288381351,-0.214411701,0.77347578,-0.233609145,-0.045366371,0.368535478,0.675417972,-0.286280941,0.196729841,0.226031239,18.0,0
274,-0.586189994,0.490033022,0.564065152,-1.228363846,2.860178365,3.363731139,0.263669446,0.703249305,-0.648517819,-0.338281228,-0.088266483,-0.392281621,-0.095892063,0.134683919,1.140451177,0.416862645,-0.94298694,0.096660435,0.513916396,0.241503348,-0.295025553,-0.965886561,-0.207535476,0.989880285,0.25782071,0.114457612,-0.159428052,-0.158920772,1.98,0
275,-0.363518694,0.055464405,1.85757124,-1.085420971,-0.981918254,-0.473025259,0.210564834,0.022670381,-1.641689106,0.28699414,1.29854579,0.49763916,0.44837007,0.076079824,0.153456426,-1.035223639,-0.338424473,1.50792061,-0.441384421,-0.25987666,-0.408214033,-0.907776138,0.248036844,0.492935993,-0.52488905,0.340449354,0.011118634,0.06093585,70.33,0
280,0.878794493,-0.266909198,0.409706011,1.509808074,-0.487798048,0.376829476,-0.389288343,0.33136114,0.702727615,-0.574106367,1.111967187,0.599725186,-1.234587532,-1.028018411,-0.780626425,-0.081814287,0.97970005,0.385091634,-0.240107937,-0.001707997,0.025055821,0.110526605,-0.191237157,-0.059199193,0.504350122,-0.271526148,0.059099556,0.053500821,109.15,0
282,0.057779947,1.550355631,-1.950407891,2.041472847,2.258425812,4.692012457,-2.303907216,-4.492133436,-2.013112905,0.108543877,-0.444927876,0.079246917,-0.418820461,1.642575038,0.914557289,0.379159779,-0.199043721,0.250599297,0.591391397,1.419343307,-2.477110573,0.803885762,0.284486745,0.993048818,-0.039252419,0.173406327,0.181839892,0.378080368,27.0,0
282,-0.426029991,1.04118389,1.063793175,-0.407920575,0.077615125,-0.810862242,0.620734095,-1.048588849,-0.416712414,-0.5752461,-0.465570977,0.662807869,0.974220943,-0.156006298,-0.253610097,-0.434466385,0.066692182,-0.720718703,0.415395581,-0.139565465,0.758833898,-0.107203543,-0.139569167,0.500354815,0.165606516,1.052250429,-0.024388206,0.008397503,2.0,0
283,-0.529995755,0.766553613,1.759393427,-1.160073914,-0.501039671,-1.404512588,0.679279031,-0.242593704,0.520867783,-0.117279871,-3.2e-05,-0.320075008,-0.886311371,-0.176522503,0.606221065,0.426544297,-0.568054205,-0.496516186,-0.982597608,0.138236319,-0.163030547,-0.219407606,0.016959334,0.934128478,-0.327383472,0.668478861,0.114264185,-0.091384806,2.31,0
284,-0.942623063,0.657317958,1.191544384,1.326497095,0.97674498,-0.832970032,0.238932868,0.163401503,-0.584980704,-0.789639334,-0.144501037,-1.445161039,-2.115885112,-0.617131929,1.966837316,-0.203704314,1.500691702,0.586786087,0.27146639,0.115262873,0.062165439,-0.016076486,-0.236314329,-0.08280197,0.357494184,-0.110529973,0.080795718,0.113264048,1.0,0
284,-0.764965866,1.339506258,1.209389008,0.005939377,-0.33180772,-0.919242688,0.434379874,0.308839764,-0.698558284,-0.56818641,-0.397372655,0.572462624,0.96521089,0.285588431,0.713760963,0.280847042,-0.274688875,-0.41823133,0.000655599,0.062044155,-0.170506846,-0.534737578,0.043175643,0.388210347,-0.137030692,0.070417781,0.142734818,0.060537249,11.99,0
285,-0.931805001,1.52773726,0.818889181,0.056990215,-0.319929644,-1.054736468,0.358789745,0.35407267,-0.392589551,-0.43267709,-0.311277877,0.166120344,0.321497602,-0.210513993,0.857176935,0.479781685,0.159892512,-0.133632196,-0.127680212,0.143479694,-0.249969036,-0.713790732,0.044633504,0.334422677,-0.081412793,0.078215065,0.231701027,0.090919678,8.99,0
287,1.030071604,-0.295088479,-0.109923644,0.071539651,-0.318253285,-0.912975895,0.431930061,-0.302890543,-0.044433218,-0.229745064,-0.498113967,0.318527983,0.521522276,0.316361182,1.000954514,0.401468724,-0.457092944,-0.866847931,0.405462113,0.279360756,-0.458490415,-1.726680216,0.087428919,-0.108541359,-0.023411412,0.525920564,-0.120269108,0.031205235,160.0,0
289,-1.782116492,-0.326079244,2.282092285,-0.381814268,1.06129006,2.666354871,0.311426142,0.364125231,1.08038229,0.652494125,1.218281878,0.121397526,-0.952894279,-0.90558715,0.803764247,-0.971253016,0.209509728,-1.225339357,-0.726363603,0.17908676,-0.316547016,0.480398017,0.193990708,-1.867208192,0.145657701,0.491213315,0.248133117,-0.504044675,74.47,0
293,1.123311065,-0.170142078,0.89877308,1.572445488,-0.727420685,0.226641226,-0.522651385,0.285406758,1.173965438,-0.194914859,-1.19210081,-0.395355037,-2.213834341,0.005351154,-0.485688847,-0.727260384,0.554140338,-0.645275882,-0.241630845,-0.334909443,-0.109955073,-0.0321972,-0.044257324,0.042350136,0.547189708,-0.250555676,0.060740833,0.017699872,5.0,0
297,1.168459597,0.284168629,0.427984728,1.382026597,-0.057586332,-0.15716991,0.132988717,-0.070708819,0.141838112,-0.152931766,-0.368409409,1.053716299,0.854168196,-0.130719267,-0.202282668,-0.76957256,0.207232629,-1.099432888,-0.373872716,-0.130219175,-0.091412377,0.025131562,-0.072433595,0.12177149,0.697131468,-0.315948987,0.04661016,0.017890834,6.86,0
297,-1.148037547,0.36762617,2.769716764,-0.356561538,-0.268456048,0.323422698,-0.108717803,0.452755262,0.166990199,-0.752053288,1.034453127,0.563469257,-0.969780397,-0.203454489,-0.74864418,0.176891759,-0.250893329,-0.078207768,-0.665423508,-0.165653988,0.063334068,0.16820958,-0.194521212,0.228655186,0.107743953,0.22233054,-0.10915952,0.089766572,6.2,0
298,1.218417038,0.077792309,0.533943622,0.84384943,-0.536021561,-0.702280581,0.006655632,-0.153410746,0.421584058,-0.204985941,-0.615400833,0.62096018,0.238575293,-0.122444262,-0.240002498,-0.294719416,0.016760295,-0.746129181,0.214192945,-0.087688523,-0.224557949,-0.466722158,0.003663041,0.438025581,0.460759606,0.267055847,-0.021915861,0.014811763,13.99,0
302,1.073785316,-0.170037328,0.790655939,1.128604515,-0.585960036,0.070807492,-0.414937486,0.057948562,0.503324119,-0.036917094,-1.177600068,-0.026488327,0.450775651,-0.089796442,1.463998327,0.925483308,-1.017179509,0.606265451,-0.414612132,0.086693078,0.100286633,0.147604017,-0.184878263,-0.460810919,0.423908825,-0.318167878,0.046110889,0.046843274,90.0,0
302,-0.986171236,1.732933867,0.857586934,0.178949727,-0.794223168,-0.088469341,-1.266790132,-4.922223906,0.010308618,-0.003059464,0.071675698,0.947121029,0.47447536,0.362346801,0.797349837,0.238125188,0.036823135,-0.606260978,-0.418371798,-0.991289202,4.332857751,-2.331390339,0.568103029,0.638795724,0.867788272,0.181051281,0.225638419,0.179026564,9.99,0
304,1.049639387,0.066437056,0.05921258,0.285469339,0.635753535,1.473073657,-0.37699315,0.579044737,-0.182239905,-0.297006898,2.247481377,1.047907512,-0.137403399,0.061752914,1.536167376,-0.481417415,0.841496878,-1.606821042,-1.332231397,-0.212006015,-0.14113681,-0.304711737,0.206104572,-1.397546966,-0.093121026,0.22711506,0.042339963,0.001972466,1.98,0
307,1.169208825,-0.032253822,1.011697001,1.353641323,-0.876061895,-0.320566874,-0.443363657,0.053143062,0.868260239,-0.154677516,-0.925866083,0.133228526,-0.560607539,-0.167477442,0.115516561,-0.070208457,-0.156935852,0.067246594,-0.228934472,-0.173525499,0.083529831,0.452189773,-0.134359353,0.407710027,0.633323987,-0.213843935,0.056280407,0.028997265,9.97,0
308,1.103870214,-0.379364955,0.699437059,0.174333313,-0.918020872,-0.41844461,-0.394105947,0.061586476,0.436487428,-0.084439474,1.110035662,0.807998816,-0.417074931,0.142484339,-0.181188757,0.352516919,-0.362178329,0.108860713,0.395958232,0.020978644,0.008219646,-0.016349949,-0.050821198,0.398893636,0.202283177,0.992403516,-0.074168939,0.006682107,60.0,0
309,1.031380762,-0.089444068,0.421362451,0.620874595,0.330241872,1.351988288,-0.28790071,0.41209358,0.313047407,-0.414255784,0.440656268,1.313518637,0.767262485,-0.122085165,0.783837863,-1.587345934,1.184230788,-2.76226609,-1.338868857,-0.184405762,-0.098008329,0.077084403,0.122697564,-0.898893585,0.166942752,0.393915678,0.053320049,0.001398365,14.6,0
310,-1.236350718,-0.687029326,2.09340721,0.601217072,0.782302931,-1.167113295,-0.675395476,0.232562755,0.500531075,-0.565374195,-1.050191701,0.091748479,-0.198063134,-0.277611021,-0.04263901,0.357374924,-0.653671006,0.382050498,-0.975039278,0.129688378,0.37883212,0.841498783,0.150103308,0.391760104,-0.542331383,-0.531517113,0.186280373,0.23001196,7.8,0
310,-1.013286997,0.512380148,0.83725915,0.40846827,2.078535244,4.692661723,-0.294088412,0.898044188,0.919346555,0.321821402,-1.049923051,0.186009741,-0.421530266,-1.028746574,-1.32120126,-1.140560953,0.252886912,-0.218197255,2.058913416,0.207566369,-0.470714367,-0.879661025,-0.147591262,1.003181291,0.11807892,-0.460627055,-0.271699744,0.012446212,22.09,0
310,-0.72885714,-0.020542102,1.415026053,1.233902198,-0.240077156,0.48224046,1.315729577,-0.010902959,-0.360987151,-0.13149133,1.063574803,0.06873872,-1.63650437,0.330739968,-0.498455292,-0.937948109,0.296245912,-0.051809179,0.620119645,0.439814039,0.154089098,0.339030791,0.372441679,0.172196568,-0.23087164,-0.363259875,-0.067174447,-0.066831765,222.5,0
311,1.090348628,-0.270145648,1.235910645,0.702070766,-0.856229171,0.485168554,-0.804133733,0.359129905,0.673893646,-0.115228174,1.178923569,1.192034978,-0.102568517,-0.172839145,-0.244323224,0.069196556,-0.144427638,-0.183645837,-0.109383536,-0.119165021,-0.011401814,0.152460567,0.046069796,0.052707338,0.149042153,0.329247897,0.028873279,0.013953986,11.5,0
311,1.182238087,-0.14751846,1.248518326,0.862034219,-1.07672806,-0.299690186,-0.614840318,0.064575126,0.907341201,-0.244553773,-0.705757309,0.523097925,0.199032721,-0.437901947,0.18282428,0.155471836,-0.183113546,-0.254955281,-0.041502453,-0.091273065,-0.090194351,-0.057345525,0.030120976,0.438310381,0.259808056,0.315895535,0.017962001,0.027611165,8.58,0
312,-0.719402299,-0.12418376,1.979308881,0.50341534,-0.732324065,0.394882604,0.280295996,0.118478131,-1.445665939,0.267392186,-0.72590923,-0.114619106,0.570009354,-0.264338203,0.617933333,-2.115463181,0.488494551,1.05409097,-0.602146743,-0.058001928,-0.170479698,-0.125549956,0.203485214,0.041484447,-0.026662681,-0.232425279,0.134531297,0.133483791,140.6,0
312,-0.987858067,0.475771323,1.672621633,1.178044407,0.730281776,-0.403391397,0.308013825,0.254682319,-1.045605931,0.155400733,1.793724813,0.702015057,-0.319470483,0.685309695,0.877367283,-0.447055742,0.096461648,-0.395179065,0.795531561,0.392655542,-0.319191925,-1.132127554,0.233566095,0.140308782,0.072812502,-0.637664641,0.231877129,0.062719054,33.26,0
313,-0.907420424,1.103911837,1.288489227,1.243611848,-0.068031605,0.214040128,0.32400012,0.436037213,-0.437408891,0.17931799,1.122281558,0.702855841,-0.757837178,0.398639587,-0.435503484,-1.026095104,0.538793315,-0.183179502,0.949006459,0.028250807,0.02251955,0.399523454,-0.049080542,0.220258114,-0.162924387,-0.286993559,0.015071072,-0.104667534,15.08,0
315,-1.014692833,0.44491767,2.25900536,0.336945912,-0.492325915,-0.649977397,0.542460114,-0.201798135,0.491987439,0.013239093,-0.171666745,0.717765848,0.855574355,-0.890737503,-0.241276331,-0.435455423,-0.08367101,-0.326211529,-0.14387383,0.399388446,0.0907613,0.829357952,-0.105668559,1.005763498,-0.098694309,0.396781209,0.307894489,0.09874551,69.99,0
318,1.491205021,-0.246291572,-0.386057979,-0.780637851,-0.340415627,-1.110700989,-0.004047789,-0.410925507,-1.203188925,0.672477712,-0.577987712,-0.481010189,0.768684988,-0.027831659,0.396406497,0.84465716,0.19466881,-1.509075816,0.82024513,0.109400859,0.161920145,0.441320557,-0.229694573,-0.056776349,0.879712322,-0.055351508,-0.025083973,-0.002583618,10.0,0
322,1.202007182,0.108213477,0.591724235,0.566078555,-0.641573116,-0.816974062,-0.127402593,0.004375489,-0.026147821,0.142130857,1.437540384,0.414104282,-1.142816179,0.7143189,0.463185991,0.502347844,-0.523033517,0.050445838,0.102606242,-0.174502715,-0.207683231,-0.703843603,0.165350247,0.493735717,0.114822059,0.068947381,-0.041349711,0.008040785,1.79,0
323,-0.704133362,0.341397056,1.740026865,-1.661594963,0.872313095,-0.007310804,0.923083313,-0.575938518,0.447696788,0.264464751,0.302329167,-0.589641284,-0.979095994,-0.414870005,0.227650953,0.863538644,-1.560955111,0.570081621,0.26259684,0.018388713,-0.206984115,-0.321045184,-0.334626466,-0.813176252,-0.265089437,0.68904316,-0.904112857,-0.579831489,0.77,0
323,-0.850730609,0.695702822,2.071837569,0.928201004,-0.032107928,0.648932279,0.150909122,0.440485982,-0.564488519,0.057701571,0.976696627,-0.109204861,-0.923903849,0.458685782,1.324652235,0.004794609,-0.235066834,0.783136839,0.589647225,0.301435684,0.211627698,0.591595716,-0.21096154,-0.341889009,0.281912496,-0.067353029,0.339467271,0.13809145,52.0,0
325,1.409185924,-0.383685926,0.256251855,-0.703150205,-0.763573514,-0.732256561,-0.3506583,-0.285737734,-1.032102944,0.629431439,-0.668417745,0.479063948,1.890291745,-0.237055078,0.845158255,-1.100665499,-0.338681523,0.838398514,-0.585140547,-0.343626433,-0.498190423,-0.918542231,0.05554841,-0.067339277,0.208494751,0.929543066,-0.047750993,0.010905288,17.24,0
327,1.162686622,0.269139448,0.163258074,0.9430877,-0.003225383,-0.42182179,0.213395377,-0.125541511,-0.396782854,0.142439937,1.168540081,1.256287954,0.889922326,0.391563533,0.146892023,0.302236362,-0.847188564,0.34497225,0.025834206,0.002162123,0.087744826,0.236577241,-0.191414759,0.042338257,0.720314893,-0.332043296,0.009355746,0.014456699,36.71,0
328,-4.236419437,-4.459784208,1.381813308,1.117079984,6.044486324,-3.498447175,-2.740892495,0.372155022,-0.214338183,-0.242299844,-1.681844221,0.605227562,1.702995485,0.07545789,0.56515746,0.515252809,-1.184630764,0.381559087,-0.280158913,1.394093411,0.397071817,-0.432517322,0.612506739,-1.016361972,0.63037256,-0.498140915,-0.094774489,0.208038267,2.5,0
330,-0.386633363,0.953378783,1.851726441,1.623108112,-0.603151408,0.20491628,0.438894025,-0.313316649,0.359460761,0.585054531,-0.453422193,0.748281159,1.511168876,-0.925787591,0.644372174,-0.975487961,0.187552102,0.119377922,1.456398572,0.298617625,0.141431559,0.996964129,-0.205807547,0.481312106,-0.224335019,-0.105636239,-0.104202409,-0.070726229,55.76,0
330,1.20778786,-0.006914877,0.361346959,0.778856504,-0.404622169,-0.503633402,0.008942349,-0.123995911,0.478881824,-0.206166184,-0.974621343,0.382429909,0.075452758,-0.093981075,-0.18717978,-0.177473652,-0.099552563,-0.597944047,0.344821261,-0.053846434,-0.239519204,-0.560161486,-0.054801389,0.059683795,0.493781148,0.288737767,-0.027264101,0.013754297,32.38,0
331,1.2201635,0.330421329,0.518020385,0.823178968,-0.680718692,-1.391443264,0.058431285,-0.205429665,0.082093921,-0.26636034,0.312675843,0.108577575,-0.434927117,-0.142860341,1.117223599,0.349959637,0.220439327,-0.403224419,-0.394698311,-0.13617482,-0.259713108,-0.778004929,0.2026852,0.86214906,0.126258565,0.063437904,-0.025916895,0.034840344,0.89,0
333,-2.977213708,0.781747655,2.881723998,-1.627798168,-1.368067062,1.656876386,-1.185052951,-5.393736022,1.719406875,2.372954645,0.710988574,0.989775451,-0.108996728,-2.461600085,-2.820860867,-2.15110216,0.186714167,1.039261204,-0.477813538,-0.879343727,3.656428393,-1.92918133,0.190842644,0.533133883,0.296772876,0.890103553,-0.123225144,-0.543749903,75.0,0
335,-0.779988245,1.395774614,1.78082843,-0.187324664,0.953850176,-0.511395225,1.41947975,-0.942651672,0.412282923,0.221456982,0.132405099,-0.542889222,0.811265409,-2.916125921,1.285155313,0.541424219,0.244347062,0.715874612,-0.17538523,0.650203148,-0.303942233,-0.05993889,-0.547133529,-0.216275606,0.325047812,0.290820864,-0.529625797,-0.668826755,1.03,0
340,1.27013609,-0.608139036,0.373101019,0.2337516,-0.721246759,0.396264693,-0.841541043,0.21631992,-0.734176367,1.037110828,-0.271628357,-0.622184301,-0.96831245,0.395799865,0.621292819,-0.436055926,-0.945019335,2.606244472,-0.659702548,-0.497528216,-0.263328889,-0.43876369,-0.158517495,-0.921540809,0.448574193,-0.243216523,0.047054739,0.01908882,47.0,0
340,1.195494402,0.194929191,0.617510331,0.649717015,-0.474718197,-0.716084055,-0.027077627,-0.073384794,0.057251053,-0.10252248,0.254488017,0.427982699,-0.014536556,0.337294308,1.287486758,-0.073187023,-0.011484843,-1.067030225,-0.598449842,-0.15341684,-0.211728669,-0.590118899,0.210110524,0.388014211,0.092789049,0.104973011,-0.013644039,0.01823819,0.99,0
341,1.021665092,0.11057523,0.449479939,1.041424036,-0.213918613,-0.230678545,0.102705847,0.038497306,-0.319166006,0.076002919,1.805147524,1.255820937,0.173115239,0.558926834,0.443839463,-0.032558611,-0.348034416,-0.377364643,-0.443546588,-0.03309198,-0.043694069,-0.234765199,0.032891088,0.198345136,0.330583923,-0.559348705,0.022827897,0.025341789,62.63,0
346,1.507577981,-1.092820233,0.360102102,-1.770939923,-0.913848623,0.678723288,-1.380227523,0.147689518,-1.970260823,1.519368674,0.577750073,0.15650028,1.953660292,-0.596668879,0.336297447,0.033733617,-0.095179279,0.576655805,-0.077547433,-0.234211834,-0.047078434,0.360795664,-0.137631299,-1.122471994,0.438240733,-0.022090213,0.072569134,0.003450232,6.0,0
346,-0.928193196,0.671758012,1.924615958,0.273754663,1.041108482,0.136930115,0.361483192,0.143336968,-0.682134253,-0.650820411,-0.789520226,0.429949661,1.441283484,-0.130724906,1.209469053,0.11751407,-0.576289738,-0.331699927,-0.162684482,0.163521074,-0.115034384,-0.424493888,-0.194916247,-0.783830053,0.310156308,-0.512783097,0.084721084,0.082172614,5.0,0
346,1.077078564,0.284980217,0.007731383,1.657073001,0.052020241,0.446388674,-0.407036166,0.355703888,0.62603923,-0.929087138,1.094165108,0.579564773,-0.862188896,-2.224427562,-1.109870742,0.172381839,1.723548144,0.697990293,-0.153582743,-0.142799025,-0.174336982,-0.174160503,-0.153375332,-0.466331259,0.611000886,-0.25287057,0.090374657,0.054820384,10.99,0
351,1.205443827,0.008466986,0.95378232,1.141093019,-0.491215003,0.297302604,-0.503912858,0.084948223,0.796497028,-0.231653214,-1.367844037,0.741580897,1.186677803,-0.609098787,0.128890508,0.2751691,-0.609740709,0.087582366,0.096348015,-0.035563255,-0.103663342,-0.046172632,-0.123765481,-0.430028603,0.55922154,-0.360379212,0.077359414,0.032499077,12.99,0
352,-0.703183201,1.210704416,0.713730882,1.146380787,0.196790068,0.468059751,0.204977374,0.627388835,-0.296261347,-0.309000902,-1.645999365,-0.351982851,-0.683077622,0.429833357,0.320010811,-0.819032099,0.536239037,-0.27700935,1.038315088,0.015528735,-0.052939376,0.044338996,-0.184853448,-0.77643909,0.021547683,-0.166426753,0.29789193,0.128380902,13.99,0
352,-1.046361915,0.720386219,1.60341259,0.608371108,0.460940565,-1.423405785,0.266078667,-0.141047827,-0.516792826,-0.201346544,0.217884092,0.256389564,0.589282921,-0.458450813,1.242185515,-0.026376495,0.356937244,-0.224528038,0.52472785,0.122034588,-0.231026859,-0.529574974,-0.106293227,0.704603774,-0.349903416,0.146040717,0.289964795,0.159571551,2.67,0
353,1.135845919,0.084163545,0.269572728,1.210034371,0.005127919,0.318050368,-0.082663816,0.191048748,0.157572985,0.062804191,0.750879871,0.743394385,-0.846860298,0.380863154,-0.694188414,-0.397984546,-0.067048971,-0.290147054,0.048852971,-0.203569594,-0.076927341,-0.063246348,-0.110678077,-0.306079052,0.65198281,-0.308066963,0.030276204,0.001830777,12.87,0
353,0.150998914,-3.002119874,0.824301406,0.231721086,-2.621415263,0.128843083,-0.755233269,0.09595558,0.638218706,0.096462297,-1.221419517,-0.993401341,-1.331911432,-0.75366868,-0.565549542,0.934498499,0.805874339,-0.950142236,0.640846634,1.180050225,0.52171897,0.320296979,-0.591253399,0.447557233,0.16408041,-0.131896902,-0.047546926,0.130266352,611.76,0
354,-1.088458254,1.197103322,1.293719051,-1.176453493,-0.859954614,-1.476075434,0.30825432,0.196454172,0.542924754,-0.032406197,-0.125285297,-0.149935133,-0.824834176,0.069129833,0.581413295,0.526806813,-0.408214725,-0.474626483,-1.017828977,0.158246774,-0.150072153,-0.252378549,0.082766314,0.929138671,-0.251993525,0.675392075,0.0935283,-0.093285839,2.31,0
355,0.019255812,0.471698112,0.868060279,-1.239124163,0.54789788,-0.502661073,0.808516316,-0.247667131,0.130741129,-0.484993915,-0.702094465,-0.213445399,-0.048713337,-0.065306992,0.658810334,0.168525657,-0.621303531,-0.690750497,-0.697036043,-0.107129889,0.021429648,0.265056733,0.06660763,-0.381752337,-1.305170563,0.64604938,-0.013624944,-0.011984806,2.61,0
355,1.085840189,0.126685611,0.498971955,1.333699555,-0.199128816,0.032644469,-0.015573605,0.116090545,0.015999054,0.038632614,1.343920456,1.28560962,-0.249603064,0.277133182,-0.807816078,-0.584436585,0.087007323,-0.546731385,-0.15830097,-0.162853422,-0.029953279,0.087509137,-0.059209264,0.245500857,0.601876313,-0.344060845,0.034198842,0.009880143,19.64,0
356,-1.244126298,1.105870921,2.870894277,3.015097159,-0.813713656,0.992462333,-0.337465378,0.454982765,-0.205521576,1.216254946,0.571551587,0.287878546,-0.701566416,-0.558473448,-0.9620911,-0.411144663,0.368082486,0.692724641,1.316682526,0.306946912,0.149733341,0.839213313,-0.309444805,0.575610551,0.304568124,0.489685234,0.206089242,0.25486446,20.48,0
356,1.586092522,-1.169090734,-1.350476708,-2.504579946,1.106389336,3.135281691,-1.351528738,0.690932116,-2.090697434,1.523080007,-0.246097975,-1.06161533,0.466127462,-0.092296784,0.684725301,-0.190604933,0.044771226,0.39335432,0.128788919,-0.20272267,-0.200366156,-0.325402427,-0.071104246,0.996898296,0.681092671,-0.100189962,0.022118296,0.009259482,15.0,0
358,1.106250813,0.398625212,0.860420675,2.388862104,-0.36584296,-0.192568394,-0.121769312,0.15087551,-0.733270908,0.860899788,0.981651769,-0.079715777,-1.418024438,0.72382105,0.049226993,1.101370208,-0.839421955,0.185977157,-0.620854915,-0.200063604,-0.253189153,-0.952835561,0.181642859,0.222462246,0.083551647,-0.342278231,-0.017021258,0.020976268,17.43,0
358,-0.424665607,0.554293424,1.374234118,-0.447451226,0.288247577,-1.082535591,0.969034687,-0.347445945,-0.109677746,-0.258586842,-0.328432759,0.315485393,0.755611995,-0.301423238,0.280566235,0.311837758,-0.813543198,-0.384037607,-0.822537835,0.24034429,-0.023295757,0.103502074,0.024513196,0.425008017,-0.227745622,0.182264367,0.076720325,-0.098667099,41.64,0
362,-0.692698818,0.291548412,1.575227626,-1.219400412,-0.30225748,0.670790163,0.333059413,0.15387472,1.198541231,-1.473882056,-1.390194371,-0.021875819,-0.242528636,-0.273344546,1.328582304,-1.160033353,0.280766892,0.320173091,1.58853181,0.02336118,0.128170493,0.679178968,-0.516104883,-0.869866017,0.643627801,-0.297472032,0.063828161,0.042908436,79.0,0
365,-0.456585659,0.541707557,1.331297243,0.559447257,0.18404479,0.612792453,0.632758584,0.152252962,-0.202196268,-0.5106985,-1.363929124,-0.431828044,-0.477288804,0.005566931,0.518554014,-0.784473071,0.425146452,-0.490890388,1.319236913,0.194231808,-0.134465006,-0.316126146,-0.072148623,-0.749724897,-0.039643644,0.472098135,0.075612235,0.099984823,74.22,0
365,-1.20943716,0.949446219,-0.429811066,-2.640093521,2.601386808,3.056965536,0.473494762,0.280729186,0.853043393,1.023892724,0.025354554,-0.386034224,-0.16159745,-0.558824188,0.714131154,0.553552719,-1.393507597,-0.123716655,-0.369462645,0.410370345,-0.214919579,-0.449815405,-0.088677129,1.030439176,-0.048967372,0.671978938,-0.612153238,-0.224000086,0.68,0
368,-0.409899593,1.183087565,1.598967048,0.353088354,0.30971002,-0.312399992,0.707197413,-0.04320649,-0.892868987,-0.684800184,0.237011018,0.513399774,1.258257779,-0.521488332,1.403897714,-0.243457561,0.491733589,-0.618058044,0.293941889,0.117258109,-0.163370812,-0.396155273,-0.069497774,0.069734973,-0.298406889,0.199188201,0.099692434,0.118617202,1.98,0
369,1.255729408,0.297650062,0.287526409,0.699902086,-0.438405256,-1.088542438,0.034421481,-0.159595857,0.14998966,-0.260027513,-0.202845457,-0.178269773,-0.54681741,-0.133805464,1.179252941,0.516409851,0.036999064,-0.202477438,-0.191225043,-0.129758981,-0.296736011,-0.894374277,0.137805513,0.318640737,0.190561733,0.097318944,-0.028174478,0.029140604,1.98,0
370,1.354445057,-0.81529671,0.836498305,-0.617140247,-1.304123735,-0.025273809,-1.147177389,0.162996088,-0.258341353,0.660341204,0.632539623,-0.056930151,-0.351267301,-0.466689479,-0.835734315,1.157376633,0.186554348,-0.57970044,1.077008602,0.040379238,0.292038166,0.94135696,-0.192850905,0.049422042,0.597416327,0.002148546,0.035181508,0.00368211,4.79,0
375,-0.837689399,0.777697548,1.841251908,3.056891684,0.303627257,0.615334509,0.531503581,-0.081955234,-0.522526744,1.149724997,-0.692305561,-0.219451806,-0.064181949,-0.473905555,0.119392546,-1.014120008,0.596687496,-0.637465522,0.826731026,0.03200224,-0.070068506,0.556788018,0.217680954,0.100721259,-0.332478928,0.252525567,0.138864823,-0.085151907,29.18,0
378,-0.460445587,0.720560639,0.24783576,-0.687521024,-0.627671057,-1.12970975,0.426560471,0.055194973,-2.063462067,-0.278732165,-0.051371388,-0.375334671,1.281990091,-0.877698923,0.543343782,0.874039943,1.428132849,-0.933302845,1.239625199,0.344737648,0.329564677,0.705109685,0.037092678,0.373316311,-0.176941784,-0.156161346,0.01163128,0.116359292,85.25,0
380,-1.29983679,0.881817464,1.452841879,-1.293698332,-0.025104981,-1.170102626,0.861610195,-0.193933516,0.592000947,0.241978858,0.144973301,-0.583891284,-1.595345315,0.032612886,0.752833857,-0.094286374,-0.163427019,-1.111176014,-1.12402459,0.06597901,-0.272562732,-0.360853038,0.223911215,0.598929622,-0.397704638,0.637140781,0.234872284,0.021378793,0.0,0
384,0.450789665,-2.168532687,-0.824039454,-0.351020593,-0.98403313,-0.079024459,0.274408704,-0.183159236,-0.949651213,0.5801427,0.070217017,0.008289176,-0.4092444,0.421210061,-0.538527664,-1.248464079,-0.195415887,1.56371475,-0.003321776,0.517926231,-0.157792202,-1.057971431,-0.55917046,-0.46940444,0.310074723,1.076462618,-0.173558408,0.065210028,510.22,0
386,1.213135839,0.462142518,0.664599346,1.301135304,-0.407415561,-0.994124679,0.180625573,-0.27903503,-0.216489299,0.016011579,0.124779978,1.049709455,1.424610253,0.034876329,0.794658354,0.039519296,-0.455406937,-0.358971564,-0.605013173,-0.065426186,0.069833701,0.318993674,-0.048025666,0.758935862,0.616220732,-0.354056706,0.032491644,0.030264168,1.0,0
388,-0.517234029,0.599240836,2.913950395,0.374993548,-0.453371116,-0.407892851,0.653325721,-0.337756378,0.713252074,-0.292509244,-0.431166467,0.009447995,-0.552711682,-0.843709866,-0.362611996,-0.136814384,-0.464019597,-0.146809662,-0.821349617,-0.074847619,-0.016611951,0.394598452,-0.151037153,0.896231988,-0.335150323,-0.680062118,-0.286108769,-0.298699176,12.99,0
388,0.19948941,0.705635829,1.39811485,1.21964719,0.149196139,-0.69893233,-0.551005698,-0.872024284,-0.370323732,-0.032175636,0.506833954,0.94959832,0.689685777,0.394380416,1.412828788,-0.52131921,0.241034972,-0.989513274,-0.326511552,-0.203632497,0.640890367,-0.701341255,-0.757939045,0.639510058,0.147695933,-0.544985958,0.274527786,0.28055474,9.99,0
389,-1.581926725,1.754753199,0.796003311,-0.558083886,0.302975097,-0.068701426,0.776211003,-0.057165218,1.03610372,1.9311623,1.466219837,-0.359799506,-1.519401377,-0.759087603,0.79161053,0.167180503,-0.259399468,0.053381282,-0.19661855,0.908321869,-0.511518027,-0.729446154,-0.029176613,-0.430327782,-0.012086274,0.080317898,0.54010667,0.034934173,8.93,0
391,-0.829932199,0.430250426,1.303707673,1.040559371,0.822209791,0.844830135,0.589865275,0.045790744,-0.14864457,0.310522867,0.178932311,-0.314635572,-1.510059288,0.182331208,-0.157713527,-0.783954374,0.037390761,0.242676949,1.442092948,-0.058815781,-0.075178971,0.096038166,-0.139414587,-0.859739201,0.12123541,-0.204961889,-0.292247194,-0.058995507,27.7,0
392,-2.153490865,0.104020929,1.459531502,-1.613283866,-1.071360619,0.192161,-0.332747788,0.462717462,-0.209569474,0.237995866,-1.636991145,-0.145006279,1.194627939,-1.276750664,-1.228846054,1.18370927,0.20108789,-1.323823626,0.676053147,0.227422002,-0.101936789,0.096734514,-0.490325275,-0.392662347,0.608577595,-0.33838167,-0.352131899,-0.422725982,82.29,0
394,1.293053468,0.457969173,-1.940450108,0.173148862,2.609569767,3.014117069,-0.269414758,0.754420441,-0.221009097,-0.62079986,0.348748433,-0.296104948,-0.118735703,-1.192582007,1.278393499,0.923267817,0.39537938,1.039037697,-0.252923896,0.025020076,-0.121125632,-0.427753296,-0.159335695,0.857134711,0.850054899,-0.311685063,0.037536213,0.05061751,1.0,0
394,-0.553092103,1.667590646,-0.047357427,0.514248893,0.589388488,-0.635410523,1.126610867,-0.311882321,0.035247126,1.704936035,1.112336066,0.616777458,0.217651195,0.093269229,0.051643168,-0.471139993,-0.700957698,0.351665713,0.709548658,0.577734173,-0.033536548,0.687658355,-0.076693086,0.014809587,-0.590713382,-0.482998413,0.137717309,-0.334914691,1.55,0
402,-0.160626024,-0.064459272,2.531072429,-1.328267897,-0.970429962,0.1850305,-0.380184274,0.078119057,1.775956234,-1.242314803,-0.36495383,0.435456871,0.03950152,-0.760588289,1.701604126,-1.23341667,0.497776404,0.194699718,1.43068505,0.130322208,0.262123747,1.340696247,-0.253860032,0.178600525,-0.49112106,0.244971998,0.07482909,-0.069923636,0.01,0
403,1.237412804,0.51236483,0.68774556,1.693872394,-0.236322622,-0.65023174,0.118066209,-0.230545316,-0.808522532,0.511283784,-0.178158848,0.762909091,1.700923261,-0.133860624,0.402417753,0.684668257,-0.609395282,-0.704276523,-0.720725513,-0.006716199,-0.077543048,-0.178219658,0.03872219,0.47121815,0.289248688,0.87180308,-0.066883865,0.012986379,0.0,0
403,0.699598576,-2.631727446,0.661576193,-0.70725367,-2.260999627,0.360969495,-1.069656313,-0.053544101,-0.833646959,0.915354738,-1.527099037,-0.013669035,1.594933946,-1.467208744,-1.417228304,-0.877217761,0.893238358,0.035657718,0.248351812,0.54091187,0.04988157,0.068132256,-0.499373166,-0.028742689,0.460852497,-0.003403139,0.020448698,0.092993878,411.88,0
403,1.131541305,-0.174361327,0.9926215,0.600032005,-1.021934205,-0.644778975,-0.428619437,-0.032070613,0.516317803,-0.118985161,-0.366030395,0.116521248,0.051908354,0.014390841,1.424916679,0.672573973,-0.563922581,0.031697566,-0.385113764,0.006618851,0.022068346,-0.031149484,0.022845481,0.414590995,0.129934943,0.387227991,-0.016423479,0.034254727,52.4,0
403,1.08521407,-0.228463564,0.774502959,1.379281622,-0.469899988,0.765730748,-0.589283517,0.426976106,0.865987344,-0.043911176,0.285295859,0.427668007,-1.776336473,0.092020867,-1.210169033,-0.452907276,0.155038459,-0.094429241,0.168118712,-0.262478353,-0.069034668,0.049994854,-0.111814083,-0.319641705,0.57409203,-0.250481687,0.05751707,0.006986077,15.0,0
405,-0.844953413,1.396043654,1.325803627,0.503092093,0.005609212,-0.727816054,0.692731867,0.251971712,-1.442764248,-0.447368654,-0.643129261,0.631724159,1.567940373,0.044909739,-0.50405649,1.075011647,-0.821382487,-0.58549476,-1.584579958,-0.146557732,0.096803633,0.069220604,0.025521572,0.450555651,-0.402727525,0.607588239,-0.091073522,0.080906059,27.13,0
406,-2.312226542,1.951992011,-1.609850732,3.997905588,-0.522187865,-1.426545319,-2.537387306,1.391657248,-2.770089277,-2.772272145,3.202033207,-2.899907388,-0.595221881,-4.289253782,0.38972412,-1.14074718,-2.830055675,-0.016822468,0.416955705,0.126910559,0.517232371,-0.035049369,-0.465211076,0.320198199,0.044519167,0.177839798,0.261145003,-0.143275875,0.0,1
406,-1.645008604,-2.090799133,1.592566836,-1.38885259,1.732899192,-1.631058781,-0.922859376,0.01381445,1.760777056,-1.270164278,-1.401053239,0.35601814,0.191579696,-0.473274886,0.707895259,-0.179083043,-0.816905117,0.631246543,0.309446502,0.564245803,0.248155008,0.415496484,0.293293937,-0.463425038,-0.40517536,-0.92410328,0.00658569,0.018683011,46.68,0
409,-0.544922216,0.595407358,1.813260912,-1.344669741,0.016864248,-0.601397515,0.660875856,-0.058977945,0.317033236,-0.523190104,-0.386483889,-0.716843483,-1.307211536,0.018265901,0.926463709,0.282247864,-0.427226014,-0.671667526,-1.032118142,-0.016848168,-0.123047852,-0.1482281,-0.07607547,0.074036189,-0.486633189,0.724548696,0.104294235,-0.055109568,0.77,0
410,-1.086133382,-0.704547684,2.329021447,-0.885715003,0.617676503,0.478894182,-0.267414204,0.354041934,0.55899942,-0.788077564,1.237452121,1.360272639,0.170853649,-0.697620981,-1.203923586,-0.465259959,0.055994497,-1.002349557,-0.56523185,0.188552303,0.021119016,0.213191885,0.186858112,-0.207543079,-0.701079924,0.737603266,-0.093268712,-0.085372364,39.77,0
411,0.238849265,0.241701892,0.369160517,-2.124041227,-0.172507582,-0.838344862,0.183133473,-0.92144925,0.517945477,-1.215037849,1.9202565,1.44127412,-0.222390941,0.769624358,0.665069189,-0.776718204,-0.036660169,-0.352461245,0.241211829,-0.268390117,0.846543762,0.047365248,-0.162209812,0.284052803,0.773004322,-0.034858476,0.153185473,0.207923528,10.0,0
413,-1.075652175,1.101232991,0.579164114,-0.459366284,0.600010666,0.160926509,0.573487885,0.274772969,-0.581368053,0.12171064,0.189099244,0.888804485,1.489960834,0.064827651,0.078677511,0.687699053,-1.156900635,0.62039466,0.704515543,0.372269475,-0.074954396,-0.016217655,-0.267397471,-0.982177376,-0.009294411,0.266081186,0.158421273,-0.059167789,40.0,0
414,-0.376162266,0.460564985,1.686272992,1.30037893,0.192392512,0.205984515,0.55436679,0.095976987,-0.210761006,0.143518094,0.969152548,-0.299821115,-2.401077746,0.480956261,-0.247237245,-1.058838372,0.470259235,9.22e-05,0.97722597,0.010520607,0.030857721,0.301531822,-0.072866985,0.178562454,-0.344147633,-0.301680946,-7.11e-05,-0.083202228,29.99,0
415,-0.687157827,0.886271167,1.805077014,1.33774152,1.027125895,-0.517470018,1.09107076,-0.154526378,-1.510994081,0.415641812,1.111937344,0.469677319,-0.03315868,0.241555373,-1.008202986,0.913401027,-1.203573602,-0.274804001,-1.014585088,0.021980157,-0.330226302,-1.116934457,0.21204245,0.224770487,-0.648440632,-0.757446555,-0.085293741,-0.067073619,24.02,0
417,-2.680347808,1.872051952,1.144711752,-0.693663602,0.155171669,0.601324582,0.904200896,-0.520078914,3.013065109,3.555694548,-0.900036654,-0.527338232,-0.287792125,-2.011326604,0.485905617,-0.710475503,-0.637226752,-0.433060051,-0.218876517,1.483876685,-0.459591663,0.485420984,-0.365436576,-0.744117583,0.328654644,0.457695263,0.566152475,0.16824104,29.99,0
423,1.161123361,0.654049832,0.211965676,2.521864464,0.156581564,-0.58346052,0.442846699,-0.120914394,-0.959400586,0.715869481,-0.155990226,-0.354074282,-0.917180464,0.727635502,0.521758013,-0.021360119,-0.033509525,-0.958702429,-1.363450555,-0.258545519,0.025278231,0.046085116,-0.025789304,0.377011773,0.585969722,0.080867982,-0.028148258,0.008323383,3.75,0
426,-0.42412602,0.943261997,1.133353827,-0.16633779,0.387243438,-0.030381616,0.466044813,0.275040959,-0.527931832,-0.364996705,1.294315627,0.212521564,-0.633655364,-0.082418374,0.547718126,0.415066881,-0.042596778,0.102803553,-0.031698784,0.068551247,-0.211157825,-0.582126077,-0.021226912,-0.379103827,-0.241854063,0.106795711,0.25181094,0.080462097,4.95,0
427,-0.856567135,0.842155882,1.716676851,-0.016177614,1.054485807,-0.440337635,1.463573681,-0.378756841,-0.72854399,0.042131551,1.471733216,-0.206399494,-1.690500706,0.476756136,-0.136423983,-0.318364953,-0.551950933,-0.188745626,-0.857467542,-0.101960461,0.049031994,0.297740764,-0.45650152,0.197724181,0.610523208,-0.420531463,-0.458258405,-0.381306159,12.98,0
427,0.173200432,-1.823346056,0.307208485,1.342690667,-1.358110718,-0.136943694,0.355662815,-0.159310859,0.854919118,-0.581898525,-0.898873063,0.847338394,0.40789131,-0.449137192,-0.873602374,-0.431307453,0.249964709,-0.582009346,0.18821947,0.986324948,0.182255069,-0.32755542,-0.536358775,0.507572679,0.33185285,0.469279934,-0.102721495,0.106900915,539.17,0
427,0.823787878,-0.90293787,0.107280278,0.384450769,-0.790004777,-0.431548625,0.114446844,-0.124467348,0.706185473,-0.384983592,-1.131253792,0.000949819,-0.488193049,-0.002213075,0.032372688,0.036773355,-0.054470416,-0.587653422,0.538507235,0.38066862,-0.203972475,-0.99555778,-0.17350876,-0.063200034,0.180528534,0.848548453,-0.115665774,0.041673607,246.96,0
430,-1.860257692,-0.62985892,0.966570448,0.844632076,0.759982662,-1.481172903,-0.509681452,0.540722085,-0.733623388,-0.371621504,0.859741162,0.37260884,-1.240184766,0.998391329,-0.346387125,-0.391678583,0.348289432,0.282124766,1.165893165,0.320449625,0.268027796,0.125515236,-0.225028535,0.586664443,-0.031598082,0.570168024,-0.043007486,-0.22373948,0.0,0
430,-1.647247746,1.627046142,0.828098227,-1.1927085,-1.218393734,-1.547978485,-0.063064613,0.635640649,0.564944973,0.052423213,-0.250582869,0.020229954,-0.763352979,0.314848222,0.556575,0.626996539,-0.248345466,-0.452638236,-1.053111298,0.179014465,-0.136867795,-0.28538551,0.149182494,0.924094791,-0.176509163,0.68228663,0.072508199,-0.095067418,2.31,0
430,1.331282331,-0.460775041,0.201621104,-0.582847533,-0.81535767,-0.863856547,-0.272425285,-0.228813916,-1.194788866,0.710580257,1.571596524,0.833851266,0.95213481,-0.198454513,-1.062829114,0.613136796,0.385393201,-1.362581492,1.013423236,0.157204637,0.23953179,0.71803022,-0.181652195,0.617561424,0.760130741,-0.10063481,-0.009469163,0.001406803,30.0,0
438,1.287086796,-0.392364105,0.513359804,-1.237321915,-0.402555693,0.474908019,-0.793082017,0.146590333,1.676342149,-1.089981154,-1.053329656,0.91300034,1.741552097,-0.418637364,2.45109142,0.102132451,-0.824644922,0.58823897,0.278219131,0.015737001,0.220590211,0.90136048,-0.276483934,-1.249997022,0.646934733,-0.440129994,0.127178484,0.027224189,8.49,0
442,-0.627616604,0.841973755,0.840727941,-1.351059291,0.182650198,-0.484541136,0.465109911,0.181787935,-0.074016234,-0.774766938,-0.766203498,-0.093228403,-0.021442939,0.156260711,0.677262209,0.382874055,-0.470945218,-0.710725214,-0.847331912,-0.215993808,-0.022654182,-0.101469263,-0.083594161,-0.387957909,-0.298916136,0.771189614,-0.467112727,-0.27108443,2.23,0
446,1.063317136,-0.795950552,1.268758719,0.646969513,-1.420886231,0.438476165,-1.104652827,0.370816662,-0.492432437,0.848072167,1.015804719,0.331884964,-0.849556126,0.083997348,0.081860961,-1.301215728,0.009884154,1.505688522,-1.319173115,-0.520121074,-0.272118839,-0.356985567,0.093598869,0.157000597,0.082894975,-0.399380833,0.087401897,0.039421401,64.0,0
449,-0.856525101,0.583290076,1.389013774,-0.344699052,0.267594321,-0.951375413,0.523116935,-0.049229333,-0.076944017,-0.405757624,-0.161189306,-0.225299018,-0.912194069,0.300952261,0.654658694,0.107401491,-0.281286183,-0.889231512,-1.184941297,-0.330847383,-0.056911357,-0.309940139,0.167010356,0.359246439,-0.969651014,-0.185793258,-0.136897052,0.233671762,10.2,0
450,1.216890712,-0.735671037,0.236358303,-0.579814425,-1.178603901,-0.930514021,-0.386017988,-0.12091676,-1.081758579,0.861883865,1.226286669,0.108625445,-0.70968429,0.555629175,0.237259097,-1.142885149,-0.138678041,1.424469718,-0.56154043,-0.39237971,-0.291514097,-0.586820189,0.009280151,0.557000498,0.163172877,1.005773654,-0.087848084,0.006504099,75.65,0
455,1.179162173,0.2053271,0.704970594,0.697812464,-0.566141305,-0.830944299,-0.013823924,-0.093148378,0.026188575,-0.106550027,0.457637827,0.555107409,0.060747017,0.32774635,1.260356312,-0.138325278,0.057051161,-1.147650132,-0.677127622,-0.15095067,-0.196311623,-0.543614542,0.233358607,0.597346018,0.068705699,0.091725263,-0.012834438,0.020737611,1.98,0
457,-0.942972866,1.812574711,2.112754065,2.211790554,-0.067564928,-0.614475549,0.775533394,-0.078298947,-1.276690048,0.939465827,0.083359478,0.227234266,0.785360667,-0.040083941,0.63405063,0.157938998,-0.24090146,-0.522261219,-0.329442624,0.295910351,-0.181811665,-0.44111449,0.004497504,0.881531875,-0.169524571,-0.213305191,0.313371275,0.246707317,2.72,0
458,1.217092392,-0.185347265,-0.34300089,0.087359307,1.584355828,3.849896526,-1.112153562,1.037267623,0.356591773,0.056661405,-0.222468704,0.044351756,0.19501844,0.074010527,1.587307649,1.008702851,-1.214905223,0.796282988,-0.344376814,0.024228166,0.070683009,0.083822415,-0.055255529,0.995397594,0.50206238,-0.332054748,0.065467667,0.03540578,13.0,0
459,1.294157337,1.132084249,-2.148605138,1.230031072,1.447894134,-0.767675509,0.575634926,-0.094475277,-0.454617146,-1.349215388,1.145807179,-0.796739007,-1.050166154,-3.050235203,0.58474349,1.671186056,2.032407806,2.394429078,-0.038914198,-0.046194244,-0.257463477,-0.726439533,-0.374827804,-1.358994478,0.968891686,-0.225583933,0.027084276,0.071322311,2.99,0
460,-0.73572277,1.280291154,1.113868261,1.09077388,0.565824826,0.615339416,0.572713029,0.203275028,-0.613854115,-0.303758092,-1.151570192,0.730029658,1.556613618,-0.238002272,0.151024185,-1.01377739,0.321403185,-0.586643603,1.096323221,0.076541375,-0.043853841,0.188160609,-0.345302617,-0.708607128,0.270183143,-0.182807671,-0.26098737,-0.185368182,13.49,0
460,-2.4002607,-1.383753644,1.61015057,-2.452648773,-0.592391692,-0.041593492,-0.554246548,0.090479125,-1.85285952,1.689143393,1.006714441,-0.585982253,0.456055352,-0.726728834,0.023941397,0.067992058,-0.031857859,0.496252941,-0.80427288,-0.69353715,-0.223479925,0.484415963,0.31886613,-0.326228443,0.587977512,-0.126953962,0.123829712,0.485188936,79.0,0
460,1.314054294,0.433171282,-0.57755944,0.71588293,0.683582921,-0.194720003,0.442209993,-0.147778558,-0.495027382,0.208417814,0.333679068,0.647474311,0.356898009,0.642853586,0.040678848,0.308790814,-1.001506329,0.476711848,0.474566499,-0.088304634,-0.018595585,-0.016908607,-0.306040157,-0.810191174,0.986071782,-0.242415946,-0.011942811,-0.010326537,2.85,0
462,-1.113781289,0.117378054,2.090359902,0.473339799,0.489379331,-0.993792816,0.038140211,0.145453364,-0.851287662,-0.192764693,1.409528512,0.245435625,-0.811979434,0.628821405,0.685018177,0.087970411,-0.22293937,0.297347724,0.996707629,0.262599193,-0.075002661,-0.588687267,0.044266085,0.505592909,-0.012213639,0.200640558,-0.012297068,0.079744123,13.99,0
463,1.298897892,-1.050674022,-0.301586977,-2.69813978,-1.081624634,-0.983307404,-0.365930904,-0.099131876,0.618335314,-0.6053252,1.459085962,1.006454038,-0.967427948,0.627581673,0.558909649,-3.139268621,0.712542621,1.216327746,0.454500205,-0.551491346,-0.270855184,-0.123873743,-0.113169549,0.224145516,0.729243003,-0.658223899,0.073129623,0.006890069,37.57,0
464,1.157235446,0.138019292,0.384987397,1.403600429,-0.222511764,-0.197942681,0.01826416,0.029727005,0.412465804,-0.10270866,-0.673820287,0.101237715,-0.936231549,0.226935914,-0.005099422,-0.684869024,0.309748288,-0.87860907,-0.36341697,-0.234542568,-0.108899722,-0.124280543,-0.055454111,0.072990089,0.634637765,-0.310493292,0.033930603,0.014936892,11.99,0
464,-0.839472782,1.349968467,0.478163335,0.507629155,0.539551233,0.430460613,0.237863643,0.58988293,-0.89651454,-0.012142665,0.550147651,0.73439634,0.52869876,0.681578958,0.563012069,-0.082055856,-0.344145646,0.417524179,0.665014045,0.019276227,0.186384293,0.583830371,-0.137196816,-0.836186213,-0.138521526,-0.259281737,0.18176047,0.130868077,1.48,0
465,1.263769328,-0.19775484,0.326901206,0.274103867,-0.476462137,-0.117241343,-0.334771047,0.004087947,-1.414381863,0.931604672,1.387892627,0.951115872,0.721499344,0.355295337,0.25961425,-1.576724207,-0.172808125,1.172854245,-1.205054885,-0.530571337,-0.247242553,-0.177196558,-0.009728887,-0.011025971,0.491120281,-0.315903631,0.055419392,0.013076089,7.69,0
471,1.377497103,-0.662564629,-0.13014904,-0.562680169,-0.832895167,-0.910753853,-0.327043249,-0.201708727,-0.523052865,0.606910644,-1.054682151,-1.360771315,-1.342495781,0.06881174,-0.045773648,0.70045689,0.573050558,-1.365161364,0.947649981,0.042620403,0.133023466,0.287920729,-0.224324758,0.052895872,0.775264862,-0.042444942,-0.026106799,0.003801333,48.0,0
472,1.017054969,-0.185048783,1.181666067,1.073490204,-0.550586426,0.971826768,-0.806451931,0.484792244,0.517268097,-0.060123955,1.446990443,1.19801346,-0.070890784,0.006577366,0.432215271,-0.149872874,-0.090841394,-0.195277245,-0.870040664,-0.164292863,0.239286567,0.875847991,-0.053457579,-0.269918491,0.328906924,-0.217332072,0.096207619,0.020796223,17.57,0
472,-3.043540624,-3.157307121,1.08846278,2.288643618,1.35980513,-1.064822523,0.325574266,-0.067793653,-0.270952836,-0.838586565,-0.414575448,-0.50314086,0.676501545,-1.692028933,2.000634839,0.666779696,0.599717414,1.725321007,0.28334483,2.102338793,0.661695925,0.435477209,1.375965743,-0.293803153,0.279798032,-0.145361715,-0.252773123,0.035764225,529.0,1
476,-0.867554211,-0.418633339,2.294926687,0.219869661,-0.085820323,-0.839204426,-0.724947469,0.221811954,0.423738134,-0.431875703,-0.867638465,-0.486136976,-0.799464938,-0.169084911,0.963012476,0.013252479,0.072862162,0.287711892,0.788588033,0.226694126,0.23130635,0.547469818,-0.001608179,0.461130993,-0.504833532,1.146691714,0.061651021,0.146243502,1.0,0
478,-0.39436394,0.962488927,1.164111305,-0.110028409,0.221215518,-0.526324365,0.505039916,0.14774288,-0.499457133,-0.311498738,1.049040936,0.055268911,-0.754753359,-0.081797714,0.312033559,0.712748003,-0.312042726,0.56845568,0.328515114,0.091281055,-0.240068779,-0.709400244,-0.051337328,-0.07123996,-0.173978438,0.077661031,0.234552587,0.083874813,1.79,0
480,1.039079055,1.158034045,-1.5551738,1.500270163,1.556148236,0.036028434,0.499064735,0.148227153,-0.603040247,-1.764475591,2.202819852,0.409272033,0.497219181,-3.39121307,2.052265129,-0.361773653,3.986288833,-0.811839159,-2.516962882,-0.135221946,-0.060671555,0.113741574,-0.049554735,-0.940147945,0.525324406,-0.188411062,0.116878405,0.087124516,0.75,0
483,1.039673932,-0.329295605,1.073431252,1.547480277,-0.595509891,1.0909697,-0.703762628,0.511730095,1.176991531,-0.22026736,0.113149673,0.986915066,-1.375333303,-0.347843185,-2.260051576,-0.802281887,0.466460194,-0.616351615,0.591883086,-0.236055894,-0.391770227,-0.761527649,0.035646187,-0.329861818,0.399210416,-0.50425953,0.078070407,0.014682973,20.74,0
483,-0.792724453,0.946688236,2.245148851,1.167397635,-0.625404979,-0.449979152,0.157625069,0.015378797,0.26978081,-0.021303961,-0.375566786,0.478017712,0.287826285,-0.473543981,0.127463784,-0.680594038,0.223910777,0.014716509,0.365766882,0.114467314,0.223031587,0.926664762,-0.170298346,0.972432282,-0.115297629,-0.229900137,0.156609796,0.252310084,4.42,0
484,-0.928087753,0.39819407,1.74113125,0.182672744,0.966386863,-0.901003797,0.879016073,-0.156589871,-0.142117461,-0.57477527,-0.478181307,-0.426852484,-1.493425843,0.187920732,-0.282355216,-0.648149999,-0.019449062,-0.782172208,-1.194998469,-0.118283445,0.066353416,0.281377527,-0.257966139,0.385383833,0.391117133,-0.453853317,-0.104448024,-0.125765409,1.0,1
484,1.060623411,0.077500259,-0.049338106,0.546163026,0.00483098,-0.732323324,0.547011999,-0.275000086,-0.374238867,-0.176166658,0.210357696,0.977909448,1.163019415,0.304780439,0.898922363,-0.307363095,-0.032708182,-1.451617634,-0.287767944,0.127655243,-0.286497225,-0.98223856,0.080481578,0.097460479,0.217020501,0.154498542,-0.057597595,0.024726539,99.9,0
487,-0.517981178,0.723071633,1.401195581,0.772312602,0.671651331,0.847779587,0.352294216,0.224070624,-2.314242391,0.941668898,-2.194867161,-1.90623514,-0.940699258,0.306290359,0.646916346,-0.869121137,-0.422320847,1.417456475,-1.335050545,-0.517548459,-0.374926207,-0.737658506,-0.391401321,-1.42002438,0.435490847,0.192060901,0.051326607,0.052402022,7.48,0
487,0.17485732,2.035550324,-1.866660694,1.420852692,0.829644248,-1.683504947,1.014476153,-0.303887001,0.196619884,0.129235398,2.643747277,-0.317018824,-1.015285122,-3.601835731,0.517658044,0.862952773,2.556381897,1.950360851,-0.282786918,0.508856287,-0.233183524,-0.111162849,0.093547301,0.159321442,-0.414131989,-0.443439253,0.409370788,-0.042075051,8.99,0
490,-0.215043036,0.65219023,1.107882384,1.265935183,2.3663003,4.393731587,-0.412468839,0.96064414,-0.914003137,0.745978882,-0.38845497,-0.683481233,0.174721788,-0.197216822,1.423125625,0.906269734,-1.0866268,0.90702392,0.226867374,0.266120252,0.103830156,0.304199138,-0.127454562,0.994760541,-0.501053401,0.039003168,0.024135224,-0.056240968,3.44,0
490,0.716661837,-1.097811768,0.629443205,1.939510396,-0.494739457,1.819964773,-0.624840257,0.482657355,0.783612238,0.20710545,-1.392283097,0.330364031,-0.57491995,-0.737417142,-2.643564121,0.604757884,-0.450969427,0.219756713,0.96777979,0.388817774,-0.263285966,-0.978692921,-0.359243985,-1.3320205,0.296656318,0.937425204,-0.068357016,0.032838929,254.41,0
491,-0.946412464,0.609499782,1.201709877,0.113073601,-0.210131918,-0.954008503,0.130324684,0.293270485,-0.579075668,-0.756168253,-0.627039606,0.49505732,0.646681098,0.227178565,0.319771674,-0.368820829,0.38636519,-0.537638434,1.125067906,0.144103916,-0.036420632,-0.266529055,-0.038868894,0.481942597,-0.277006005,0.949985189,-0.07961597,-0.016606233,18.45,0
493,1.219725093,-0.481148941,-0.324350971,-1.552562458,-0.25835656,-0.519341605,-0.035457768,-0.117824448,1.267125148,-1.068542481,-0.638446071,0.352484877,0.060428419,0.33282311,1.999235669,-0.505570625,-0.160606032,-0.332377621,0.646091265,0.035717841,-0.040427515,-0.106937606,-0.171757701,-0.721597142,0.525567582,0.084212262,-0.001620871,0.011865904,67.94,0
496,-0.606284096,-0.090111801,2.012027495,0.352728129,-0.210153545,0.513718707,-0.496402335,0.379687144,-1.663989823,0.767277794,0.743763824,-0.250209455,-0.405640225,0.312432885,1.09089764,-1.509168915,-0.009482923,2.107139458,-0.172340891,-0.250195884,-0.065436017,0.148714747,-0.06019846,-0.356964714,-0.213995718,-0.143623641,0.167360122,0.122289517,29.0,0
496,-2.009892751,0.522693347,2.043509809,0.223521374,-0.597859305,0.078162869,-0.450347373,0.772470913,0.532384903,-0.408489946,-0.86206635,-0.035497857,-0.648889725,-0.191864179,0.423878262,-0.106994155,0.332678804,-0.405175749,-0.141551153,-0.150667764,-0.126642076,0.080104443,0.272597626,0.088534486,0.317081909,0.419253357,0.281493573,0.060872266,16.5,0
496,-0.65295496,0.493216287,1.246769884,-0.707569436,0.165763885,-1.146223548,0.932048672,-0.094962192,-0.861258133,-0.50354864,1.448318454,0.35271917,-0.832585628,0.721807719,-0.002442366,0.060623198,-0.270581455,-0.285535061,0.757072311,0.117608436,-0.209224016,-0.894706425,0.16707456,0.528921952,-0.419800516,0.629628048,-0.040930313,0.097624443,50.99,0
497,-0.417836252,0.981102921,1.135819759,-0.172592935,0.396674889,-0.00284158,0.519779575,0.248762703,-0.593496637,-0.382215399,1.364964745,0.429957939,-0.220196835,-0.165067375,0.50196387,0.396923213,-0.06685703,0.053123244,-0.035595728,0.098873639,-0.205579923,-0.547474244,-0.020485624,-0.36818677,-0.227052862,0.105281464,0.253800476,0.081276063,8.83,0
499,1.255439288,0.307728904,0.292700171,0.699873128,-0.428875629,-1.088456119,0.043839902,-0.167738709,0.128854075,-0.264061677,-0.174507539,-0.10353665,-0.410712665,-0.160752586,1.163807699,0.508362126,0.031182516,-0.221104856,-0.194241238,-0.121156186,-0.294795249,-0.882126483,0.136845911,0.327949457,0.19445948,0.096515599,-0.027271106,0.029491255,1.98,0
499,-0.860625554,-0.109136995,2.112474001,-1.400567214,0.180269368,1.329655549,0.431000859,0.317760791,0.5937619,-0.987304417,-0.309226998,0.067845743,-0.84181499,-0.609413345,-1.189737597,0.329120749,-0.627299224,0.012316203,0.257628143,0.157200811,-0.197635169,-0.436535273,-0.194840239,-1.236873499,0.218667524,0.902383235,-0.210194686,-0.190458298,92.82,0
503,0.860544593,-0.747804385,-0.955150631,-1.124055538,0.186536255,-0.385942163,0.703442955,-0.282689455,0.482599987,-0.935486338,0.655059179,1.618951052,1.38109369,0.509031304,0.724308923,-0.143893963,-0.912888945,0.290345161,1.51673603,0.546757112,-0.236278898,-1.185202653,-0.329843656,-1.027355117,0.613308447,-0.979856894,-0.018398347,0.046620973,268.93,0
503,0.074737595,-3.032008853,-0.42991919,-0.442721155,-1.784710458,-0.066668291,0.098735574,-0.222524968,-0.241857519,0.158663893,-1.539291674,-0.496466541,0.066494276,-0.094248714,0.595002324,-1.032900635,-0.077287663,1.31801278,-0.390927193,0.967868661,-0.078927209,-1.247241707,-0.620401753,-0.368544849,-0.073358613,1.296834824,-0.192759681,0.121440265,712.82,0
509,-0.28081464,0.934605078,1.261452017,1.208912298,0.540420027,0.418318167,0.703040055,0.035862271,-0.51692003,-0.330698039,-0.961569153,0.474058536,0.891206459,-0.165812985,0.138022683,-1.097429738,0.378257554,-0.606165238,0.943715533,0.103108702,0.003485525,0.282826064,-0.187527472,-0.412473064,-0.092709781,-0.220468176,0.192768068,0.146364616,22.77,0
509,1.166591755,0.124033374,0.38199894,1.40355582,-0.254472682,-0.209577143,-0.016416583,0.054509544,0.47564672,-0.088238501,-0.744388317,-0.118819739,-1.350503218,0.308071727,0.039626479,-0.666137669,0.333222414,-0.828916718,-0.359029045,-0.271210355,-0.116682247,-0.1554965,-0.04608533,0.061415534,0.622486699,-0.308574764,0.03217297,0.013178495,6.99,0
509,-0.404840789,1.005371767,1.372756249,0.005994279,-0.118848739,-0.788473319,0.566918134,0.114720596,-0.52198708,-0.318949025,1.501466252,0.151464413,-0.986278269,-0.024208169,0.28669712,0.566864533,-0.112456891,0.41295945,0.127054849,0.06524033,-0.207334253,-0.619986971,0.02084763,0.456775451,-0.249289192,0.044936814,0.23403615,0.088355574,8.28,0
511,-0.25996089,0.998645786,1.437974634,0.038031353,0.125405256,-0.957775359,0.899757796,-0.270158696,-0.186834244,-0.291502974,-0.191254239,-0.391187004,-0.323257609,-0.554284134,0.970133367,0.319800381,-0.071469772,-0.113045968,-0.085893058,0.171634954,-0.316534843,-0.69753402,-0.035227576,0.322387428,-0.198796568,0.044629923,0.077317705,-0.125134869,8.93,0
513,1.255258037,0.075190219,0.225733321,0.881766282,0.154508082,0.631959783,-0.385968299,0.189492814,0.447979748,0.012620576,-1.584470112,-0.532828309,-0.246747952,0.180213787,1.624271422,0.575279005,-0.804792917,0.308130543,-0.467710922,-0.148843144,0.088456833,0.321205579,-0.235167006,-1.32503342,0.643129201,-0.133690224,0.05306861,0.012483689,7.0,0
513,0.166862234,1.667709184,-2.095558662,1.835206043,0.876544698,-1.481720551,-0.323575309,-2.866381524,-0.573338456,-1.838309835,0.473700797,-0.860334859,-1.247989675,-2.921127892,1.105823277,1.0635578,3.006908567,1.67817505,-0.516481336,0.491173419,-1.383097788,0.207548689,0.550348381,-0.006634696,-0.554034464,-0.421467746,0.007827453,-0.039903618,1.0,0
513,-0.632437925,-0.363984347,2.354708784,0.301992767,-0.212087776,0.982642078,-0.371441753,0.222823592,-1.105982647,0.813368793,-0.387012785,-0.690924506,-0.583113877,-0.267240461,0.371260358,-1.19477913,-0.453557053,2.689761856,0.760637141,-0.047421326,-0.354383588,-0.531434427,-0.16589749,-0.904713904,0.159311924,-0.187616384,-0.048368597,-0.136024051,64.0,0
518,-0.743470571,0.943604281,1.486463579,-0.179574516,-0.190966051,-0.29555862,0.35243803,0.354957946,-0.110108413,0.192907493,1.307387559,-0.504472042,-2.563325991,0.797243884,0.669556102,0.137928677,-0.160212771,-0.088096919,-0.145002414,0.03510964,-0.19523868,-0.55350292,0.055945704,0.134418523,-0.356894601,0.083846355,0.372062065,0.162030629,4.45,0
518,-0.641320431,0.738097929,1.916436411,-0.162040294,0.371740227,-0.203710534,0.734552138,-0.106378122,-0.650379867,-0.091715082,1.797402073,0.76249587,0.028761755,0.158764838,0.395829884,-0.076070336,-0.401123363,-0.401499944,-0.055384,0.026321929,-0.098913037,-0.232043104,-0.011842181,0.214894182,-0.486273127,0.004231902,-0.22693311,-0.092455535,9.99,0
522,-0.608941396,0.961271047,0.978329579,-0.375419712,0.955269567,-0.111386331,1.145462274,-0.070022903,-0.523789728,-0.775378534,-1.907529602,-0.605586853,0.06594749,0.167036522,0.321341488,0.665199045,-1.222324026,0.403861746,-0.503846096,-0.045864514,0.034309208,-0.010382701,-0.425614739,-1.022447628,0.613097884,-0.401181102,0.051355933,0.083632493,39.05,0
524,-0.795322273,0.081237625,2.210568147,0.268145341,-0.506874513,-0.303839691,-0.180828982,0.085539728,0.248345985,-0.470247986,0.016653512,0.540836448,0.373179221,-0.446604527,0.692985075,-0.97132038,0.801677485,-0.714838585,0.799956227,0.054227461,0.210198413,0.869921677,-0.118655867,0.744593667,-0.504293887,1.259840933,0.014692182,0.128346047,37.89,0
524,-0.292211392,0.83860468,1.360846901,-0.001345832,0.350835554,-0.894645099,1.382872021,-0.431655425,-0.40071863,-0.478108306,-0.455724229,0.167056029,0.459970254,-0.105811669,0.130068335,0.191250331,-0.89704428,-0.175738776,-1.133706644,-0.00032476,0.095844319,0.368186157,-0.150624074,0.391048376,0.186411167,-0.571951915,-0.13575482,-0.17619992,52.05,0
525,1.089846258,-0.602779584,0.924389347,-0.0770385,-1.275907271,-0.420567142,-0.634844057,0.118674459,0.838481454,-0.230708526,1.120999843,0.824766092,-0.703517201,-0.039087335,-0.446295786,0.174678978,-0.118278753,0.121266968,0.495021596,0.012891371,0.112487796,0.364386099,-0.087886252,0.644572121,0.192433295,1.421351596,-0.084481019,0.003383413,59.9,0
525,-0.755011344,-0.517761009,1.760091301,-0.65420591,-0.039142998,-0.492846593,-0.047344674,0.118935991,0.734444258,-1.053517176,-1.229568532,0.736010638,0.860724522,-0.879886872,-1.067432119,0.141057448,-0.332026321,-0.509743395,-0.067227131,0.239908157,-0.04960775,-0.20090406,0.268931258,0.108086908,-0.468659525,0.729549275,-0.017461817,0.077163317,79.54,0
530,1.255931495,0.317615094,0.293256411,0.697224133,-0.413810489,-1.081985686,0.053118707,-0.17525237,0.108261669,-0.268121739,-0.155847861,-0.031702099,-0.271230586,-0.18865066,1.149016342,0.503482633,0.021250823,-0.23628863,-0.193085692,-0.112101991,-0.293567431,-0.871804345,0.134497658,0.326186065,0.199886363,0.096395433,-0.026372899,0.029732476,1.98,0
530,1.217261105,-0.080646333,-0.059293199,-0.868862331,-0.236627993,-0.700158534,0.143747178,-0.111374358,0.790808661,-0.895455671,1.837533752,1.977772847,0.455351228,0.400479,0.13555692,-1.313351342,0.207926999,-0.409951002,0.676098078,-0.12624286,0.081581788,0.534693286,-0.159644364,0.296811562,0.855792891,-0.553063184,0.054273983,0.001410492,1.0,0
530,1.445728887,-0.992652913,0.702959271,-1.311315388,-1.613625346,-0.726591021,-1.045431131,-0.07922389,-1.812437622,1.381392542,0.057466097,-0.790523465,0.120874466,-0.202414647,0.920806193,-0.643295278,0.887211039,-0.758273687,-0.633455105,-0.392319792,-0.409740163,-0.819421972,0.287769846,0.322667998,-0.007634935,-0.469268585,0.050762554,0.027197663,12.0,0
533,-1.233534503,0.145320255,-0.0672273,-1.750577238,-0.801068748,-0.381652222,1.561095202,0.320172435,0.231378946,-1.751103813,1.386493232,1.813678651,0.410059645,0.59293554,-0.659026858,-0.968179075,0.037303887,-0.163562329,-0.075087302,0.460897165,0.395250314,0.868590414,0.554971899,0.243594286,-0.034702366,-0.829909171,0.234284579,0.190521392,291.36,0
535,-0.866655167,1.029620577,-0.410809874,0.15994608,2.372235649,3.801112948,-0.088800586,1.103078666,-0.293703189,0.217734377,-0.663311004,-0.050513936,-0.176346212,0.172332102,0.17087433,-0.581112389,-0.095795706,0.212158247,1.464526908,0.199626128,-0.098254648,-0.140316051,-0.181175869,1.014273412,0.119951993,-0.288596594,-0.144101989,-0.07716363,8.5,0
536,-0.736061881,0.104863639,2.356355044,-1.796915784,-0.727808949,-0.17756103,-0.264345921,0.179151819,-0.672160027,-0.096591623,-1.19004828,-0.887365917,0.263957872,-0.914016413,-0.196125709,1.49288257,-0.096400495,-0.937396457,0.219976772,0.271757424,0.13268334,0.432163431,-0.347869502,-0.126574456,0.487953165,-0.235765257,0.304175768,0.126340498,15.0,0
537,-1.097277982,1.094348077,2.074334491,-0.085776053,-0.200635483,-0.424142015,0.575308278,0.10694539,-0.278104503,-0.188979871,0.14223542,0.179205211,0.200475057,-0.032477632,1.240978405,-0.149016427,-0.029613661,-0.688782364,-0.537782748,0.253305717,-0.080692239,-0.055630024,-0.132470995,0.410347988,0.18119809,0.295575571,0.395453509,0.197641504,27.34,0
538,-0.63601076,-0.303837535,1.215342656,0.308924178,0.561376575,0.296560091,0.862485175,-0.406400994,-0.084262962,0.318734286,1.322713142,0.886438625,0.555259223,-0.32463769,0.160904167,-0.723296137,-0.109603459,-0.36290983,1.37860535,0.11295077,-0.155456098,0.143291539,-0.013618544,-0.214472873,-1.093307243,0.396990557,-0.109661802,-0.345634287,158.0,0
539,-1.054584351,0.671513198,2.10671828,-0.59170062,0.228368409,-0.053747659,0.941606072,-0.191062246,0.267565409,-0.71242291,-0.693434271,0.113143219,-0.30690601,-0.611337361,-0.819922897,-0.490442692,-0.054992577,-1.017800991,-0.888781279,-0.175150733,-0.049688301,0.137517972,-0.420258772,0.130487916,0.482469027,0.39414256,-0.409756222,-0.179563892,35.64,0
539,-0.420049803,1.034648069,1.565849791,-0.029643469,-0.054335827,-0.907982629,0.688436382,-0.063127682,-0.389635388,-0.308594404,-0.407501439,-0.062628078,0.007594931,0.147237048,0.851449747,0.200169026,-0.392963059,-0.348189332,0.016145591,0.095868957,-0.228281824,-0.598231412,-0.023080756,0.360198738,-0.194315816,0.071639981,0.265159253,0.121071416,1.29,0
539,-1.738582309,0.052739517,1.187056991,-0.656652482,0.920623229,-0.291788033,0.269083076,0.14063145,0.023463959,-0.066407321,1.061539347,1.112409002,0.43115247,-0.164533388,-0.677748783,-0.064626327,-0.466099342,-0.53737844,-0.140597965,0.002974475,-0.179545429,-0.192035836,-0.261879413,-0.237476585,-0.335040252,0.24032254,-0.345129311,-0.383563251,1.0,1
541,-0.623524828,0.176954715,2.565715189,1.544279971,0.109686401,0.055218068,0.259801476,-0.192565686,-0.320105677,0.869785809,1.17067219,0.490575235,0.427361172,-0.660373551,-0.377799104,1.405789618,-1.667260357,0.887031804,-1.786331609,-0.074806833,0.387799736,1.408297054,0.019451325,0.54555051,-1.357580195,-0.332163773,-0.138539866,-0.2001514,67.1,0
543,-0.403086552,1.078431653,1.165327886,-0.187949505,0.499558708,0.016322819,0.573979654,0.19140172,-0.748148125,-0.407914317,1.541271333,0.98052939,0.811858512,-0.37157449,0.387964651,0.34736769,-0.125555559,-0.07616621,-0.041176598,0.150635329,-0.197658679,-0.462064711,-0.047855532,-0.339166392,-0.194769344,0.102003098,0.262818121,0.082944162,2.98,0
544,1.183728293,0.143446768,0.238718057,1.316873118,-0.030196067,0.012157434,0.022382293,0.04243861,0.409277431,-0.107348661,-0.9641575,0.080510092,-0.689018584,0.168557607,0.000918592,-0.588668872,0.168420017,-0.783958971,-0.228904367,-0.212156163,-0.130754638,-0.175157526,-0.101669531,-0.282290813,0.689078774,-0.288745648,0.034764049,0.011592166,11.46,0
547,1.192703611,0.412559039,0.74632827,1.293552563,-0.513108357,-1.024284222,0.146295719,-0.19979394,-0.09899583,0.010692081,0.047170099,0.596836889,0.390578617,0.272596763,0.929280078,0.184700512,-0.400393074,-0.586813383,-0.422458287,-0.119803844,-0.294073762,-0.865145786,0.200925257,0.667838302,0.242188414,-0.734883537,0.02686507,0.0369286,6.85,0
547,1.066851412,-0.464679211,1.984352689,1.521834264,-1.287325364,1.113013931,-1.314875812,0.528953409,0.249077729,0.530933849,0.938657016,1.395073316,0.591384428,-1.119702499,-2.248288824,0.515630476,0.28509622,-1.115815903,-0.269576999,-0.029287186,-0.080174015,0.115723692,0.149054599,0.419153116,-0.364680331,3.087444274,-0.13798734,-0.016173991,1.48,0
549,1.422461023,-0.547421898,-0.147437554,-0.615979102,-0.677018284,-0.825597404,-0.295487346,-0.237954141,-0.639154188,0.590816282,-1.034475933,-0.957039625,-0.476744725,-0.111483291,-0.131444285,0.698355602,0.474285433,-1.427977927,0.99971622,0.064030586,0.122827206,0.34216069,-0.236404067,-0.07752817,0.828617608,-0.034126116,-0.017270501,0.000945628,30.0,0
549,0.033854225,-1.818312576,1.077334392,3.350537205,-1.292194792,1.546079873,-0.282520328,0.402054975,0.928263324,-0.011706167,-1.801164398,0.092264738,-0.871234304,-0.757440246,-1.72000126,-0.204209739,0.428463579,-0.689307478,-0.677380464,0.809244652,0.108767896,-0.451007512,-0.475113296,-0.261082091,0.181752576,0.025918539,-0.019035002,0.117563605,530.85,0
550,-1.274192759,1.722263452,0.42933738,0.105931559,-0.732006019,-1.107860887,-0.021278582,0.818795925,-0.447668788,-0.638641619,-0.587034043,-0.078227844,-0.37287137,0.255231746,0.902354221,0.640600177,0.370465637,-0.002596254,-0.127632129,-0.019674911,-0.21874913,-0.786584416,0.106722098,0.313636661,-0.083626003,0.083494242,0.109636679,0.018247212,16.83,0
550,0.601635839,-1.634334942,1.042737854,1.063767824,-1.872932781,0.247780877,-0.69990889,0.211613085,-0.24883269,0.658580129,0.510156357,0.445604237,-0.968040602,-0.118080406,-1.163945834,-1.435769284,0.109774018,1.655797152,-0.670856257,0.003128457,-0.302662243,-0.926638891,-0.144533819,0.484126562,0.113314801,-0.498559988,0.028261474,0.084219544,317.25,0
551,-0.474660996,0.3160965,2.446239577,0.961006559,0.311651837,1.857653939,-0.067269263,0.48240701,0.274670259,-0.430779454,0.511684608,0.87015192,0.487530082,-0.582748933,1.298821274,-1.767894217,1.172930508,-1.940991911,-1.088592354,0.013651394,0.181599728,1.047608974,0.118818206,-0.607101533,-0.918465135,-0.344380502,0.141437889,-0.044958224,23.97,0
553,-2.618386141,-2.302448927,-0.386399715,0.854628489,-0.861209325,2.036706843,3.88551142,-0.016542145,-1.569958903,-0.966024954,-0.30321588,-0.223414556,-0.03848278,0.274760866,-1.441054338,0.93752967,-1.030241143,0.190084752,-1.023405833,2.135168973,0.615238685,-0.145438161,2.0025512,-1.419614846,0.626972563,0.87821729,-0.377408877,0.143627542,986.31,0
554,0.270554106,0.521380385,0.572349435,1.19170405,0.448293353,1.226614504,-0.158828984,-0.555250576,-0.260997249,0.03871233,0.111648971,0.600396735,-0.246067447,0.378191107,-0.245332499,-0.535907685,-0.003625426,0.083869191,1.22236,-0.086865385,0.664678218,-0.406255524,-0.354155747,-1.12643172,1.005675209,-0.069796559,0.20092506,0.200621687,35.95,0
557,1.173584576,0.25065007,0.839630919,1.066308709,-0.365090385,-0.161886964,-0.230310151,-0.012302211,0.123302038,-0.100170385,0.011508453,0.963486763,1.390433686,-0.10317913,1.350645279,0.038158764,-0.38708977,-0.404589222,-0.936492373,-0.084331509,0.17183413,0.659724677,-0.064482707,0.1253293,0.506080661,-0.270853949,0.069603772,0.030001201,1.0,0
557,1.135720955,0.18532769,0.532580535,1.474705867,-0.335261004,-0.372401883,0.059039843,-0.019913106,0.313130756,-0.117885505,-0.295769459,0.479426009,-0.484281366,0.145034377,-0.084832544,-0.803784577,0.399018268,-1.047415582,-0.489409423,-0.213577243,-0.081964334,-0.022336278,-0.020835973,0.413027563,0.60860401,-0.332334506,0.037787391,0.019238445,11.45,0
559,0.940965065,-1.868811022,0.426719309,-1.717117277,-1.861869393,-0.357676464,-0.767727544,-0.03981561,1.200838095,-0.585487045,-1.386855669,0.293601235,-0.124621657,-0.480286664,0.259230856,-2.187021883,0.409553471,1.287114409,0.491033563,-0.03876626,-0.446133804,-1.003234428,-0.181037411,-0.10547471,0.271430109,-0.092694701,0.02873262,0.063535426,242.15,0
559,-0.689943486,0.115395704,0.619567779,-2.256788626,0.985793004,-0.667985526,1.631148138,-0.939184051,1.896689959,0.237535561,0.408860571,-0.303664904,-1.945099033,-0.3608614,-0.36750995,-0.786716246,-1.076618447,0.606707637,0.779207926,0.082788378,-0.200851366,0.485565476,-0.427692142,-0.510044263,-0.10932988,-0.906514444,-0.318317115,-0.599254815,50.2,0
560,-0.604302881,0.919297541,1.750526,0.436348407,0.408253241,-0.358938666,0.682986643,0.044292708,-0.631068693,-0.549595577,-0.2492165,0.107011773,0.101571786,0.256497263,1.060997938,-0.203830011,-0.179815697,-0.611510768,-0.444957113,-0.040118406,-0.093373849,-0.325678774,-0.01784057,0.024180486,-0.20444091,-0.645219136,0.130324462,0.126712881,9.99,0
561,-0.711796999,-0.983416038,2.042489956,-2.348505393,-1.670332779,-0.407697243,-0.243284569,0.098952246,-2.324725166,0.787728509,0.953107031,-0.881548833,-0.379009546,-0.311722737,-0.443371685,0.207979298,-0.018227189,1.062171604,-0.825869138,-0.039358781,0.230366969,0.659188216,0.153339402,0.486741377,-0.021313017,-0.232520385,0.060911695,0.115507314,149.9,0
561,1.214872411,0.307969625,0.278628885,0.642981278,-0.185160762,-0.603602499,0.006881251,-0.064238914,0.030872046,-0.325988093,0.152765125,0.313114993,0.192869624,-0.256773924,1.347208799,0.186606634,0.273776501,-0.746653388,-0.556363656,-0.115172396,-0.26068152,-0.716148032,0.159803767,0.033516461,0.143169689,0.124258957,-0.006506053,0.027226192,0.89,0
562,-0.312911121,0.815135971,1.405269595,0.070526877,0.058558462,-1.030855298,0.760190986,-0.182237641,0.037324756,-0.244486802,-0.443462503,-1.156896693,-1.765280973,-0.263621769,1.131915618,0.387982416,0.010268441,0.068987061,-0.07397317,0.102080479,-0.32654209,-0.821321603,-0.000187964,0.276734255,-0.243045576,0.04977476,0.064618542,-0.126739304,10.99,0
564,0.186117641,-0.159357905,-1.389222458,-2.433996467,1.753377824,3.593082087,-1.582164538,-1.903514335,-1.314804967,-0.327551053,-0.524536564,-0.459615719,-0.360896356,0.357503038,-0.745138859,1.302088079,-0.084053063,-1.232425937,0.149428323,0.803666966,-1.08440076,0.656715993,-0.139814515,1.036164108,0.804412737,-0.242089622,0.103551543,0.276179539,48.0,0
564,-0.203836964,0.532746629,-0.339856733,-0.730934261,2.728162575,3.535881818,0.263680184,0.919169088,-0.194501262,-0.585054306,-0.802375304,-0.014147022,-0.375816523,0.038238141,-0.85273953,0.107166834,-0.806489194,0.004004115,-0.292566028,-0.089162785,-0.082087318,-0.271636333,-0.157777907,0.989457904,0.228821132,-0.545155553,0.058120066,0.035573006,12.9,0
572,-0.77294138,0.815403709,1.365536399,-0.519297932,1.034867113,1.658806115,0.436414653,0.505823566,-0.269479849,0.193451297,2.02722064,0.676563439,-0.369161745,0.215080455,1.339037808,-0.862921078,0.341512323,-1.702005139,-1.146235577,0.163925224,-0.164131623,-0.067183042,0.030242908,-1.380112611,-0.477699139,0.180325111,0.275730306,-0.068830302,8.98,0
574,-0.40205703,0.584299901,2.474226946,0.929684063,0.01431371,0.297490246,0.715194583,-0.257152873,0.593868327,-0.179321634,-0.5097084,0.345462617,-0.257994861,-0.958306062,-0.888987964,-1.203546414,0.354845756,-0.902393447,-0.202308508,-0.02660022,-0.07281233,0.445732605,-0.245103368,0.421234408,0.049279871,-0.388322968,-0.329332988,-0.386747159,12.0,0
574,-1.062129079,-0.618573509,0.615387802,-3.335833611,0.746649119,-0.54053065,0.705931946,0.032525275,1.334180767,-2.326388615,-1.277858363,0.068233813,-0.194686301,0.309083013,1.902638446,-0.513264466,-0.567202425,0.068316321,0.762924821,0.311058829,-0.114268577,-0.661121961,0.136249609,-1.377245041,0.263819893,-1.115515585,0.079212743,0.116637851,131.37,0
574,1.178363862,0.444452844,-0.398723301,0.724485932,0.12343852,-0.753883382,0.16141225,0.004017369,-0.306010659,-0.447325443,2.067541739,0.305623801,-1.052388239,-0.606656603,0.567806315,0.343058741,0.965955483,0.223977904,-0.463516775,-0.159718205,-0.055267174,-0.147936552,-0.026551338,0.113746626,0.412081377,0.371214482,-0.02667872,0.023271788,0.76,0
579,-1.296844504,-0.511604913,2.404725619,-0.310761701,-0.319551485,-0.542842315,-0.173310294,0.260423309,-1.202688162,0.050583664,-0.680376156,-1.170104665,-1.522318882,0.242212355,0.931738662,-1.205408319,-0.069890444,1.337347935,-2.360862356,-0.349667885,-0.07126969,-0.161175253,0.088495504,0.285389767,0.281068982,-0.370130251,0.043410327,0.092318482,80.0,0
580,1.267030288,-0.071113542,0.037680489,0.512683226,0.242391583,0.705212477,-0.226581594,0.109482807,0.657564537,-0.276917772,-1.731615029,0.353942246,0.640629838,-0.354726378,-0.075235937,-0.241936026,-0.178459086,-0.616666831,0.35214989,-0.06698994,-0.164468136,-0.177225223,-0.222918293,-1.245504755,0.678360338,0.525059338,0.002920467,-0.003333233,12.36,0
406,-2.312226542,1.951992011,-1.609850732,3.997905588,-0.522187865,-1.426545319,-2.537387306,1.391657248,-2.770089277,-2.772272145,3.202033207,-2.899907388,-0.595221881,-4.289253782,0.38972412,-1.14074718,-2.830055675,-0.016822468,0.416955705,0.126910559,0.517232371,-0.035049369,-0.465211076,0.320198199,0.044519167,0.177839798,0.261145003,-0.143275875,0.0,1
539,-1.738582309,0.052739517,1.187056991,-0.656652482,0.920623229,-0.291788033,0.269083076,0.14063145,0.023463959,-0.066407321,1.061539347,1.112409002,0.43115247,-0.164533388,-0.677748783,-0.064626327,-0.466099342,-0.53737844,-0.140597965,0.002974475,-0.179545429,-0.192035836,-0.261879413,-0.237476585,-0.335040252,0.24032254,-0.345129311,-0.383563251,1.0,1
118,1.254913507,0.350287347,0.302487785,0.693114454,-0.371469881,-1.070255865,0.086781009,-0.202835551,0.035154059,-0.282617329,-0.073591895,0.224820575,0.211172939,-0.28446901,1.096191611,0.480953646,-0.00628755,-0.295312745,-0.196568595,-0.079756372,-0.287592205,-0.832681695,0.128083116,0.339426822,0.21594377,0.094703566,-0.02335429,0.030891875,2.69,1
539,-1.738582309,0.052739517,1.187056991,-0.656652482,0.920623229,-0.291788033,0.269083076,0.14063145,0.023463959,-0.066407321,1.061539347,1.112409002,0.43115247,-0.164533388,-0.677748783,-0.064626327,-0.466099342,-0.53737844,-0.140597965,0.002974475,-0.179545429,-0.192035836,-0.261879413,-0.237476585,-0.335040252,0.24032254,-0.345129311,-0.383563251,1.0,1
484,-0.928087753,0.39819407,1.74113125,0.182672744,0.966386863,-0.901003797,0.879016073,-0.156589871,-0.142117461,-0.57477527,-0.478181307,-0.426852484,-1.493425843,0.187920732,-0.282355216,-0.648149999,-0.019449062,-0.782172208,-1.194998469,-0.118283445,0.066353416,0.281377527,-0.257966139,0.385383833,0.391117133,-0.453853317,-0.104448024,-0.125765409,1.0,1
406,-2.312226542,1.951992011,-1.609850732,3.997905588,-0.522187865,-1.426545319,-2.537387306,1.391657248,-2.770089277,-2.772272145,3.202033207,-2.899907388,-0.595221881,-4.289253782,0.38972412,-1.14074718,-2.830055675,-0.016822468,0.416955705,0.126910559,0.517232371,-0.035049369,-0.465211076,0.320198199,0.044519167,0.177839798,0.261145003,-0.143275875,0.0,1
484,-0.928087753,0.39819407,1.74113125,0.182672744,0.966386863,-0.901003797,0.879016073,-0.156589871,-0.142117461,-0.57477527,-0.478181307,-0.426852484,-1.493425843,0.187920732,-0.282355216,-0.648149999,-0.019449062,-0.782172208,-1.194998469,-0.118283445,0.066353416,0.281377527,-0.257966139,0.385383833,0.391117133,-0.453853317,-0.104448024,-0.125765409,1.0,1
539,-1.738582309,0.052739517,1.187056991,-0.656652482,0.920623229,-0.291788033,0.269083076,0.14063145,0.023463959,-0.066407321,1.061539347,1.112409002,0.43115247,-0.164533388,-0.677748783,-0.064626327,-0.466099342,-0.53737844,-0.140597965,0.002974475,-0.179545429,-0.192035836,-0.261879413,-0.237476585,-0.335040252,0.24032254,-0.345129311,-0.383563251,1.0,1
539,-1.738582309,0.052739517,1.187056991,-0.656652482,0.920623229,-0.291788033,0.269083076,0.14063145,0.023463959,-0.066407321,1.061539347,1.112409002,0.43115247,-0.164533388,-0.677748783,-0.064626327,-0.466099342,-0.53737844,-0.140597965,0.002974475,-0.179545429,-0.192035836,-0.261879413,-0.237476585,-0.335040252,0.24032254,-0.345129311,-0.383563251,1.0,1
484,-0.928087753,0.39819407,1.74113125,0.182672744,0.966386863,-0.901003797,0.879016073,-0.156589871,-0.142117461,-0.57477527,-0.478181307,-0.426852484,-1.493425843,0.187920732,-0.282355216,-0.648149999,-0.019449062,-0.782172208,-1.194998469,-0.118283445,0.066353416,0.281377527,-0.257966139,0.385383833,0.391117133,-0.453853317,-0.104448024,-0.125765409,1.0,1
164,0.073496706,0.55103296,0.451890424,0.114963844,0.822946501,0.251480314,0.296318524,0.139496907,-0.123050186,-0.142616897,-1.652948209,-0.908371307,-0.653478668,0.40930989,1.490617839,0.104649349,-0.402916543,-0.113269881,0.777332618,-0.043919723,-0.128758266,-0.381932362,0.151011582,-1.363967289,-1.389079168,0.075412285,0.231749598,0.230170991,0.99,1
406,-2.312226542,1.951992011,-1.609850732,3.997905588,-0.522187865,-1.426545319,-2.537387306,1.391657248,-2.770089277,-2.772272145,3.202033207,-2.899907388,-0.595221881,-4.289253782,0.38972412,-1.14074718,-2.830055675,-0.016822468,0.416955705,0.126910559,0.517232371,-0.035049369,-0.465211076,0.320198199,0.044519167,0.177839798,0.261145003,-0.143275875,0.0,1
484,-0.928087753,0.39819407,1.74113125,0.182672744,0.966386863,-0.901003797,0.879016073,-0.156589871,-0.142117461,-0.57477527,-0.478181307,-0.426852484,-1.493425843,0.187920732,-0.282355216,-0.648149999,-0.019449062,-0.782172208,-1.194998469,-0.118283445,0.066353416,0.281377527,-0.257966139,0.385383833,0.391117133,-0.453853317,-0.104448024,-0.125765409,1.0,1
484,-0.928087753,0.39819407,1.74113125,0.182672744,0.966386863,-0.901003797,0.879016073,-0.156589871,-0.142117461,-0.57477527,-0.478181307,-0.426852484,-1.493425843,0.187920732,-0.282355216,-0.648149999,-0.019449062,-0.782172208,-1.194998469,-0.118283445,0.066353416,0.281377527,-0.257966139,0.385383833,0.391117133,-0.453853317,-0.104448024,-0.125765409,1.0,1
118,1.254913507,0.350287347,0.302487785,0.693114454,-0.371469881,-1.070255865,0.086781009,-0.202835551,0.035154059,-0.282617329,-0.073591895,0.224820575,0.211172939,-0.28446901,1.096191611,0.480953646,-0.00628755,-0.295312745,-0.196568595,-0.079756372,-0.287592205,-0.832681695,0.128083116,0.339426822,0.21594377,0.094703566,-0.02335429,0.030891875,2.69,1
406,-2.312226542,1.951992011,-1.609850732,3.997905588,-0.522187865,-1.426545319,-2.537387306,1.391657248,-2.770089277,-2.772272145,3.202033207,-2.899907388,-0.595221881,-4.289253782,0.38972412,-1.14074718,-2.830055675,-0.016822468,0.416955705,0.126910559,0.517232371,-0.035049369,-0.465211076,0.320198199,0.044519167,0.177839798,0.261145003,-0.143275875,0.0,1
472,-3.043540624,-3.157307121,1.08846278,2.288643618,1.35980513,-1.064822523,0.325574266,-0.067793653,-0.270952836,-0.838586565,-0.414575448,-0.50314086,0.676501545,-1.692028933,2.000634839,0.666779696,0.599717414,1.725321007,0.28334483,2.102338793,0.661695925,0.435477209,1.375965743,-0.293803153,0.279798032,-0.145361715,-0.252773123,0.035764225,529.0,1
406,-2.312226542,1.951992011,-1.609850732,3.997905588,-0.522187865,-1.426545319,-2.537387306,1.391657248,-2.770089277,-2.772272145,3.202033207,-2.899907388,-0.595221881,-4.289253782,0.38972412,-1.14074718,-2.830055675,-0.016822468,0.416955705,0.126910559,0.517232371,-0.035049369,-0.465211076,0.320198199,0.044519167,0.177839798,0.261145003,-0.143275875,0.0,1
472,-3.043540624,-3.157307121,1.08846278,2.288643618,1.35980513,-1.064822523,0.325574266,-0.067793653,-0.270952836,-0.838586565,-0.414575448,-0.50314086,0.676501545,-1.692028933,2.000634839,0.666779696,0.599717414,1.725321007,0.28334483,2.102338793,0.661695925,0.435477209,1.375965743,-0.293803153,0.279798032,-0.145361715,-0.252773123,0.035764225,529.0,1
164,0.073496706,0.55103296,0.451890424,0.114963844,0.822946501,0.251480314,0.296318524,0.139496907,-0.123050186,-0.142616897,-1.652948209,-0.908371307,-0.653478668,0.40930989,1.490617839,0.104649349,-0.402916543,-0.113269881,0.777332618,-0.043919723,-0.128758266,-0.381932362,0.151011582,-1.363967289,-1.389079168,0.075412285,0.231749598,0.230170991,0.99,1
484,-0.928087753,0.39819407,1.74113125,0.182672744,0.966386863,-0.901003797,0.879016073,-0.156589871,-0.142117461,-0.57477527,-0.478181307,-0.426852484,-1.493425843,0.187920732,-0.282355216,-0.648149999,-0.019449062,-0.782172208,-1.194998469,-0.118283445,0.066353416,0.281377527,-0.257966139,0.385383833,0.391117133,-0.453853317,-0.104448024,-0.125765409,1.0,1
484,-0.928087753,0.39819407,1.74113125,0.182672744,0.966386863,-0.901003797,0.879016073,-0.156589871,-0.142117461,-0.57477527,-0.478181307,-0.426852484,-1.493425843,0.187920732,-0.282355216,-0.648149999,-0.019449062,-0.782172208,-1.194998469,-0.118283445,0.066353416,0.281377527,-0.257966139,0.385383833,0.391117133,-0.453853317,-0.104448024,-0.125765409,1.0,1
118,1.254913507,0.350287347,0.302487785,0.693114454,-0.371469881,-1.070255865,0.086781009,-0.202835551,0.035154059,-0.282617329,-0.073591895,0.224820575,0.211172939,-0.28446901,1.096191611,0.480953646,-0.00628755,-0.295312745,-0.196568595,-0.079756372,-0.287592205,-0.832681695,0.128083116,0.339426822,0.21594377,0.094703566,-0.02335429,0.030891875,2.69,1
472,-3.043540624,-3.157307121,1.08846278,2.288643618,1.35980513,-1.064822523,0.325574266,-0.067793653,-0.270952836,-0.838586565,-0.414575448,-0.50314086,0.676501545,-1.692028933,2.000634839,0.666779696,0.599717414,1.725321007,0.28334483,2.102338793,0.661695925,0.435477209,1.375965743,-0.293803153,0.279798032,-0.145361715,-0.252773123,0.035764225,529.0,1
118,1.254913507,0.350287347,0.302487785,0.693114454,-0.371469881,-1.070255865,0.086781009,-0.202835551,0.035154059,-0.282617329,-0.073591895,0.224820575,0.211172939,-0.28446901,1.096191611,0.480953646,-0.00628755,-0.295312745,-0.196568595,-0.079756372,-0.287592205,-0.832681695,0.128083116,0.339426822,0.21594377,0.094703566,-0.02335429,0.030891875,2.69,1
539,-1.738582309,0.052739517,1.187056991,-0.656652482,0.920623229,-0.291788033,0.269083076,0.14063145,0.023463959,-0.066407321,1.061539347,1.112409002,0.43115247,-0.164533388,-0.677748783,-0.064626327,-0.466099342,-0.53737844,-0.140597965,0.002974475,-0.179545429,-0.192035836,-0.261879413,-0.237476585,-0.335040252,0.24032254,-0.345129311,-0.383563251,1.0,1
164,0.073496706,0.55103296,0.451890424,0.114963844,0.822946501,0.251480314,0.296318524,0.139496907,-0.123050186,-0.142616897,-1.652948209,-0.908371307,-0.653478668,0.40930989,1.490617839,0.104649349,-0.402916543,-0.113269881,0.777332618,-0.043919723,-0.128758266,-0.381932362,0.151011582,-1.363967289,-1.389079168,0.075412285,0.231749598,0.230170991,0.99,1
472,-3.043540624,-3.157307121,1.08846278,2.288643618,1.35980513,-1.064822523,0.325574266,-0.067793653,-0.270952836,-0.838586565,-0.414575448,-0.50314086,0.676501545,-1.692028933,2.000634839,0.666779696,0.599717414,1.725321007,0.28334483,2.102338793,0.661695925,0.435477209,1.375965743,-0.293803153,0.279798032,-0.145361715,-0.252773123,0.035764225,529.0,1
484,-0.928087753,0.39819407,1.74113125,0.182672744,0.966386863,-0.901003797,0.879016073,-0.156589871,-0.142117461,-0.57477527,-0.478181307,-0.426852484,-1.493425843,0.187920732,-0.282355216,-0.648149999,-0.019449062,-0.782172208,-1.194998469,-0.118283445,0.066353416,0.281377527,-0.257966139,0.385383833,0.391117133,-0.453853317,-0.104448024,-0.125765409,1.0,1
484,-0.928087753,0.39819407,1.74113125,0.182672744,0.966386863,-0.901003797,0.879016073,-0.156589871,-0.142117461,-0.57477527,-0.478181307,-0.426852484,-1.493425843,0.187920732,-0.282355216,-0.648149999,-0.019449062,-0.782172208,-1.194998469,-0.118283445,0.066353416,0.281377527,-0.257966139,0.385383833,0.391117133,-0.453853317,-0.104448024,-0.125765409,1.0,1
484,-0.928087753,0.39819407,1.74113125,0.182672744,0.966386863,-0.901003797,0.879016073,-0.156589871,-0.142117461,-0.57477527,-0.478181307,-0.426852484,-1.493425843,0.187920732,-0.282355216,-0.648149999,-0.019449062,-0.782172208,-1.194998469,-0.118283445,0.066353416,0.281377527,-0.257966139,0.385383833,0.391117133,-0.453853317,-0.104448024,-0.125765409,1.0,1
484,-0.928087753,0.39819407,1.74113125,0.182672744,0.966386863,-0.901003797,0.879016073,-0.156589871,-0.142117461,-0.57477527,-0.478181307,-0.426852484,-1.493425843,0.187920732,-0.282355216,-0.648149999,-0.019449062,-0.782172208,-1.194998469,-0.118283445,0.066353416,0.281377527,-0.257966139,0.385383833,0.391117133,-0.453853317,-0.104448024,-0.125765409,1.0,1
406,-2.312226542,1.951992011,-1.609850732,3.997905588,-0.522187865,-1.426545319,-2.537387306,1.391657248,-2.770089277,-2.772272145,3.202033207,-2.899907388,-0.595221881,-4.289253782,0.38972412,-1.14074718,-2.830055675,-0.016822468,0.416955705,0.126910559,0.517232371,-0.035049369,-0.465211076,0.320198199,0.044519167,0.177839798,0.261145003,-0.143275875,0.0,1
539,-1.738582309,0.052739517,1.187056991,-0.656652482,0.920623229,-0.291788033,0.269083076,0.14063145,0.023463959,-0.066407321,1.061539347,1.112409002,0.43115247,-0.164533388,-0.677748783,-0.064626327,-0.466099342,-0.53737844,-0.140597965,0.002974475,-0.179545429,-0.192035836,-0.261879413,-0.237476585,-0.335040252,0.24032254,-0.345129311,-0.383563251,1.0,1
118,1.254913507,0.350287347,0.302487785,0.693114454,-0.371469881,-1.070255865,0.086781009,-0.202835551,0.035154059,-0.282617329,-0.073591895,0.224820575,0.211172939,-0.28446901,1.096191611,0.480953646,-0.00628755,-0.295312745,-0.196568595,-0.079756372,-0.287592205,-0.832681695,0.128083116,0.339426822,0.21594377,0.094703566,-0.02335429,0.030891875,2.69,1
539,-1.738582309,0.052739517,1.187056991,-0.656652482,0.920623229,-0.291788033,0.269083076,0.14063145,0.023463959,-0.066407321,1.061539347,1.112409002,0.43115247,-0.164533388,-0.677748783,-0.064626327,-0.466099342,-0.53737844,-0.140597965,0.002974475,-0.179545429,-0.192035836,-0.261879413,-0.237476585,-0.335040252,0.24032254,-0.345129311,-0.383563251,1.0,1
164,0.073496706,0.55103296,0.451890424,0.114963844,0.822946501,0.251480314,0.296318524,0.139496907,-0.123050186,-0.142616897,-1.652948209,-0.908371307,-0.653478668,0.40930989,1.490617839,0.104649349,-0.402916543,-0.113269881,0.777332618,-0.043919723,-0.128758266,-0.381932362,0.151011582,-1.363967289,-1.389079168,0.075412285,0.231749598,0.230170991,0.99,1
539,-1.738582309,0.052739517,1.187056991,-0.656652482,0.920623229,-0.291788033,0.269083076,0.14063145,0.023463959,-0.066407321,1.061539347,1.112409002,0.43115247,-0.164533388,-0.677748783,-0.064626327,-0.466099342,-0.53737844,-0.140597965,0.002974475,-0.179545429,-0.192035836,-0.261879413,-0.237476585,-0.335040252,0.24032254,-0.345129311,-0.383563251,1.0,1
472,-3.043540624,-3.157307121,1.08846278,2.288643618,1.35980513,-1.064822523,0.325574266,-0.067793653,-0.270952836,-0.838586565,-0.414575448,-0.50314086,0.676501545,-1.692028933,2.000634839,0.666779696,0.599717414,1.725321007,0.28334483,2.102338793,0.661695925,0.435477209,1.375965743,-0.293803153,0.279798032,-0.145361715,-0.252773123,0.035764225,529.0,1
484,-0.928087753,0.39819407,1.74113125,0.182672744,0.966386863,-0.901003797,0.879016073,-0.156589871,-0.142117461,-0.57477527,-0.478181307,-0.426852484,-1.493425843,0.187920732,-0.282355216,-0.648149999,-0.019449062,-0.782172208,-1.194998469,-0.118283445,0.066353416,0.281377527,-0.257966139,0.385383833,0.391117133,-0.453853317,-0.104448024,-0.125765409,1.0,1
539,-1.738582309,0.052739517,1.187056991,-0.656652482,0.920623229,-0.291788033,0.269083076,0.14063145,0.023463959,-0.066407321,1.061539347,1.112409002,0.43115247,-0.164533388,-0.677748783,-0.064626327,-0.466099342,-0.53737844,-0.140597965,0.002974475,-0.179545429,-0.192035836,-0.261879413,-0.237476585,-0.335040252,0.24032254,-0.345129311,-0.383563251,1.0,1
539,-1.738582309,0.052739517,1.187056991,-0.656652482,0.920623229,-0.291788033,0.269083076,0.14063145,0.023463959,-0.066407321,1.061539347,1.112409002,0.43115247,-0.164533388,-0.677748783,-0.064626327,-0.466099342,-0.53737844,-0.140597965,0.002974475,-0.179545429,-0.192035836,-0.261879413,-0.237476585,-0.335040252,0.24032254,-0.345129311,-0.383563251,1.0,1
484,-0.928087753,0.39819407,1.74113125,0.182672744,0.966386863,-0.901003797,0.879016073,-0.156589871,-0.142117461,-0.57477527,-0.478181307,-0.426852484,-1.493425843,0.187920732,-0.282355216,-0.648149999,-0.019449062,-0.782172208,-1.194998469,-0.118283445,0.066353416,0.281377527,-0.257966139,0.385383833,0.391117133,-0.453853317,-0.104448024,-0.125765409,1.0,1
406,-2.312226542,1.951992011,-1.609850732,3.997905588,-0.522187865,-1.426545319,-2.537387306,1.391657248,-2.770089277,-2.772272145,3.202033207,-2.899907388,-0.595221881,-4.289253782,0.38972412,-1.14074718,-2.830055675,-0.016822468,0.416955705,0.126910559,0.517232371,-0.035049369,-0.465211076,0.320198199,0.044519167,0.177839798,0.261145003,-0.143275875,0.0,1
406,-2.312226542,1.951992011,-1.609850732,3.997905588,-0.522187865,-1.426545319,-2.537387306,1.391657248,-2.770089277,-2.772272145,3.202033207,-2.899907388,-0.595221881,-4.289253782,0.38972412,-1.14074718,-2.830055675,-0.016822468,0.416955705,0.126910559,0.517232371,-0.035049369,-0.465211076,0.320198199,0.044519167,0.177839798,0.261145003,-0.143275875,0.0,1
472,-3.043540624,-3.157307121,1.08846278,2.288643618,1.35980513,-1.064822523,0.325574266,-0.067793653,-0.270952836,-0.838586565,-0.414575448,-0.50314086,0.676501545,-1.692028933,2.000634839,0.666779696,0.599717414,1.725321007,0.28334483,2.102338793,0.661695925,0.435477209,1.375965743,-0.293803153,0.279798032,-0.145361715,-0.252773123,0.035764225,529.0,1
164,0.073496706,0.55103296,0.451890424,0.114963844,0.822946501,0.251480314,0.296318524,0.139496907,-0.123050186,-0.142616897,-1.652948209,-0.908371307,-0.653478668,0.40930989,1.490617839,0.104649349,-0.402916543,-0.113269881,0.777332618,-0.043919723,-0.128758266,-0.381932362,0.151011582,-1.363967289,-1.389079168,0.075412285,0.231749598,0.230170991,0.99,1
118,1.254913507,0.350287347,0.302487785,0.693114454,-0.371469881,-1.070255865,0.086781009,-0.202835551,0.035154059,-0.282617329,-0.073591895,0.224820575,0.211172939,-0.28446901,1.096191611,0.480953646,-0.00628755,-0.295312745,-0.196568595,-0.079756372,-0.287592205,-0.832681695,0.128083116,0.339426822,0.21594377,0.094703566,-0.02335429,0.030891875,2.69,1
406,-2.312226542,1.951992011,-1.609850732,3.997905588,-0.522187865,-1.426545319,-2.537387306,1.391657248,-2.770089277,-2.772272145,3.202033207,-2.899907388,-0.595221881,-4.289253782,0.38972412,-1.14074718,-2.830055675,-0.016822468,0.416955705,0.126910559,0.517232371,-0.035049369,-0.465211076,0.320198199,0.044519167,0.177839798,0.261145003,-0.143275875,0.0,1
118,1.254913507,0.350287347,0.302487785,0.693114454,-0.371469881,-1.070255865,0.086781009,-0.202835551,0.035154059,-0.282617329,-0.073591895,0.224820575,0.211172939,-0.28446901,1.096191611,0.480953646,-0.00628755,-0.295312745,-0.196568595,-0.079756372,-0.287592205,-0.832681695,0.128083116,0.339426822,0.21594377,0.094703566,-0.02335429,0.030891875,2.69,1
164,0.073496706,0.55103296,0.451890424,0.114963844,0.822946501,0.251480314,0.296318524,0.139496907,-0.123050186,-0.142616897,-1.652948209,-0.908371307,-0.653478668,0.40930989,1.490617839,0.104649349,-0.402916543,-0.113269881,0.777332618,-0.043919723,-0.128758266,-0.381932362,0.151011582,-1.363967289,-1.389079168,0.075412285,0.231749598,0.230170991,0.99,1
484,-0.928087753,0.39819407,1.74113125,0.182672744,0.966386863,-0.901003797,0.879016073,-0.156589871,-0.142117461,-0.57477527,-0.478181307,-0.426852484,-1.493425843,0.187920732,-0.282355216,-0.648149999,-0.019449062,-0.782172208,-1.194998469,-0.118283445,0.066353416,0.281377527,-0.257966139,0.385383833,0.391117133,-0.453853317,-0.104448024,-0.125765409,1.0,1
472,-3.043540624,-3.157307121,1.08846278,2.288643618,1.35980513,-1.064822523,0.325574266,-0.067793653,-0.270952836,-0.838586565,-0.414575448,-0.50314086,0.676501545,-1.692028933,2.000634839,0.666779696,0.599717414,1.725321007,0.28334483,2.102338793,0.661695925,0.435477209,1.375965743,-0.293803153,0.279798032,-0.145361715,-0.252773123,0.035764225,529.0,1
472,-3.043540624,-3.157307121,1.08846278,2.288643618,1.35980513,-1.064822523,0.325574266,-0.067793653,-0.270952836,-0.838586565,-0.414575448,-0.50314086,0.676501545,-1.692028933,2.000634839,0.666779696,0.599717414,1.725321007,0.28334483,2.102338793,0.661695925,0.435477209,1.375965743,-0.293803153,0.279798032,-0.145361715,-0.252773123,0.035764225,529.0,1
118,1.254913507,0.350287347,0.302487785,0.693114454,-0.371469881,-1.070255865,0.086781009,-0.202835551,0.035154059,-0.282617329,-0.073591895,0.224820575,0.211172939,-0.28446901,1.096191611,0.480953646,-0.00628755,-0.295312745,-0.196568595,-0.079756372,-0.287592205,-0.832681695,0.128083116,0.339426822,0.21594377,0.094703566,-0.02335429,0.030891875,2.69,1
539,-1.738582309,0.052739517,1.187056991,-0.656652482,0.920623229,-0.291788033,0.269083076,0.14063145,0.023463959,-0.066407321,1.061539347,1.112409002,0.43115247,-0.164533388,-0.677748783,-0.064626327,-0.466099342,-0.53737844,-0.140597965,0.002974475,-0.179545429,-0.192035836,-0.261879413,-0.237476585,-0.335040252,0.24032254,-0.345129311,-0.383563251,1.0,1
539,-1.738582309,0.052739517,1.187056991,-0.656652482,0.920623229,-0.291788033,0.269083076,0.14063145,0.023463959,-0.066407321,1.061539347,1.112409002,0.43115247,-0.164533388,-0.677748783,-0.064626327,-0.466099342,-0.53737844,-0.140597965,0.002974475,-0.179545429,-0.192035836,-0.261879413,-0.237476585,-0.335040252,0.24032254,-0.345129311,-0.383563251,1.0,1
472,-3.043540624,-3.157307121,1.08846278,2.288643618,1.35980513,-1.064822523,0.325574266,-0.067793653,-0.270952836,-0.838586565,-0.414575448,-0.50314086,0.676501545,-1.692028933,2.000634839,0.666779696,0.599717414,1.725321007,0.28334483,2.102338793,0.661695925,0.435477209,1.375965743,-0.293803153,0.279798032,-0.145361715,-0.252773123,0.035764225,529.0,1
406,-2.312226542,1.951992011,-1.609850732,3.997905588,-0.522187865,-1.426545319,-2.537387306,1.391657248,-2.770089277,-2.772272145,3.202033207,-2.899907388,-0.595221881,-4.289253782,0.38972412,-1.14074718,-2.830055675,-0.016822468,0.416955705,0.126910559,0.517232371,-0.035049369,-0.465211076,0.320198199,0.044519167,0.177839798,0.261145003,-0.143275875,0.0,1
406,-2.312226542,1.951992011,-1.609850732,3.997905588,-0.522187865,-1.426545319,-2.537387306,1.391657248,-2.770089277,-2.772272145,3.202033207,-2.899907388,-0.595221881,-4.289253782,0.38972412,-1.14074718,-2.830055675,-0.016822468,0.416955705,0.126910559,0.517232371,-0.035049369,-0.465211076,0.320198199,0.044519167,0.177839798,0.261145003,-0.143275875,0.0,1
472,-3.043540624,-3.157307121,1.08846278,2.288643618,1.35980513,-1.064822523,0.325574266,-0.067793653,-0.270952836,-0.838586565,-0.414575448,-0.50314086,0.676501545,-1.692028933,2.000634839,0.666779696,0.599717414,1.725321007,0.28334483,2.102338793,0.661695925,0.435477209,1.375965743,-0.293803153,0.279798032,-0.145361715,-0.252773123,0.035764225,529.0,1
406,-2.312226542,1.951992011,-1.609850732,3.997905588,-0.522187865,-1.426545319,-2.537387306,1.391657248,-2.770089277,-2.772272145,3.202033207,-2.899907388,-0.595221881,-4.289253782,0.38972412,-1.14074718,-2.830055675,-0.016822468,0.416955705,0.126910559,0.517232371,-0.035049369,-0.465211076,0.320198199,0.044519167,0.177839798,0.261145003,-0.143275875,0.0,1
406,-2.312226542,1.951992011,-1.609850732,3.997905588,-0.522187865,-1.426545319,-2.537387306,1.391657248,-2.770089277,-2.772272145,3.202033207,-2.899907388,-0.595221881,-4.289253782,0.38972412,-1.14074718,-2.830055675,-0.016822468,0.416955705,0.126910559,0.517232371,-0.035049369,-0.465211076,0.320198199,0.044519167,0.177839798,0.261145003,-0.143275875,0.0,1
539,-1.738582309,0.052739517,1.187056991,-0.656652482,0.920623229,-0.291788033,0.269083076,0.14063145,0.023463959,-0.066407321,1.061539347,1.112409002,0.43115247,-0.164533388,-0.677748783,-0.064626327,-0.466099342,-0.53737844,-0.140597965,0.002974475,-0.179545429,-0.192035836,-0.261879413,-0.237476585,-0.335040252,0.24032254,-0.345129311,-0.383563251,1.0,1
164,0.073496706,0.55103296,0.451890424,0.114963844,0.822946501,0.251480314,0.296318524,0.139496907,-0.123050186,-0.142616897,-1.652948209,-0.908371307,-0.653478668,0.40930989,1.490617839,0.104649349,-0.402916543,-0.113269881,0.777332618,-0.043919723,-0.128758266,-0.381932362,0.151011582,-1.363967289,-1.389079168,0.075412285,0.231749598,0.230170991,0.99,1
484,-0.928087753,0.39819407,1.74113125,0.182672744,0.966386863,-0.901003797,0.879016073,-0.156589871,-0.142117461,-0.57477527,-0.478181307,-0.426852484,-1.493425843,0.187920732,-0.282355216,-0.648149999,-0.019449062,-0.782172208,-1.194998469,-0.118283445,0.066353416,0.281377527,-0.257966139,0.385383833,0.391117133,-0.453853317,-0.104448024,-0.125765409,1.0,1
539,-1.738582309,0.052739517,1.187056991,-0.656652482,0.920623229,-0.291788033,0.269083076,0.14063145,0.023463959,-0.066407321,1.061539347,1.112409002,0.43115247,-0.164533388,-0.677748783,-0.064626327,-0.466099342,-0.53737844,-0.140597965,0.002974475,-0.179545429,-0.192035836,-0.261879413,-0.237476585,-0.335040252,0.24032254,-0.345129311,-0.383563251,1.0,1
406,-2.312226542,1.951992011,-1.609850732,3.997905588,-0.522187865,-1.426545319,-2.537387306,1.391657248,-2.770089277,-2.772272145,3.202033207,-2.899907388,-0.595221881,-4.289253782,0.38972412,-1.14074718,-2.830055675,-0.016822468,0.416955705,0.126910559,0.517232371,-0.035049369,-0.465211076,0.320198199,0.044519167,0.177839798,0.261145003,-0.143275875,0.0,1
406,-2.312226542,1.951992011,-1.609850732,3.997905588,-0.522187865,-1.426545319,-2.537387306,1.391657248,-2.770089277,-2.772272145,3.202033207,-2.899907388,-0.595221881,-4.289253782,0.38972412,-1.14074718,-2.830055675,-0.016822468,0.416955705,0.126910559,0.517232371,-0.035049369,-0.465211076,0.320198199,0.044519167,0.177839798,0.261145003,-0.143275875,0.0,1
406,-2.312226542,1.951992011,-1.609850732,3.997905588,-0.522187865,-1.426545319,-2.537387306,1.391657248,-2.770089277,-2.772272145,3.202033207,-2.899907388,-0.595221881,-4.289253782,0.38972412,-1.14074718,-2.830055675,-0.016822468,0.416955705,0.126910559,0.517232371,-0.035049369,-0.465211076,0.320198199,0.044519167,0.177839798,0.261145003,-0.143275875,0.0,1
406,-2.312226542,1.951992011,-1.609850732,3.997905588,-0.522187865,-1.426545319,-2.537387306,1.391657248,-2.770089277,-2.772272145,3.202033207,-2.899907388,-0.595221881,-4.289253782,0.38972412,-1.14074718,-2.830055675,-0.016822468,0.416955705,0.126910559,0.517232371,-0.035049369,-0.465211076,0.320198199,0.044519167,0.177839798,0.261145003,-0.143275875,0.0,1
484,-0.928087753,0.39819407,1.74113125,0.182672744,0.966386863,-0.901003797,0.879016073,-0.156589871,-0.142117461,-0.57477527,-0.478181307,-0.426852484,-1.493425843,0.187920732,-0.282355216,-0.648149999,-0.019449062,-0.782172208,-1.194998469,-0.118283445,0.066353416,0.281377527,-0.257966139,0.385383833,0.391117133,-0.453853317,-0.104448024,-0.125765409,1.0,1
406,-2.312226542,1.951992011,-1.609850732,3.997905588,-0.522187865,-1.426545319,-2.537387306,1.391657248,-2.770089277,-2.772272145,3.202033207,-2.899907388,-0.595221881,-4.289253782,0.38972412,-1.14074718,-2.830055675,-0.016822468,0.416955705,0.126910559,0.517232371,-0.035049369,-0.465211076,0.320198199,0.044519167,0.177839798,0.261145003,-0.143275875,0.0,1
164,0.073496706,0.55103296,0.451890424,0.114963844,0.822946501,0.251480314,0.296318524,0.139496907,-0.123050186,-0.142616897,-1.652948209,-0.908371307,-0.653478668,0.40930989,1.490617839,0.104649349,-0.402916543,-0.113269881,0.777332618,-0.043919723,-0.128758266,-0.381932362,0.151011582,-1.363967289,-1.389079168,0.075412285,0.231749598,0.230170991,0.99,1
472,-3.043540624,-3.157307121,1.08846278,2.288643618,1.35980513,-1.064822523,0.325574266,-0.067793653,-0.270952836,-0.838586565,-0.414575448,-0.50314086,0.676501545,-1.692028933,2.000634839,0.666779696,0.599717414,1.725321007,0.28334483,2.102338793,0.661695925,0.435477209,1.375965743,-0.293803153,0.279798032,-0.145361715,-0.252773123,0.035764225,529.0,1
472,-3.043540624,-3.157307121,1.08846278,2.288643618,1.35980513,-1.064822523,0.325574266,-0.067793653,-0.270952836,-0.838586565,-0.414575448,-0.50314086,0.676501545,-1.692028933,2.000634839,0.666779696,0.599717414,1.725321007,0.28334483,2.102338793,0.661695925,0.435477209,1.375965743,-0.293803153,0.279798032,-0.145361715,-0.252773123,0.035764225,529.0,1
118,1.254913507,0.350287347,0.302487785,0.693114454,-0.371469881,-1.070255865,0.086781009,-0.202835551,0.035154059,-0.282617329,-0.073591895,0.224820575,0.211172939,-0.28446901,1.096191611,0.480953646,-0.00628755,-0.295312745,-0.196568595,-0.079756372,-0.287592205,-0.832681695,0.128083116,0.339426822,0.21594377,0.094703566,-0.02335429,0.030891875,2.69,1
472,-3.043540624,-3.157307121,1.08846278,2.288643618,1.35980513,-1.064822523,0.325574266,-0.067793653,-0.270952836,-0.838586565,-0.414575448,-0.50314086,0.676501545,-1.692028933,2.000634839,0.666779696,0.599717414,1.725321007,0.28334483,2.102338793,0.661695925,0.435477209,1.375965743,-0.293803153,0.279798032,-0.145361715,-0.252773123,0.035764225,529.0,1
539,-1.738582309,0.052739517,1.187056991,-0.656652482,0.920623229,-0.291788033,0.269083076,0.14063145,0.023463959,-0.066407321,1.061539347,1.112409002,0.43115247,-0.164533388,-0.677748783,-0.064626327,-0.466099342,-0.53737844,-0.140597965,0.002974475,-0.179545429,-0.192035836,-0.261879413,-0.237476585,-0.335040252,0.24032254,-0.345129311,-0.383563251,1.0,1
539,-1.738582309,0.052739517,1.187056991,-0.656652482,0.920623229,-0.291788033,0.269083076,0.14063145,0.023463959,-0.066407321,1.061539347,1.112409002,0.43115247,-0.164533388,-0.677748783,-0.064626327,-0.466099342,-0.53737844,-0.140597965,0.002974475,-0.179545429,-0.192035836,-0.261879413,-0.237476585,-0.335040252,0.24032254,-0.345129311,-0.383563251,1.0,1
164,0.073496706,0.55103296,0.451890424,0.114963844,0.822946501,0.251480314,0.296318524,0.139496907,-0.123050186,-0.142616897,-1.652948209,-0.908371307,-0.653478668,0.40930989,1.490617839,0.104649349,-0.402916543,-0.113269881,0.777332618,-0.043919723,-0.128758266,-0.381932362,0.151011582,-1.363967289,-1.389079168,0.075412285,0.231749598,0.230170991,0.99,1
118,1.254913507,0.350287347,0.302487785,0.693114454,-0.371469881,-1.070255865,0.086781009,-0.202835551,0.035154059,-0.282617329,-0.073591895,0.224820575,0.211172939,-0.28446901,1.096191611,0.480953646,-0.00628755,-0.295312745,-0.196568595,-0.079756372,-0.287592205,-0.832681695,0.128083116,0.339426822,0.21594377,0.094703566,-0.02335429,0.030891875,2.69,1
118,1.254913507,0.350287347,0.302487785,0.693114454,-0.371469881,-1.070255865,0.086781009,-0.202835551,0.035154059,-0.282617329,-0.073591895,0.224820575,0.211172939,-0.28446901,1.096191611,0.480953646,-0.00628755,-0.295312745,-0.196568595,-0.079756372,-0.287592205,-0.832681695,0.128083116,0.339426822,0.21594377,0.094703566,-0.02335429,0.030891875,2.69,1
472,-3.043540624,-3.157307121,1.08846278,2.288643618,1.35980513,-1.064822523,0.325574266,-0.067793653,-0.270952836,-0.838586565,-0.414575448,-0.50314086,0.676501545,-1.692028933,2.000634839,0.666779696,0.599717414,1.725321007,0.28334483,2.102338793,0.661695925,0.435477209,1.375965743,-0.293803153,0.279798032,-0.145361715,-0.252773123,0.035764225,529.0,1
164,0.073496706,0.55103296,0.451890424,0.114963844,0.822946501,0.251480314,0.296318524,0.139496907,-0.123050186,-0.142616897,-1.652948209,-0.908371307,-0.653478668,0.40930989,1.490617839,0.104649349,-0.402916543,-0.113269881,0.777332618,-0.043919723,-0.128758266,-0.381932362,0.151011582,-1.363967289,-1.389079168,0.075412285,0.231749598,0.230170991,0.99,1
472,-3.043540624,-3.157307121,1.08846278,2.288643618,1.35980513,-1.064822523,0.325574266,-0.067793653,-0.270952836,-0.838586565,-0.414575448,-0.50314086,0.676501545,-1.692028933,2.000634839,0.666779696,0.599717414,1.725321007,0.28334483,2.102338793,0.661695925,0.435477209,1.375965743,-0.293803153,0.279798032,-0.145361715,-0.252773123,0.035764225,529.0,1
406,-2.312226542,1.951992011,-1.609850732,3.997905588,-0.522187865,-1.426545319,-2.537387306,1.391657248,-2.770089277,-2.772272145,3.202033207,-2.899907388,-0.595221881,-4.289253782,0.38972412,-1.14074718,-2.830055675,-0.016822468,0.416955705,0.126910559,0.517232371,-0.035049369,-0.465211076,0.320198199,0.044519167,0.177839798,0.261145003,-0.143275875,0.0,1
118,1.254913507,0.350287347,0.302487785,0.693114454,-0.371469881,-1.070255865,0.086781009,-0.202835551,0.035154059,-0.282617329,-0.073591895,0.224820575,0.211172939,-0.28446901,1.096191611,0.480953646,-0.00628755,-0.295312745,-0.196568595,-0.079756372,-0.287592205,-0.832681695,0.128083116,0.339426822,0.21594377,0.094703566,-0.02335429,0.030891875,2.69,1
164,0.073496706,0.55103296,0.451890424,0.114963844,0.822946501,0.251480314,0.296318524,0.139496907,-0.123050186,-0.142616897,-1.652948209,-0.908371307,-0.653478668,0.40930989,1.490617839,0.104649349,-0.402916543,-0.113269881,0.777332618,-0.043919723,-0.128758266,-0.381932362,0.151011582,-1.363967289,-1.389079168,0.075412285,0.231749598,0.230170991,0.99,1
164,0.073496706,0.55103296,0.451890424,0.114963844,0.822946501,0.251480314,0.296318524,0.139496907,-0.123050186,-0.142616897,-1.652948209,-0.908371307,-0.653478668,0.40930989,1.490617839,0.104649349,-0.402916543,-0.113269881,0.777332618,-0.043919723,-0.128758266,-0.381932362,0.151011582,-1.363967289,-1.389079168,0.075412285,0.231749598,0.230170991,0.99,1
164,0.073496706,0.55103296,0.451890424,0.114963844,0.822946501,0.251480314,0.296318524,0.139496907,-0.123050186,-0.142616897,-1.652948209,-0.908371307,-0.653478668,0.40930989,1.490617839,0.104649349,-0.402916543,-0.113269881,0.777332618,-0.043919723,-0.128758266,-0.381932362,0.151011582,-1.363967289,-1.389079168,0.075412285,0.231749598,0.230170991,0.99,1
118,1.254913507,0.350287347,0.302487785,0.693114454,-0.371469881,-1.070255865,0.086781009,-0.202835551,0.035154059,-0.282617329,-0.073591895,0.224820575,0.211172939,-0.28446901,1.096191611,0.480953646,-0.00628755,-0.295312745,-0.196568595,-0.079756372,-0.287592205,-0.832681695,0.128083116,0.339426822,0.21594377,0.094703566,-0.02335429,0.030891875,2.69,1
539,-1.738582309,0.052739517,1.187056991,-0.656652482,0.920623229,-0.291788033,0.269083076,0.14063145,0.023463959,-0.066407321,1.061539347,1.112409002,0.43115247,-0.164533388,-0.677748783,-0.064626327,-0.466099342,-0.53737844,-0.140597965,0.002974475,-0.179545429,-0.192035836,-0.261879413,-0.237476585,-0.335040252,0.24032254,-0.345129311,-0.383563251,1.0,1
406,-2.312226542,1.951992011,-1.609850732,3.997905588,-0.522187865,-1.426545319,-2.537387306,1.391657248,-2.770089277,-2.772272145,3.202033207,-2.899907388,-0.595221881,-4.289253782,0.38972412,-1.14074718,-2.830055675,-0.016822468,0.416955705,0.126910559,0.517232371,-0.035049369,-0.465211076,0.320198199,0.044519167,0.177839798,0.261145003,-0.143275875,0.0,1
406,-2.312226542,1.951992011,-1.609850732,3.997905588,-0.522187865,-1.426545319,-2.537387306,1.391657248,-2.770089277,-2.772272145,3.202033207,-2.899907388,-0.595221881,-4.289253782,0.38972412,-1.14074718,-2.830055675,-0.016822468,0.416955705,0.126910559,0.517232371,-0.035049369,-0.465211076,0.320198199,0.044519167,0.177839798,0.261145003,-0.143275875,0.0,1
164,0.073496706,0.55103296,0.451890424,0.114963844,0.822946501,0.251480314,0.296318524,0.139496907,-0.123050186,-0.142616897,-1.652948209,-0.908371307,-0.653478668,0.40930989,1.490617839,0.104649349,-0.402916543,-0.113269881,0.777332618,-0.043919723,-0.128758266,-0.381932362,0.151011582,-1.363967289,-1.389079168,0.075412285,0.231749598,0.230170991,0.99,1
164,0.073496706,0.55103296,0.451890424,0.114963844,0.822946501,0.251480314,0.296318524,0.139496907,-0.123050186,-0.142616897,-1.652948209,-0.908371307,-0.653478668,0.40930989,1.490617839,0.104649349,-0.402916543,-0.113269881,0.777332618,-0.043919723,-0.128758266,-0.381932362,0.151011582,-1.363967289,-1.389079168,0.075412285,0.231749598,0.230170991,0.99,1
118,1.254913507,0.350287347,0.302487785,0.693114454,-0.371469881,-1.070255865,0.086781009,-0.202835551,0.035154059,-0.282617329,-0.073591895,0.224820575,0.211172939,-0.28446901,1.096191611,0.480953646,-0.00628755,-0.295312745,-0.196568595,-0.079756372,-0.287592205,-0.832681695,0.128083116,0.339426822,0.21594377,0.094703566,-0.02335429,0.030891875,2.69,1
484,-0.928087753,0.39819407,1.74113125,0.182672744,0.966386863,-0.901003797,0.879016073,-0.156589871,-0.142117461,-0.57477527,-0.478181307,-0.426852484,-1.493425843,0.187920732,-0.282355216,-0.648149999,-0.019449062,-0.782172208,-1.194998469,-0.118283445,0.066353416,0.281377527,-0.257966139,0.385383833,0.391117133,-0.453853317,-0.104448024,-0.125765409,1.0,1
164,0.073496706,0.55103296,0.451890424,0.114963844,0.822946501,0.251480314,0.296318524,0.139496907,-0.123050186,-0.142616897,-1.652948209,-0.908371307,-0.653478668,0.40930989,1.490617839,0.104649349,-0.402916543,-0.113269881,0.777332618,-0.043919723,-0.128758266,-0.381932362,0.151011582,-1.363967289,-1.389079168,0.075412285,0.231749598,0.230170991,0.99,1
472,-3.043540624,-3.157307121,1.08846278,2.288643618,1.35980513,-1.064822523,0.325574266,-0.067793653,-0.270952836,-0.838586565,-0.414575448,-0.50314086,0.676501545,-1.692028933,2.000634839,0.666779696,0.599717414,1.725321007,0.28334483,2.102338793,0.661695925,0.435477209,1.375965743,-0.293803153,0.279798032,-0.145361715,-0.252773123,0.035764225,529.0,1
406,-2.312226542,1.951992011,-1.609850732,3.997905588,-0.522187865,-1.426545319,-2.537387306,1.391657248,-2.770089277,-2.772272145,3.202033207,-2.899907388,-0.595221881,-4.289253782,0.38972412,-1.14074718,-2.830055675,-0.016822468,0.416955705,0.126910559,0.517232371,-0.035049369,-0.465211076,0.320198199,0.044519167,0.177839798,0.261145003,-0.143275875,0.0,1
472,-3.043540624,-3.157307121,1.08846278,2.288643618,1.35980513,-1.064822523,0.325574266,-0.067793653,-0.270952836,-0.838586565,-0.414575448,-0.50314086,0.676501545,-1.692028933,2.000634839,0.666779696,0.599717414,1.725321007,0.28334483,2.102338793,0.661695925,0.435477209,1.375965743,-0.293803153,0.279798032,-0.145361715,-0.252773123,0.035764225,529.0,1
118,1.254913507,0.350287347,0.302487785,0.693114454,-0.371469881,-1.070255865,0.086781009,-0.202835551,0.035154059,-0.282617329,-0.073591895,0.224820575,0.211172939,-0.28446901,1.096191611,0.480953646,-0.00628755,-0.295312745,-0.196568595,-0.079756372,-0.287592205,-0.832681695,0.128083116,0.339426822,0.21594377,0.094703566,-0.02335429,0.030891875,2.69,1
484,-0.928087753,0.39819407,1.74113125,0.182672744,0.966386863,-0.901003797,0.879016073,-0.156589871,-0.142117461,-0.57477527,-0.478181307,-0.426852484,-1.493425843,0.187920732,-0.282355216,-0.648149999,-0.019449062,-0.782172208,-1.194998469,-0.118283445,0.066353416,0.281377527,-0.257966139,0.385383833,0.391117133,-0.453853317,-0.104448024,-0.125765409,1.0,1
118,1.254913507,0.350287347,0.302487785,0.693114454,-0.371469881,-1.070255865,0.086781009,-0.202835551,0.035154059,-0.282617329,-0.073591895,0.224820575,0.211172939,-0.28446901,1.096191611,0.480953646,-0.00628755,-0.295312745,-0.196568595,-0.079756372,-0.287592205,-0.832681695,0.128083116,0.339426822,0.21594377,0.094703566,-0.02335429,0.030891875,2.69,1
539,-1.738582309,0.052739517,1.187056991,-0.656652482,0.920623229,-0.291788033,0.269083076,0.14063145,0.023463959,-0.066407321,1.061539347,1.112409002,0.43115247,-0.164533388,-0.677748783,-0.064626327,-0.466099342,-0.53737844,-0.140597965,0.002974475,-0.179545429,-0.192035836,-0.261879413,-0.237476585,-0.335040252,0.24032254,-0.345129311,-0.383563251,1.0,1
472,-3.043540624,-3.157307121,1.08846278,2.288643618,1.35980513,-1.064822523,0.325574266,-0.067793653,-0.270952836,-0.838586565,-0.414575448,-0.50314086,0.676501545,-1.692028933,2.000634839,0.666779696,0.599717414,1.725321007,0.28334483,2.102338793,0.661695925,0.435477209,1.375965743,-0.293803153,0.279798032,-0.145361715,-0.252773123,0.035764225,529.0,1
539,-1.738582309,0.052739517,1.187056991,-0.656652482,0.920623229,-0.291788033,0.269083076,0.14063145,0.023463959,-0.066407321,1.061539347,1.112409002,0.43115247,-0.164533388,-0.677748783,-0.064626327,-0.466099342,-0.53737844,-0.140597965,0.002974475,-0.179545429,-0.192035836,-0.261879413,-0.237476585,-0.335040252,0.24032254,-0.345129311,-0.383563251,1.0,1
406,-2.312226542,1.951992011,-1.609850732,3.997905588,-0.522187865,-1.426545319,-2.537387306,1.391657248,-2.770089277,-2.772272145,3.202033207,-2.899907388,-0.595221881,-4.289253782,0.38972412,-1.14074718,-2.830055675,-0.016822468,0.416955705,0.126910559,0.517232371,-0.035049369,-0.465211076,0.320198199,0.044519167,0.177839798,0.261145003,-0.143275875,0.0,1
164,0.073496706,0.55103296,0.451890424,0.114963844,0.822946501,0.251480314,0.296318524,0.139496907,-0.123050186,-0.142616897,-1.652948209,-0.908371307,-0.653478668,0.40930989,1.490617839,0.104649349,-0.402916543,-0.113269881,0.777332618,-0.043919723,-0.128758266,-0.381932362,0.151011582,-1.363967289,-1.389079168,0.075412285,0.231749598,0.230170991,0.99,1
484,-0.928087753,0.39819407,1.74113125,0.182672744,0.966386863,-0.901003797,0.879016073,-0.156589871,-0.142117461,-0.57477527,-0.478181307,-0.426852484,-1.493425843,0.187920732,-0.282355216,-0.648149999,-0.019449062,-0.782172208,-1.194998469,-0.118283445,0.066353416,0.281377527,-0.257966139,0.385383833,0.391117133,-0.453853317,-0.104448024,-0.125765409,1.0,1
406,-2.312226542,1.951992011,-1.609850732,3.997905588,-0.522187865,-1.426545319,-2.537387306,1.391657248,-2.770089277,-2.772272145,3.202033207,-2.899907388,-0.595221881,-4.289253782,0.38972412,-1.14074718,-2.830055675,-0.016822468,0.416955705,0.126910559,0.517232371,-0.035049369,-0.465211076,0.320198199,0.044519167,0.177839798,0.261145003,-0.143275875,0.0,1
539,-1.738582309,0.052739517,1.187056991,-0.656652482,0.920623229,-0.291788033,0.269083076,0.14063145,0.023463959,-0.066407321,1.061539347,1.112409002,0.43115247,-0.164533388,-0.677748783,-0.064626327,-0.466099342,-0.53737844,-0.140597965,0.002974475,-0.179545429,-0.192035836,-0.261879413,-0.237476585,-0.335040252,0.24032254,-0.345129311,-0.383563251,1.0,1
