Time,V1,V2,V3,V4,V5,V6,V7,V8,V9,V10,V11,V12,V13,V14,V15,V16,V17,V18,V19,V20,V21,V22,V23,V24,V25,V26,V27,V28,Amount,Class
537,-1.097277982,1.094348077,2.074334491,-0.085776053,-0.200635483,-0.424142015,0.575308278,0.10694539,-0.278104503,-0.188979871,0.14223542,0.179205211,0.200475057,-0.032477632,1.240978405,-0.149016427,-0.029613661,-0.688782364,-0.537782748,0.253305717,-0.080692239,-0.055630024,-0.132470995,0.410347988,0.18119809,0.295575571,0.395453509,0.197641504,27.34,0
206,-0.370562536,0.599809965,0.216683002,-0.513092693,2.697142555,3.882795304,0.29554467,0.850059083,-0.297189192,0.191989943,-0.925471067,-0.369425197,-0.377793565,-0.493814118,-1.48133579,0.68436227,-1.048205155,-0.256700186,-0.859905689,0.11388961,-0.147919657,-0.176213674,-0.120574835,1.042297493,-0.391704857,0.675404597,0.163594994,-0.004996535,10.27,0
378,-0.460445587,0.720560639,0.24783576,-0.687521024,-0.627671057,-1.12970975,0.426560471,0.055194973,-2.063462067,-0.278732165,-0.051371388,-0.375334671,1.281990091,-0.877698923,0.543343782,0.874039943,1.428132849,-0.933302845,1.239625199,0.344737648,0.329564677,0.705109685,0.037092678,0.373316311,-0.176941784,-0.156161346,0.01163128,0.116359292,85.25,0
548,-2.565417473,1.285935597,1.446036468,0.685430493,0.49679696,0.970669195,-1.994767269,-5.916807634,0.893286676,0.911375184,-1.061297979,0.245055522,0.734203808,-0.549400245,1.54732152,0.401650146,-0.563612056,0.738738841,0.475193228,-1.662162912,5.200061829,-1.191485223,-0.057647726,-0.457314002,-0.492138361,-0.330366176,0.40464007,-0.378188122,41.96,0
99,-0.88399565,-0.150764823,2.291790721,-0.263452268,-0.814535284,0.955840628,0.097630673,0.474046969,0.1395123,-0.729861202,0.711062609,0.095006435,-1.097505344,-0.05970152,0.234557225,-0.142193908,0.193357555,0.217853314,1.155571121,0.35875101,0.07090144,0.05183207,0.110297657,-0.260628693,-0.097548719,1.155439237,-0.02119933,0.062565436,142.71,0
49,1.098608346,0.202423564,0.525455972,1.323436272,-0.130486421,0.039924307,0.028379416,0.072841071,-0.097869352,0.019512995,1.474413321,1.689674218,0.506780523,0.125136665,-0.892709712,-0.621679133,0.044340267,-0.642093954,-0.161986891,-0.128040892,-0.024971678,0.15426426,-0.063146743,0.253205307,0.629405435,-0.345344655,0.040469338,0.01026375,13.18,0
430,1.331282331,-0.460775041,0.201621104,-0.582847533,-0.81535767,-0.863856547,-0.272425285,-0.228813916,-1.194788866,0.710580257,1.571596524,0.833851266,0.95213481,-0.198454513,-1.062829114,0.613136796,0.385393201,-1.362581492,1.013423236,0.157204637,0.23953179,0.71803022,-0.181652195,0.617561424,0.760130741,-0.10063481,-0.009469163,0.001406803,30.0,0
50,-0.671708548,0.594502594,0.216415944,-0.867310639,2.966908301,3.632494874,0.563295075,0.673025597,-0.188766144,-0.404378292,-0.699710626,-0.184142609,-0.426813034,-0.183001108,-0.747731683,-0.037707579,-0.866459638,-0.00725732,-0.160432044,-0.002784334,-0.136440967,-0.300362026,-0.331691623,0.996382471,0.502469492,-0.518043048,-0.208275755,-0.116048406,14.8,0
460,-0.73572277,1.280291154,1.113868261,1.09077388,0.565824826,0.615339416,0.572713029,0.203275028,-0.613854115,-0.303758092,-1.151570192,0.730029658,1.556613618,-0.238002272,0.151024185,-1.01377739,0.321403185,-0.586643603,1.096323221,0.076541375,-0.043853841,0.188160609,-0.345302617,-0.708607128,0.270183143,-0.182807671,-0.26098737,-0.185368182,13.49,0
46,-0.378244635,0.732925473,-0.120154211,0.185755072,2.594269492,3.797182651,0.059087961,0.976768278,-0.412660865,0.006753688,-0.624666242,-0.115851958,-0.215037273,0.140449403,0.160265566,-0.601890179,-0.144355315,0.221557465,1.454852162,0.315571561,-0.107581845,-0.157139517,-0.194659196,1.013897347,0.145503367,-0.237619523,0.411371737,0.202788455,11.45,0
35,-1.063235679,1.418190626,1.086672863,1.2414396,0.002306126,0.045901581,0.514120897,0.241252403,-0.154499951,0.280672622,-0.531948028,0.589857529,0.555086956,-0.116357329,0.165886171,-1.237210027,0.638414233,-0.776070595,0.69280589,0.235008926,-0.05722847,0.314152998,-0.129862928,0.114283708,-0.027812477,-0.259937016,0.11875364,-0.008956298,20.22,0
503,0.860544593,-0.747804385,-0.955150631,-1.124055538,0.186536255,-0.385942163,0.703442955,-0.282689455,0.482599987,-0.935486338,0.655059179,1.618951052,1.38109369,0.509031304,0.724308923,-0.143893963,-0.912888945,0.290345161,1.51673603,0.546757112,-0.236278898,-1.185202653,-0.329843656,-1.027355117,0.613308447,-0.979856894,-0.018398347,0.046620973,268.93,0
539,-1.054584351,0.671513198,2.10671828,-0.59170062,0.228368409,-0.053747659,0.941606072,-0.191062246,0.267565409,-0.71242291,-0.693434271,0.113143219,-0.30690601,-0.611337361,-0.819922897,-0.490442692,-0.054992577,-1.017800991,-0.888781279,-0.175150733,-0.049688301,0.137517972,-0.420258772,0.130487916,0.482469027,0.39414256,-0.409756222,-0.179563892,35.64,0
346,1.077078564,0.284980217,0.007731383,1.657073001,0.052020241,0.446388674,-0.407036166,0.355703888,0.62603923,-0.929087138,1.094165108,0.579564773,-0.862188896,-2.224427562,-1.109870742,0.172381839,1.723548144,0.697990293,-0.153582743,-0.142799025,-0.174336982,-0.174160503,-0.153375332,-0.466331259,0.611000886,-0.25287057,0.090374657,0.054820384,10.99,0
368,-0.409899593,1.183087565,1.598967048,0.353088354,0.30971002,-0.312399992,0.707197413,-0.04320649,-0.892868987,-0.684800184,0.237011018,0.513399774,1.258257779,-0.521488332,1.403897714,-0.243457561,0.491733589,-0.618058044,0.293941889,0.117258109,-0.163370812,-0.396155273,-0.069497774,0.069734973,-0.298406889,0.199188201,0.099692434,0.118617202,1.98,0
282,-0.426029991,1.04118389,1.063793175,-0.407920575,0.077615125,-0.810862242,0.620734095,-1.048588849,-0.416712414,-0.5752461,-0.465570977,0.662807869,0.974220943,-0.156006298,-0.253610097,-0.434466385,0.066692182,-0.720718703,0.415395581,-0.139565465,0.758833898,-0.107203543,-0.139569167,0.500354815,0.165606516,1.052250429,-0.024388206,0.008397503,2.0,0
323,-0.850730609,0.695702822,2.071837569,0.928201004,-0.032107928,0.648932279,0.150909122,0.440485982,-0.564488519,0.057701571,0.976696627,-0.109204861,-0.923903849,0.458685782,1.324652235,0.004794609,-0.235066834,0.783136839,0.589647225,0.301435684,0.211627698,0.591595716,-0.21096154,-0.341889009,0.281912496,-0.067353029,0.339467271,0.13809145,52.0,0
29,1.110880342,0.168716771,0.51714396,1.32540692,-0.191573354,0.019503723,-0.031849108,0.11761992,0.017664721,0.044864791,1.345074799,1.286339621,-0.252267066,0.274457682,-0.810394372,-0.587005063,0.087451074,-0.550473628,-0.154749355,-0.190119711,-0.037708654,0.095701462,-0.048197647,0.232114939,0.606200749,-0.342096829,0.036769605,0.007479961,6.54,0
464,1.157235446,0.138019292,0.384987397,1.403600429,-0.222511764,-0.197942681,0.01826416,0.029727005,0.412465804,-0.10270866,-0.673820287,0.101237715,-0.936231549,0.226935914,-0.005099422,-0.684869024,0.309748288,-0.87860907,-0.36341697,-0.234542568,-0.108899722,-0.124280543,-0.055454111,0.072990089,0.634637765,-0.310493292,0.033930603,0.014936892,11.99,0
547,1.066851412,-0.464679211,1.984352689,1.521834264,-1.287325364,1.113013931,-1.314875812,0.528953409,0.249077729,0.530933849,0.938657016,1.395073316,0.591384428,-1.119702499,-2.248288824,0.515630476,0.28509622,-1.115815903,-0.269576999,-0.029287186,-0.080174015,0.115723692,0.149054599,0.419153116,-0.364680331,3.087444274,-0.13798734,-0.016173991,1.48,0
574,-0.40205703,0.584299901,2.474226946,0.929684063,0.01431371,0.297490246,0.715194583,-0.257152873,0.593868327,-0.179321634,-0.5097084,0.345462617,-0.257994861,-0.958306062,-0.888987964,-1.203546414,0.354845756,-0.902393447,-0.202308508,-0.02660022,-0.07281233,0.445732605,-0.245103368,0.421234408,0.049279871,-0.388322968,-0.329332988,-0.386747159,12.0,0
499,-0.860625554,-0.109136995,2.112474001,-1.400567214,0.180269368,1.329655549,0.431000859,0.317760791,0.5937619,-0.987304417,-0.309226998,0.067845743,-0.84181499,-0.609413345,-1.189737597,0.329120749,-0.627299224,0.012316203,0.257628143,0.157200811,-0.197635169,-0.436535273,-0.194840239,-1.236873499,0.218667524,0.902383235,-0.210194686,-0.190458298,92.82,0
480,-1.448818005,-1.27208958,0.08064699,-0.122034224,-1.711965979,0.611857677,3.310782329,-0.372438304,-0.716214439,-1.402868711,-0.206043729,0.570597431,1.196627248,-0.095869546,0.099640001,-0.622804499,0.239793002,-0.904960309,-0.038763651,1.612857064,0.456931043,0.223930819,1.501474196,0.121535754,0.37516593,1.08408313,-0.300846905,0.050742088,732.0,0
259,-0.942940341,0.206074136,1.625992033,1.108391572,0.8758379,-1.215716315,0.271172621,-0.089238369,-0.755539161,-0.26172915,-0.378812347,0.119446955,0.453332666,0.258750399,1.138746762,-0.331053068,-0.146362628,0.06349228,0.460361871,0.311898358,0.150837698,0.188497047,-0.14863678,0.407169538,0.644706714,-0.193470324,-0.028919585,0.00532277,20.17,0
220,-0.59206007,0.785903889,2.806517307,2.935465904,-0.356682167,1.127563256,-0.225129742,0.514860854,-0.757540591,0.523215622,0.10410451,-0.253154438,-1.288389832,-0.076337142,-0.644122612,-0.058814926,0.172292236,0.6953336,1.665713037,0.134949472,-0.105160641,-0.216886669,-0.190513969,-0.033155554,-0.001445037,0.200179302,0.109606225,0.084341017,18.96,0
311,1.090348628,-0.270145648,1.235910645,0.702070766,-0.856229171,0.485168554,-0.804133733,0.359129905,0.673893646,-0.115228174,1.178923569,1.192034978,-0.102568517,-0.172839145,-0.244323224,0.069196556,-0.144427638,-0.183645837,-0.109383536,-0.119165021,-0.011401814,0.152460567,0.046069796,0.052707338,0.149042153,0.329247897,0.028873279,0.013953986,11.5,0
251,1.206637834,0.143344829,-0.131755553,0.902486189,0.21954724,-0.028155258,0.099294716,0.002019829,0.166709162,-0.014765734,-1.072737799,-0.471208191,-0.752133516,0.548864046,1.333077291,0.046136123,-0.401576804,-0.213131374,-0.415565039,-0.149144771,0.00641446,-0.000173222,-0.186809603,-0.77728434,0.686914708,-0.246619858,0.018175927,0.011323876,31.8,0
210,1.293927047,0.338070714,-0.042758725,0.502133796,0.072282583,-0.583457916,0.123778874,-0.18746752,0.00188298,-0.303396211,-0.717596678,0.265054232,0.948911112,-0.449331226,1.092810817,0.697079096,-0.342141341,-0.094490672,0.109940711,0.005472686,-0.329232513,-0.942138921,0.008263842,-0.492104263,0.342975495,0.143926316,-0.022440506,0.025373448,12.99,0
478,-0.39436394,0.962488927,1.164111305,-0.110028409,0.221215518,-0.526324365,0.505039916,0.14774288,-0.499457133,-0.311498738,1.049040936,0.055268911,-0.754753359,-0.081797714,0.312033559,0.712748003,-0.312042726,0.56845568,0.328515114,0.091281055,-0.240068779,-0.709400244,-0.051337328,-0.07123996,-0.173978438,0.077661031,0.234552587,0.083874813,1.79,0
284,-0.764965866,1.339506258,1.209389008,0.005939377,-0.33180772,-0.919242688,0.434379874,0.308839764,-0.698558284,-0.56818641,-0.397372655,0.572462624,0.96521089,0.285588431,0.713760963,0.280847042,-0.274688875,-0.41823133,0.000655599,0.062044155,-0.170506846,-0.534737578,0.043175643,0.388210347,-0.137030692,0.070417781,0.142734818,0.060537249,11.99,0
251,1.071812684,-0.249927203,0.189825005,0.19110892,-0.615778945,-1.074104296,0.213633076,-0.322513461,0.046084009,-0.192352281,-0.145525136,0.57166102,0.891624283,0.108958561,0.977413551,0.209149364,-0.34836972,-0.459603714,-0.087733531,0.214073657,0.095917506,0.089348763,-0.159514355,0.487008617,0.365901029,1.0560726,-0.101425335,0.022797105,120.0,0
42,-0.522666281,1.009923002,0.276469595,1.475289459,-0.707012563,0.355242552,1.559848787,-0.399578612,-0.479812994,0.516352275,0.034330459,0.589225512,1.426909802,0.020510249,1.651336367,-0.961342569,0.246360059,-0.407537297,0.917399012,-0.013016021,0.172401477,1.01154336,0.069666273,0.157819741,-1.109224318,-0.302369335,0.318170337,0.31690956,243.66,0
513,-0.632437925,-0.363984347,2.354708784,0.301992767,-0.212087776,0.982642078,-0.371441753,0.222823592,-1.105982647,0.813368793,-0.387012785,-0.690924506,-0.583113877,-0.267240461,0.371260358,-1.19477913,-0.453557053,2.689761856,0.760637141,-0.047421326,-0.354383588,-0.531434427,-0.16589749,-0.904713904,0.159311924,-0.187616384,-0.048368597,-0.136024051,64.0,0
183,-0.598071289,1.264136546,1.410326046,1.695174981,0.391727694,0.192575714,1.118220863,-0.050613499,-1.716966958,0.457353408,0.855787532,0.594038398,0.82172322,0.189483809,-0.530637233,0.752644733,-1.011935277,0.379097043,-0.435816317,-0.015370923,0.142545033,0.317850631,-0.199074136,0.014307306,0.150579728,-0.015709942,-0.071642214,0.034370915,75.83,0
268,1.146065394,0.285853394,0.562438674,1.459336137,-0.225890773,-0.346302633,0.131987577,-0.085178877,0.136365128,-0.149999068,-0.09610002,1.102136388,0.686087249,-0.089169308,-0.213955766,-0.859372856,0.331942675,-1.192119144,-0.495748975,-0.148534056,-0.071472989,0.076177369,-0.030566689,0.444843265,0.650036517,-0.335735765,0.046371828,0.020898982,6.54,0
140,-3.222745011,-1.932775704,2.923241828,0.143573531,0.948116817,-1.076456006,0.81122633,-1.170683067,1.363753299,0.675724118,-0.033947335,-0.308436203,-0.03534893,-1.655009828,0.505014048,0.264900661,-1.001585618,-0.217746153,-0.394364058,-1.786736343,-0.657896819,0.983985425,1.304693094,0.804413958,0.686028186,0.455320508,-0.373341969,-1.325164299,11.0,0
415,-0.687157827,0.886271167,1.805077014,1.33774152,1.027125895,-0.517470018,1.09107076,-0.154526378,-1.510994081,0.415641812,1.111937344,0.469677319,-0.03315868,0.241555373,-1.008202986,0.913401027,-1.203573602,-0.274804001,-1.014585088,0.021980157,-0.330226302,-1.116934457,0.21204245,0.224770487,-0.648440632,-0.757446555,-0.085293741,-0.067073619,24.02,0
91,1.276133783,0.211469552,0.143000512,0.370050109,0.154747757,-0.032254807,-0.003029636,-0.038886902,0.030714509,-0.121891338,-0.667759527,0.41679629,0.891448167,0.127974078,1.295798814,0.233767076,-0.475059864,-0.772852171,-0.164436556,-0.068687646,-0.279653853,-0.747703711,0.056807959,-0.759463817,0.271640808,0.174757089,-0.010770299,0.008103748,1.98,0
69,-2.220641827,1.029180718,-0.697723602,-1.268226466,2.802221028,3.322901364,0.197036005,-0.521296961,0.859596359,1.593949266,0.311202771,-0.433713474,-0.087315334,-1.108163644,1.30866895,0.521481126,-0.735664503,0.165409024,0.314515491,-0.111529834,0.110447913,-1.178463303,0.508910502,0.923385245,0.213758667,0.033506668,-0.142024761,-0.263844093,9.47,0
204,-0.938225555,0.104717344,1.309641702,-0.867536533,0.450685256,-1.437502176,0.650603583,0.028359911,-0.58867849,-0.556394135,1.156113141,-0.218437377,-2.049263205,0.896911813,-0.276749044,0.463415472,-0.500606336,-0.221200835,0.012236949,0.004380235,-0.237085534,-1.150829278,0.262462123,0.475206184,-0.516789844,0.426883032,-0.058198038,0.107995679,39.94,0
106,-0.306311186,0.991271929,1.41449133,0.855243644,0.334283709,-0.728260272,1.058822947,-0.46984007,-0.534718402,0.083451465,-0.325902466,0.104766198,0.617334627,-0.020760942,0.989615078,-0.441970511,-0.337034374,0.003217854,0.437685968,0.090118206,0.128007779,0.580328857,-0.202140503,0.41611435,-0.271833875,-0.377566613,-0.11364449,-0.052283025,24.57,0
231,-0.961507377,0.743351362,1.173581813,-0.222593449,0.740528101,1.739958789,0.313012828,0.699418767,0.354715619,-0.333261451,-0.566075416,-0.408623499,-1.512209778,0.106308676,0.878588667,-1.476939479,1.134323103,-2.143362147,-0.98179817,0.005876782,-0.152861743,-0.011971042,-0.039393923,-1.504440108,-0.248248131,0.411290562,0.497315299,0.207499416,26.98,0
26,-0.535387763,0.865267808,1.351076288,0.147575474,0.433680212,0.086982938,0.693039311,0.179742261,-0.285641861,-0.482474471,0.87179958,0.853447435,-0.571821891,0.102252103,-1.519991203,-0.285912497,-0.309633387,-0.403901993,-0.823742994,-0.283263782,0.049525687,0.206536543,-0.18710807,0.000753014,0.098116606,-0.553470969,-0.078305502,0.025427378,1.77,0
307,1.169208825,-0.032253822,1.011697001,1.353641323,-0.876061895,-0.320566874,-0.443363657,0.053143062,0.868260239,-0.154677516,-0.925866083,0.133228526,-0.560607539,-0.167477442,0.115516561,-0.070208457,-0.156935852,0.067246594,-0.228934472,-0.173525499,0.083529831,0.452189773,-0.134359353,0.407710027,0.633323987,-0.213843935,0.056280407,0.028997265,9.97,0
547,1.192703611,0.412559039,0.74632827,1.293552563,-0.513108357,-1.024284222,0.146295719,-0.19979394,-0.09899583,0.010692081,0.047170099,0.596836889,0.390578617,0.272596763,0.929280078,0.184700512,-0.400393074,-0.586813383,-0.422458287,-0.119803844,-0.294073762,-0.865145786,0.200925257,0.667838302,0.242188414,-0.734883537,0.02686507,0.0369286,6.85,0
352,-1.046361915,0.720386219,1.60341259,0.608371108,0.460940565,-1.423405785,0.266078667,-0.141047827,-0.516792826,-0.201346544,0.217884092,0.256389564,0.589282921,-0.458450813,1.242185515,-0.026376495,0.356937244,-0.224528038,0.52472785,0.122034588,-0.231026859,-0.529574974,-0.106293227,0.704603774,-0.349903416,0.146040717,0.289964795,0.159571551,2.67,0
7,-0.644269442,1.417963545,1.074380376,-0.492199018,0.948934095,0.428118463,1.120631358,-3.807864239,0.615374731,1.249376178,-0.619467796,0.291474353,1.757964214,-1.32386522,0.686132504,-0.076126999,-1.222127345,-0.35822157,0.324504731,-0.156741852,1.94346534,-1.01545471,0.05750353,-0.649709006,-0.415266566,-0.051634297,-1.206921081,-1.085339188,40.8,0
246,1.311258486,0.07502777,-1.292832404,-0.483154333,2.139256911,3.181563924,-0.505045118,0.804860255,-0.074070833,-0.217425556,0.131576213,-0.028146149,0.01145979,-0.112921114,1.300007138,0.812807415,-0.495483473,0.166473112,0.175176224,0.032734124,-0.342676245,-1.148503557,0.095278816,0.946121234,0.369712917,0.110625671,-0.021836606,0.023638378,1.98,0
403,1.08521407,-0.228463564,0.774502959,1.379281622,-0.469899988,0.765730748,-0.589283517,0.426976106,0.865987344,-0.043911176,0.285295859,0.427668007,-1.776336473,0.092020867,-1.210169033,-0.452907276,0.155038459,-0.094429241,0.168118712,-0.262478353,-0.069034668,0.049994854,-0.111814083,-0.319641705,0.57409203,-0.250481687,0.05751707,0.006986077,15.0,0
144,-1.032939915,0.680608052,1.402550125,-0.529928018,0.869578142,1.903301426,0.03324032,-0.237815275,0.844581681,-0.989004577,-1.306164811,1.047653674,-0.075453673,-0.899500611,-3.618059825,0.086957727,-0.723273586,-0.339748153,-0.489336594,-0.520240424,0.411651247,-0.941006541,-0.157833457,-1.735297174,-0.026033373,-0.814973734,0.094761684,0.126906427,15.36,0
356,1.586092522,-1.169090734,-1.350476708,-2.504579946,1.106389336,3.135281691,-1.351528738,0.690932116,-2.090697434,1.523080007,-0.246097975,-1.06161533,0.466127462,-0.092296784,0.684725301,-0.190604933,0.044771226,0.39335432,0.128788919,-0.20272267,-0.200366156,-0.325402427,-0.071104246,0.996898296,0.681092671,-0.100189962,0.022118296,0.009259482,15.0,0
535,1.089912952,-0.221547384,0.99424031,0.956010638,-0.812287225,-0.038784517,-0.373130003,0.075189271,0.853073567,-0.396362014,-0.352215456,1.146214927,0.477023664,-0.563335105,-0.736392447,-0.897693377,0.618807655,-1.271440718,-0.132508317,-0.07744991,-0.074097089,0.135950482,-0.021582836,0.48991902,0.409944396,0.532836934,0.011961442,0.018594255,30.41,0
107,1.175124777,0.661341182,-0.47747646,1.102541559,0.543328124,-0.246784793,0.165233833,0.027017867,-0.423143759,-0.57406514,1.853387507,0.870531105,0.496566352,-1.251016529,0.598736836,0.567820189,0.76816302,0.672152249,-0.574586718,-0.069414576,-0.003070556,0.093738003,-0.154354624,-0.425096767,0.652435396,-0.296802234,0.051424661,0.041875614,1.0,0
341,1.021665092,0.11057523,0.449479939,1.041424036,-0.213918613,-0.230678545,0.102705847,0.038497306,-0.319166006,0.076002919,1.805147524,1.255820937,0.173115239,0.558926834,0.443839463,-0.032558611,-0.348034416,-0.377364643,-0.443546588,-0.03309198,-0.043694069,-0.234765199,0.032891088,0.198345136,0.330583923,-0.559348705,0.022827897,0.025341789,62.63,0
355,1.085840189,0.126685611,0.498971955,1.333699555,-0.199128816,0.032644469,-0.015573605,0.116090545,0.015999054,0.038632614,1.343920456,1.28560962,-0.249603064,0.277133182,-0.807816078,-0.584436585,0.087007323,-0.546731385,-0.15830097,-0.162853422,-0.029953279,0.087509137,-0.059209264,0.245500857,0.601876313,-0.344060845,0.034198842,0.009880143,19.64,0
192,-0.351286911,1.183753559,0.530794296,0.543891399,0.798441455,-0.804472168,1.563169978,-0.935793598,0.633634189,2.30362744,1.398891254,-0.318656901,-1.410645341,-0.155224571,0.277950266,-0.70622766,-0.780092413,0.354093931,0.618677894,0.596401202,-0.121754584,0.668123706,-0.057379978,0.301398018,-0.730945515,-0.538615997,-0.037212113,-0.479956079,1.79,0
25,1.114008595,0.08554609,0.493702487,1.335759985,-0.300188551,-0.010753783,-0.118760015,0.188616696,0.205686849,0.082262259,1.133555671,0.626699002,-1.492780392,0.520787894,-0.674592597,-0.529108242,0.158256198,-0.398751479,-0.145708909,-0.273832367,-0.05323366,-0.004760151,-0.03147017,0.198053718,0.565007313,-0.337718126,0.029057402,0.004452631,4.45,0
580,1.267030288,-0.071113542,0.037680489,0.512683226,0.242391583,0.705212477,-0.226581594,0.109482807,0.657564537,-0.276917772,-1.731615029,0.353942246,0.640629838,-0.354726378,-0.075235937,-0.241936026,-0.178459086,-0.616666831,0.35214989,-0.06698994,-0.164468136,-0.177225223,-0.222918293,-1.245504755,0.678360338,0.525059338,0.002920467,-0.003333233,12.36,0
147,0.912979151,-0.652999555,0.298165153,0.209546164,-0.197230544,0.971099946,-0.449460773,0.281896488,0.262492646,-0.06059498,0.422922489,0.693403324,0.664749674,0.093629227,1.039034011,0.965015289,-1.050953826,0.487147394,0.015452642,0.299062225,0.089258076,-0.077306408,-0.237706651,-1.301414873,0.179598999,0.469956018,-0.024738667,0.028338314,170.43,0
141,1.180458002,0.33426698,0.395177877,1.190753197,-0.092157628,-0.388137645,0.104290922,-0.098731553,-0.115804498,-2.69e-05,-0.08721366,0.597891163,0.667519134,0.22858245,1.118738777,-0.172510381,-0.231202879,-0.596696978,-0.83938832,-0.120379331,0.108715301,0.417283268,-0.092111375,0.10852482,0.620831436,-0.254117486,0.037871707,0.021077628,9.9,0
138,-0.986639536,0.054619774,0.89218939,1.238546301,1.153949202,-0.443156858,1.158792971,-0.234932879,-0.748284316,0.19999764,-0.377070284,-0.086545898,0.217167156,0.314289834,1.295545516,-0.818801496,0.059642158,-0.68956288,0.684420234,0.744324727,-0.15608398,-0.590576405,0.432953111,-0.337631423,-0.272390765,-0.551474596,0.171669591,0.012712389,148.81,0
217,-2.421229941,-1.369602127,2.261281491,2.01103383,1.878525227,-1.275607365,-1.251028565,0.212619224,0.142608349,0.000981629,-0.504586082,-0.032401586,-0.977309182,0.028345603,0.462211286,-1.193536693,0.863242426,-0.606630589,0.800708777,-0.411784619,-0.08957682,0.157737289,-0.624864828,0.487155905,0.270894072,-0.093370264,0.330056238,-0.056340279,24.0,0
68,-0.770196383,0.483572416,1.901071779,-0.00187625,0.024244785,-1.171903182,0.666483361,-0.094602901,-0.136665622,-0.842507533,-0.408235097,0.503046645,-0.010588597,-0.200012765,-0.908689459,-0.323594882,-0.022103673,-0.796683933,-0.479505429,-0.03383089,-0.057335911,-0.155801281,0.018107802,0.941555369,-0.168581841,0.056170997,0.058979361,0.134187921,22.36,0
97,1.273817893,0.058009054,-1.312427634,-0.048968822,2.244373049,3.29621142,-0.342624648,0.760869775,-0.154915304,0.068384951,-0.161823828,0.029224619,-0.020631686,0.528189226,1.105976986,0.375591596,-0.926724746,0.292544448,-0.002886747,0.008905626,-0.017292094,-0.1828827,-0.146980903,1.004700033,0.842882627,-0.314280813,0.013744256,0.015907171,17.8,0
0,-1.359807134,-0.072781173,2.536346738,1.378155224,-0.33832077,0.462387778,0.239598554,0.098697901,0.36378697,0.090794172,-0.551599533,-0.617800856,-0.991389847,-0.311169354,1.468176972,-0.470400525,0.207971242,0.02579058,0.40399296,0.251412098,-0.018306778,0.277837576,-0.11047391,0.066928075,0.128539358,-0.189114844,0.133558377,-0.021053053,149.62,0
209,-5.852465108,5.26737615,-1.761894935,-1.441250063,-0.988528968,-0.672186732,0.075759669,0.774198153,3.580112198,6.510779226,1.276495686,0.837057429,0.377257168,-1.614809223,0.534728164,0.416673221,-0.54182781,0.228258298,-0.243878982,2.983262081,-0.910910332,-1.204988487,0.215766032,-0.498065935,1.125918008,0.201449737,2.468867101,1.573083584,8.97,0
427,0.173200432,-1.823346056,0.307208485,1.342690667,-1.358110718,-0.136943694,0.355662815,-0.159310859,0.854919118,-0.581898525,-0.898873063,0.847338394,0.40789131,-0.449137192,-0.873602374,-0.431307453,0.249964709,-0.582009346,0.18821947,0.986324948,0.182255069,-0.32755542,-0.536358775,0.507572679,0.33185285,0.469279934,-0.102721495,0.106900915,539.17,0
509,-0.28081464,0.934605078,1.261452017,1.208912298,0.540420027,0.418318167,0.703040055,0.035862271,-0.51692003,-0.330698039,-0.961569153,0.474058536,0.891206459,-0.165812985,0.138022683,-1.097429738,0.378257554,-0.606165238,0.943715533,0.103108702,0.003485525,0.282826064,-0.187527472,-0.412473064,-0.092709781,-0.220468176,0.192768068,0.146364616,22.77,0
48,-0.580628965,0.482683933,1.33312308,-0.253080023,-0.02846894,-0.5191657,0.503249461,0.117773483,0.117112238,-0.420487539,0.449718914,-0.01786483,-1.983823179,0.321663489,-1.42530188,0.125194163,-0.404409452,0.097776857,-0.020531268,-0.29875073,-0.042142326,-0.148707276,0.001451165,0.302764487,-0.680714199,-0.015553924,-0.006307004,0.164222205,21.66,0
572,-0.77294138,0.815403709,1.365536399,-0.519297932,1.034867113,1.658806115,0.436414653,0.505823566,-0.269479849,0.193451297,2.02722064,0.676563439,-0.369161745,0.215080455,1.339037808,-0.862921078,0.341512323,-1.702005139,-1.146235577,0.163925224,-0.164131623,-0.067183042,0.030242908,-1.380112611,-0.477699139,0.180325111,0.275730306,-0.068830302,8.98,0
330,-0.386633363,0.953378783,1.851726441,1.623108112,-0.603151408,0.20491628,0.438894025,-0.313316649,0.359460761,0.585054531,-0.453422193,0.748281159,1.511168876,-0.925787591,0.644372174,-0.975487961,0.187552102,0.119377922,1.456398572,0.298617625,0.141431559,0.996964129,-0.205807547,0.481312106,-0.224335019,-0.105636239,-0.104202409,-0.070726229,55.76,0
92,-0.238410956,0.509262765,1.952000704,0.779065948,-0.37894013,0.251136558,-0.072412057,0.228754859,0.210899589,-0.373814134,-0.715860805,-0.046921901,-0.334018212,-0.245975395,0.628314056,-0.78158672,0.536186775,-0.283086494,0.681959757,0.004606037,0.217448612,0.903776545,-0.12134866,0.14122474,-0.613853852,0.575920179,0.193591769,0.165131782,2.99,0
156,-3.494860856,-2.894449732,1.637988839,-0.274975575,-0.389202933,-0.703274524,0.444194183,0.154266424,0.695817584,-0.56849224,1.041956476,0.841409533,-0.239347378,-0.415695785,-0.861171394,0.66427223,-0.593475406,0.237450523,-0.272360502,0.670036194,0.017010307,-0.063521495,0.676253817,0.596377136,0.11422899,0.834914728,0.309675191,0.632260841,500.0,0
436,-0.850529095,0.963376439,1.654452912,-0.592041267,0.534175225,-0.138949774,0.939026909,-0.096405276,-0.246999586,-0.943910193,-1.448698407,0.4421613,1.047694529,-0.529840329,-0.914963304,0.098948763,-0.605293696,-0.502668144,-0.086856634,-0.048379612,-0.210380992,-0.516509859,-0.400127241,-0.406340102,0.621243758,0.201346627,-0.135414591,0.046319666,15.8,0
60,1.107029377,0.216441,0.53837815,1.476397993,-0.25194192,-0.340679707,0.154091745,-0.086502546,0.144420201,-0.157374628,-0.107560298,1.066325657,0.620788367,-0.070889338,-0.203857983,-0.853479419,0.336478014,-1.179531721,-0.501729107,-0.111852536,-0.06003745,0.059884123,-0.047526366,0.443992419,0.640295759,-0.337657131,0.042108484,0.02426471,26.72,0
459,1.294157337,1.132084249,-2.148605138,1.230031072,1.447894134,-0.767675509,0.575634926,-0.094475277,-0.454617146,-1.349215388,1.145807179,-0.796739007,-1.050166154,-3.050235203,0.58474349,1.671186056,2.032407806,2.394429078,-0.038914198,-0.046194244,-0.257463477,-0.726439533,-0.374827804,-1.358994478,0.968891686,-0.225583933,0.027084276,0.071322311,2.99,0
71,1.331897157,-0.579961843,0.422605532,-0.897751526,-0.74625421,-0.056273231,-0.750316963,0.128483934,-0.964681778,0.736391419,1.390981592,-0.008048872,-0.12942182,0.094277151,0.38881918,1.236618791,0.151535043,-1.398990322,0.672575069,0.052489101,-0.039070337,-0.255173945,0.109332683,-0.32844817,0.162253656,-0.447275875,0.020070552,0.006230543,14.48,0
533,-1.233534503,0.145320255,-0.0672273,-1.750577238,-0.801068748,-0.381652222,1.561095202,0.320172435,0.231378946,-1.751103813,1.386493232,1.813678651,0.410059645,0.59293554,-0.659026858,-0.968179075,0.037303887,-0.163562329,-0.075087302,0.460897165,0.395250314,0.868590414,0.554971899,0.243594286,-0.034702366,-0.829909171,0.234284579,0.190521392,291.36,0
77,-0.427190854,0.745708409,1.761811025,-0.165130479,0.058297688,-0.213413376,0.64732325,0.073464184,-0.291863986,0.064799525,1.527191695,-0.131505745,-1.696914001,0.48212119,0.586417588,0.034541375,-0.306278167,-0.206029884,-0.118938855,0.05282757,-0.201680708,-0.432070051,0.01316424,0.161606289,-0.401310006,0.047423416,0.102549224,-0.11657148,9.12,0
40,1.110692004,0.081941901,0.406063037,1.290740383,-0.169813148,0.120955383,-0.080845205,0.174373085,0.152070726,0.065266723,1.02454977,0.79313718,-1.015039703,0.422995452,-0.706629551,-0.488455358,0.058531448,-0.383627226,-0.074067698,-0.2198461,-0.056023985,-0.011603086,-0.070482892,0.004345191,0.603928641,-0.327424451,0.029889689,0.004944296,13.84,0
530,1.255931495,0.317615094,0.293256411,0.697224133,-0.413810489,-1.081985686,0.053118707,-0.17525237,0.108261669,-0.268121739,-0.155847861,-0.031702099,-0.271230586,-0.18865066,1.149016342,0.503482633,0.021250823,-0.23628863,-0.193085692,-0.112101991,-0.293567431,-0.871804345,0.134497658,0.326186065,0.199886363,0.096395433,-0.026372899,0.029732476,1.98,0
73,1.162280884,1.24817825,-1.581317148,1.475024194,1.138357059,-1.020373404,0.638387286,-0.136762248,-0.805504896,-1.4440364,2.846914186,0.627549,0.387778137,-3.279054301,0.553435024,0.910634312,2.698337459,1.302963477,-0.910148786,-0.016800217,-0.124011771,-0.227149831,-0.199184934,-0.289757395,0.776243576,-0.283950225,0.056746815,0.084706456,1.0,0
12,1.103215435,-0.040296215,1.267332089,1.28909147,-0.735997164,0.288069163,-0.586056786,0.189379714,0.782332892,-0.267975067,-0.45031128,0.936707715,0.708380406,-0.468647288,0.354574063,-0.246634656,-0.009212378,-0.595912406,-0.575681622,-0.113910177,-0.024612006,0.196001953,0.013801654,0.103758331,0.364297541,-0.382260574,0.092809187,0.037050517,12.99,0
23,1.059387115,-0.175319187,1.266129643,1.186109955,-0.786001753,0.578435276,-0.767084276,0.401046149,0.699499676,-0.064737556,1.048292488,1.005618365,-0.542001579,-0.039914502,-0.218683248,0.004475682,-0.193554039,0.042387962,-0.277833721,-0.178023367,0.013676294,0.21373361,0.014461849,0.00295086,0.294638015,-0.395069505,0.081461117,0.024220349,12.99,0
362,-0.692698818,0.291548412,1.575227626,-1.219400412,-0.30225748,0.670790163,0.333059413,0.15387472,1.198541231,-1.473882056,-1.390194371,-0.021875819,-0.242528636,-0.273344546,1.328582304,-1.160033353,0.280766892,0.320173091,1.58853181,0.02336118,0.128170493,0.679178968,-0.516104883,-0.869866017,0.643627801,-0.297472032,0.063828161,0.042908436,79.0,0
394,1.293053468,0.457969173,-1.940450108,0.173148862,2.609569767,3.014117069,-0.269414758,0.754420441,-0.221009097,-0.62079986,0.348748433,-0.296104948,-0.118735703,-1.192582007,1.278393499,0.923267817,0.39537938,1.039037697,-0.252923896,0.025020076,-0.121125632,-0.427753296,-0.159335695,0.857134711,0.850054899,-0.311685063,0.037536213,0.05061751,1.0,0
190,0.075749698,1.026985684,0.83489051,1.208912537,0.107553957,0.465977242,-0.330959329,-1.6198728,-0.436603913,0.060715025,-0.431212703,0.537036416,0.942512348,0.3189698,1.596569045,-0.327721027,0.016979641,-0.407591354,0.243005097,-0.258697272,1.490696075,-0.532413829,-0.17976515,-0.422716907,0.774770005,-0.172429221,0.265078248,0.23001619,20.0,0
92,0.607153014,-0.957413454,0.761504743,1.590050449,-1.177297903,0.011231909,-0.166991305,0.152720248,0.742860452,-0.151018328,0.721459239,0.710085754,-1.329435269,0.130804276,-1.12238229,-0.17529728,-0.059694845,0.336360544,0.154421941,0.304713576,0.166237128,0.100681792,-0.31700078,0.543778052,0.484232348,-0.330425244,-0.001545351,0.062097987,268.78,0
32,1.24905472,-0.624727077,-0.710588904,-0.991600361,1.429973192,3.692977019,-1.090208641,0.967290815,0.850148519,-0.307081112,-0.456245308,0.22998135,-0.0169131,-0.220846086,0.362417699,0.315222304,-0.512265445,0.118994619,0.57472016,0.097852692,-0.006292714,0.009200225,-0.129463201,1.11297017,0.500382109,1.196549199,-0.048220435,0.005093622,29.89,0
460,-2.264656301,-0.707191615,1.080243049,-4.657545034,-0.157183324,-0.345405706,0.595041997,-0.386703989,2.211140803,0.788945963,1.596412601,0.695610086,-0.871538803,-1.010868325,0.152614496,-2.737035832,-0.355965951,0.88608637,-1.677695254,-0.164657857,-0.632026824,0.222079406,-0.18941168,-0.332602695,0.05019678,-1.168869913,-0.208793147,-0.486754121,50.78,0
169,-4.066862271,-5.081215162,-0.11690781,-1.312829273,2.688762246,2.755894978,-1.999094634,1.726412535,-0.413594233,-0.76934304,-1.265962903,-0.306976373,0.096136239,-0.581299332,-1.597357603,1.213666492,0.298187371,-0.60404766,0.534227573,1.876937166,0.794925643,0.294822646,0.429790528,1.059319975,0.606301318,-0.183100838,-0.057776675,-0.532404119,355.51,0
535,-0.866655167,1.029620577,-0.410809874,0.15994608,2.372235649,3.801112948,-0.088800586,1.103078666,-0.293703189,0.217734377,-0.663311004,-0.050513936,-0.176346212,0.172332102,0.17087433,-0.581112389,-0.095795706,0.212158247,1.464526908,0.199626128,-0.098254648,-0.140316051,-0.181175869,1.014273412,0.119951993,-0.288596594,-0.144101989,-0.07716363,8.5,0
480,1.039079055,1.158034045,-1.5551738,1.500270163,1.556148236,0.036028434,0.499064735,0.148227153,-0.603040247,-1.764475591,2.202819852,0.409272033,0.497219181,-3.39121307,2.052265129,-0.361773653,3.986288833,-0.811839159,-2.516962882,-0.135221946,-0.060671555,0.113741574,-0.049554735,-0.940147945,0.525324406,-0.188411062,0.116878405,0.087124516,0.75,0
263,1.143648911,0.128210203,0.407255475,1.160950092,-0.504531514,-0.904842966,0.111993062,-0.151667475,0.180408481,0.001026601,-0.51175531,-0.233763135,-0.814985243,0.513246951,1.12110997,0.219196916,-0.42402828,-0.052362219,-0.3820374,-0.102034097,-0.036000502,-0.221754206,-0.049749745,0.345483344,0.495657728,-0.440443319,0.008208615,0.03168921,49.99,0
80,-3.007739051,0.929514494,-0.423720855,-1.39295162,0.082246782,-0.515781701,0.104713792,0.825310566,0.38545311,0.064000225,-1.293106712,0.062199943,0.271107013,0.328058801,0.724097629,0.638389444,-0.430082218,-0.723590224,-0.562830693,-0.15171423,-0.40924608,-0.588831627,0.068045089,-0.890869739,-0.047641093,0.717616985,-0.054093659,-0.424259718,39.95,0
358,-0.424665607,0.554293424,1.374234118,-0.447451226,0.288247577,-1.082535591,0.969034687,-0.347445945,-0.109677746,-0.258586842,-0.328432759,0.315485393,0.755611995,-0.301423238,0.280566235,0.311837758,-0.813543198,-0.384037607,-0.822537835,0.24034429,-0.023295757,0.103502074,0.024513196,0.425008017,-0.227745622,0.182264367,0.076720325,-0.098667099,41.64,0
285,-0.931805001,1.52773726,0.818889181,0.056990215,-0.319929644,-1.054736468,0.358789745,0.35407267,-0.392589551,-0.43267709,-0.311277877,0.166120344,0.321497602,-0.210513993,0.857176935,0.479781685,0.159892512,-0.133632196,-0.127680212,0.143479694,-0.249969036,-0.713790732,0.044633504,0.334422677,-0.081412793,0.078215065,0.231701027,0.090919678,8.99,0
130,-0.485237731,0.658496594,1.949966622,1.249694748,0.42641029,0.231512687,0.585115384,0.029162991,-0.520297446,0.055911475,1.265311092,0.521276565,-0.830439424,0.157454834,-0.365074566,-1.14218704,0.409601003,-0.204876492,1.010483163,0.089377727,0.007290122,0.328243726,-0.232563155,0.225572061,0.025891679,-0.24739542,-0.025381021,-0.11856465,5.97,0
2,-0.425965884,0.960523045,1.141109342,-0.16825208,0.420986881,-0.029727552,0.476200949,0.260314333,-0.568671376,-0.371407197,1.34126198,0.359893837,-0.358090653,-0.1371337,0.517616807,0.401725896,-0.058132823,0.068653149,-0.033193788,0.084967672,-0.208253515,-0.559824796,-0.026397668,-0.371426583,-0.232793817,0.105914779,0.253844225,0.081080257,3.67,0
1,-0.966271712,-0.185226008,1.79299334,-0.863291275,-0.01030888,1.247203168,0.23760894,0.377435875,-1.387024063,-0.054951922,-0.226487264,0.178228226,0.50775687,-0.287923745,-0.631418118,-1.059647245,-0.684092786,1.965775003,-1.23262197,-0.208037781,-0.108300452,0.005273597,-0.190320519,-1.175575332,0.647376035,-0.221928844,0.062722849,0.061457629,123.5,0
510,-2.14951704,2.351163547,0.992990515,0.692643265,0.231641732,-0.020506517,1.086606315,-0.445825206,1.88011037,3.317525158,-0.163521122,-0.081915393,-0.33702241,-1.224884326,0.454536333,-1.654970787,0.245135609,-0.899635212,0.467840858,1.466181921,-0.469893026,0.144642963,-0.182026648,0.061734404,0.289829571,-0.267336869,0.875690582,0.121174957,1.99,0
328,-4.236419437,-4.459784208,1.381813308,1.117079984,6.044486324,-3.498447175,-2.740892495,0.372155022,-0.214338183,-0.242299844,-1.681844221,0.605227562,1.702995485,0.07545789,0.56515746,0.515252809,-1.184630764,0.381559087,-0.280158913,1.394093411,0.397071817,-0.432517322,0.612506739,-1.016361972,0.63037256,-0.498140915,-0.094774489,0.208038267,2.5,0
406,-2.312226542,1.951992011,-1.609850732,3.997905588,-0.522187865,-1.426545319,-2.537387306,1.391657248,-2.770089277,-2.772272145,3.202033207,-2.899907388,-0.595221881,-4.289253782,0.38972412,-1.14074718,-2.830055675,-0.016822468,0.416955705,0.126910559,0.517232371,-0.035049369,-0.465211076,0.320198199,0.044519167,0.177839798,0.261145003,-0.143275875,0.0,1
222,-0.44364031,0.981192772,1.234397173,0.099497167,-0.051269792,-0.92744122,0.862786135,-0.097128282,-0.442318207,-0.556097695,-0.17586303,0.022964412,0.336249776,-0.464505642,0.875372202,0.381508386,-0.00628756,-0.144792087,-0.103985472,0.239100596,-0.230771957,-0.677441645,0.099783921,0.334203966,-0.13277969,0.0696742,0.229406501,0.102884057,49.99,0
517,1.314712669,-0.328688367,0.002644953,-0.805043825,-0.467259872,-0.522746841,-0.180850453,-0.093471703,1.795353073,-1.10356246,-1.438093549,0.381108853,-0.44633713,-0.04840541,0.368542509,-0.857831663,-0.023201331,0.073228563,1.236033195,-0.131995561,-0.122540106,-0.029520509,-0.250848307,-0.427629415,0.917789852,-0.534370028,0.062354721,0.012093258,10.0,0
145,-2.420412824,1.947885385,0.553646043,0.983068886,-0.281518066,2.408957552,-1.40161343,-0.188299113,0.675877503,0.158497491,-1.224951318,1.314705078,0.30441192,-0.290217599,-2.01454784,-0.772800501,0.696761204,0.017913579,2.1772495,-0.276206701,1.213825987,-1.238619921,0.006927308,-1.724222084,0.239602695,-0.31370295,-0.18828088,0.119830988,6.0,0
52,1.147368927,0.059034645,0.263632341,1.211023458,-0.044095579,0.301066501,-0.132959856,0.227885136,0.252191237,0.083903938,0.645046451,0.413361748,-1.468036029,0.502861188,-0.626936023,-0.369716052,-0.03179924,-0.215342174,0.05501965,-0.255923875,-0.087813418,-0.110756407,-0.097770725,-0.323374178,0.633278881,-0.305327819,0.027394124,-0.000580465,6.67,0
239,1.167526651,-0.318288402,0.502463956,0.033904054,-0.584284752,0.024591688,-0.413737553,0.186412001,0.605944768,-0.221309819,1.115793218,0.941680714,-0.744337284,0.111580899,-0.686027923,-0.433618408,0.250640522,-0.596921964,0.39467487,-0.138335663,-0.040544175,0.09239604,-0.038320919,0.115914749,0.319733279,1.125327062,-0.058855274,-0.014191569,10.0,0
261,1.260327831,0.299160898,0.527681133,0.614898903,-0.420591873,-0.977533147,0.108485268,-0.244502212,-0.058316412,-0.085827832,-0.098362672,0.732373958,0.996718048,0.103733324,0.956963773,0.270445474,-0.461479594,-0.626390247,-0.124085429,-0.049241866,-0.249401231,-0.688429347,0.128289705,0.398966855,0.240282308,0.092212793,-0.024633117,0.020529303,1.98,0
196,1.198658495,-0.420333822,0.014599158,-0.270792868,-0.471074009,-0.384610465,-0.083890427,-0.077569983,-1.537507819,0.846368149,1.512576055,0.858692689,0.410549917,0.529565298,0.147448385,-1.573951028,0.024288477,0.499010405,-0.739676178,-0.401552282,-0.630205815,-1.504431997,0.19377055,-0.017458024,0.058386912,0.145372852,-0.034903837,0.011037036,63.9,0
414,-0.376162266,0.460564985,1.686272992,1.30037893,0.192392512,0.205984515,0.55436679,0.095976987,-0.210761006,0.143518094,0.969152548,-0.299821115,-2.401077746,0.480956261,-0.247237245,-1.058838372,0.470259235,9.22e-05,0.97722597,0.010520607,0.030857721,0.301531822,-0.072866985,0.178562454,-0.344147633,-0.301680946,-7.11e-05,-0.083202228,29.99,0
234,-0.602482641,0.479088625,0.549750379,-1.069814294,-0.501686511,0.214778428,-0.139682615,0.558440155,-1.914256571,0.395763967,1.501178618,-0.346972472,-0.716692149,0.661587681,0.471344867,0.251715708,1.111332355,-1.557735856,0.97903493,-0.046952802,0.433866272,1.039252171,-0.02503483,-0.26074834,-0.456975215,-0.117580785,-0.073710154,0.055203629,42.81,0
422,-0.792748252,-0.554385047,1.698544392,-3.774039106,0.005128985,-0.353166296,0.362088897,0.044960964,1.96838823,-2.24579757,1.034872724,1.433987601,-0.047105117,-0.383137264,-0.047074844,-0.41072567,-0.872547678,0.520402037,-0.534329523,-0.003959381,0.325067431,1.155921061,-0.171941329,-0.268315352,0.005260925,-1.0214705,0.014805688,-0.077788979,60.92,0
530,1.217261105,-0.080646333,-0.059293199,-0.868862331,-0.236627993,-0.700158534,0.143747178,-0.111374358,0.790808661,-0.895455671,1.837533752,1.977772847,0.455351228,0.400479,0.13555692,-1.313351342,0.207926999,-0.409951002,0.676098078,-0.12624286,0.081581788,0.534693286,-0.159644364,0.296811562,0.855792891,-0.553063184,0.054273983,0.001410492,1.0,0
84,1.119272304,-0.669639047,0.803807372,-0.651693123,-1.395665978,-0.800698087,-0.601604892,0.014390356,2.019905427,-1.067542331,-0.672739778,0.116007769,-1.125379587,0.055688194,1.414561469,-0.396080396,-0.090654809,0.504404193,0.460238548,-0.060359767,0.16368691,0.546516454,-0.176835651,0.402555517,0.563401812,-0.534236042,0.075046569,0.042000798,67.3,0
382,-0.804275457,0.379523306,1.892524674,0.315885535,-0.194783001,-0.248983834,0.422565158,-0.028321131,-0.247660502,-0.488735428,0.018103943,0.745749002,0.811923577,-0.339126344,0.41271011,-1.08160261,0.806112721,-1.231163456,1.109070442,0.117260558,-0.152899712,-0.213726372,0.174705845,0.486815514,-0.365679974,0.963301373,-0.045545223,0.110528209,45.38,0
524,-0.292211392,0.83860468,1.360846901,-0.001345832,0.350835554,-0.894645099,1.382872021,-0.431655425,-0.40071863,-0.478108306,-0.455724229,0.167056029,0.459970254,-0.105811669,0.130068335,0.191250331,-0.89704428,-0.175738776,-1.133706644,-0.00032476,0.095844319,0.368186157,-0.150624074,0.391048376,0.186411167,-0.571951915,-0.13575482,-0.17619992,52.05,0
83,-1.897330739,0.955626146,0.052542631,1.27665559,-3.323084064,3.229910789,1.029631148,1.515606764,-0.059626603,-1.461402639,-0.246684066,0.921560835,-0.196534711,0.505960635,0.705137678,-1.328623104,1.915145604,-1.935425902,-0.930024249,-0.832629516,0.128416132,0.776077579,0.477536785,-0.608981285,-1.120892414,-0.41385055,0.061399324,-0.187963516,552.18,0
76,-1.024576049,0.522289106,1.787699074,0.202672107,-1.140802866,-0.137830806,-0.336555477,0.670704378,0.071670264,-0.518978194,0.687066404,0.249020266,-1.248619947,0.343492962,-0.236299743,0.528667673,-0.291314514,0.847538604,0.129468112,-0.278965958,0.315867516,0.847564794,0.148876568,0.549790591,-0.585130614,0.325840743,-0.068871446,0.059713185,50.0,0
484,-0.928087753,0.39819407,1.74113125,0.182672744,0.966386863,-0.901003797,0.879016073,-0.156589871,-0.142117461,-0.57477527,-0.478181307,-0.426852484,-1.493425843,0.187920732,-0.282355216,-0.648149999,-0.019449062,-0.782172208,-1.194998469,-0.118283445,0.066353416,0.281377527,-0.257966139,0.385383833,0.391117133,-0.453853317,-0.104448024,-0.125765409,1.0,1
462,-1.113781289,0.117378054,2.090359902,0.473339799,0.489379331,-0.993792816,0.038140211,0.145453364,-0.851287662,-0.192764693,1.409528512,0.245435625,-0.811979434,0.628821405,0.685018177,0.087970411,-0.22293937,0.297347724,0.996707629,0.262599193,-0.075002661,-0.588687267,0.044266085,0.505592909,-0.012213639,0.200640558,-0.012297068,0.079744123,13.99,0
365,-1.20943716,0.949446219,-0.429811066,-2.640093521,2.601386808,3.056965536,0.473494762,0.280729186,0.853043393,1.023892724,0.025354554,-0.386034224,-0.16159745,-0.558824188,0.714131154,0.553552719,-1.393507597,-0.123716655,-0.369462645,0.410370345,-0.214919579,-0.449815405,-0.088677129,1.030439176,-0.048967372,0.671978938,-0.612153238,-0.224000086,0.68,0
130,1.353283086,-0.694899979,0.970826107,-0.426559487,-1.41726333,-0.505710366,-0.932068859,-0.083956783,-0.224207861,0.446748128,-0.540411822,0.072337843,1.006646612,-0.905357238,-0.304202302,0.802625517,0.48308727,-1.34493029,0.649045314,0.126358012,0.284340592,0.993433718,-0.164893279,0.474256989,0.623847569,-0.006749765,0.046025633,0.022043162,15.93,0
103,-0.94089284,1.074154764,1.759398089,-0.601445607,0.101693491,-0.188519563,0.455755575,-3.46068234,0.44152478,0.91781802,0.877285383,0.338268788,0.64625002,-0.828662236,1.464951783,-0.915166509,0.17166524,-1.054133457,0.27680146,-0.209017984,2.270069053,-0.143518425,0.153907529,0.700926779,-0.413235123,1.374031211,-0.996161004,-0.836300917,9.99,0
518,-0.743470571,0.943604281,1.486463579,-0.179574516,-0.190966051,-0.29555862,0.35243803,0.354957946,-0.110108413,0.192907493,1.307387559,-0.504472042,-2.563325991,0.797243884,0.669556102,0.137928677,-0.160212771,-0.088096919,-0.145002414,0.03510964,-0.19523868,-0.55350292,0.055945704,0.134418523,-0.356894601,0.083846355,0.372062065,0.162030629,4.45,0
265,-0.293838836,-0.044368922,1.093145532,-1.576473121,-0.107491773,-0.791217448,0.291465483,-0.093163912,-1.406365813,0.061024567,-0.464045942,-0.111047283,0.566392854,-0.045035543,0.383371561,-1.457616349,-0.03490802,0.466330849,-1.726448514,-0.451588471,-0.235571213,-0.286206833,0.069302954,0.107632395,-0.385142023,0.86605499,-0.017603208,0.039892577,24.84,0
487,0.17485732,2.035550324,-1.866660694,1.420852692,0.829644248,-1.683504947,1.014476153,-0.303887001,0.196619884,0.129235398,2.643747277,-0.317018824,-1.015285122,-3.601835731,0.517658044,0.862952773,2.556381897,1.950360851,-0.282786918,0.508856287,-0.233183524,-0.111162849,0.093547301,0.159321442,-0.414131989,-0.443439253,0.409370788,-0.042075051,8.99,0
502,-2.696640725,-1.371300386,2.85819382,3.421863581,1.904082607,0.683730584,-1.407505946,0.444287004,-0.309161823,1.338470345,1.282770059,0.907171494,0.192458734,-0.614332499,-0.094105525,-0.861579225,0.640078298,-0.611399017,0.901330061,-0.112607991,-0.24607459,0.098977238,-0.400856555,-0.20121693,-0.140761303,0.217806466,0.113170806,0.209086743,45.56,0
355,0.019255812,0.471698112,0.868060279,-1.239124163,0.54789788,-0.502661073,0.808516316,-0.247667131,0.130741129,-0.484993915,-0.702094465,-0.213445399,-0.048713337,-0.065306992,0.658810334,0.168525657,-0.621303531,-0.690750497,-0.697036043,-0.107129889,0.021429648,0.265056733,0.06660763,-0.381752337,-1.305170563,0.64604938,-0.013624944,-0.011984806,2.61,0
64,1.212510891,-0.099054296,-1.192094095,0.286323562,2.160516252,3.61631351,-0.404206898,0.842330952,0.169360421,-0.030522177,-0.541957258,0.237212015,-0.218129649,0.197436521,-0.147850246,-0.097830142,-0.510052501,-0.070939281,0.355170584,0.01477744,-0.167496337,-0.49469457,-0.149785451,1.011226555,0.883547705,-0.329433811,0.020370146,0.017037086,34.7,0
557,1.135720955,0.18532769,0.532580535,1.474705867,-0.335261004,-0.372401883,0.059039843,-0.019913106,0.313130756,-0.117885505,-0.295769459,0.479426009,-0.484281366,0.145034377,-0.084832544,-0.803784577,0.399018268,-1.047415582,-0.489409423,-0.213577243,-0.081964334,-0.022336278,-0.020835973,0.413027563,0.60860401,-0.332334506,0.037787391,0.019238445,11.45,0
193,-0.922515164,0.84157679,2.078000014,1.373071345,0.666526104,0.779011906,0.609457558,0.4023688,-1.088370984,-0.096632144,0.449566509,0.397328103,-0.541616351,0.015321153,-1.672261774,0.454716297,-0.566873639,-0.384643685,-1.088492323,-0.105559348,-0.12742529,-0.458042576,-0.067386573,-0.350802113,0.039175944,-0.291078195,0.058607062,0.089760081,37.2,0
41,1.154312117,0.265462317,0.384870524,0.57500704,-0.217475465,-0.391519648,-0.081488957,0.06278949,-0.260583324,-0.161677217,2.052927777,1.130825934,0.189484506,-0.070792612,0.619345198,0.318582897,0.090232112,-0.331450412,-0.344721213,-0.099579746,-0.193213341,-0.557685063,0.169492069,0.186862704,0.089251983,0.09362623,-0.00963264,0.019667693,2.67,0
64,0.959601659,0.370711305,0.88861337,2.343244103,0.352490841,1.365514606,-0.27777073,0.51605318,-0.700929045,0.468216239,0.74561151,0.373531003,-0.223918286,0.417438142,1.678400143,-0.5157016,0.662478668,-2.514235114,-2.589687575,-0.298404521,-0.155547161,-0.403239316,0.356504034,-0.696881459,-0.19871797,-0.220267916,0.068546196,0.020797315,7.55,0
333,-2.977213708,0.781747655,2.881723998,-1.627798168,-1.368067062,1.656876386,-1.185052951,-5.393736022,1.719406875,2.372954645,0.710988574,0.989775451,-0.108996728,-2.461600085,-2.820860867,-2.15110216,0.186714167,1.039261204,-0.477813538,-0.879343727,3.656428393,-1.92918133,0.190842644,0.533133883,0.296772876,0.890103553,-0.123225144,-0.543749903,75.0,0
248,-0.216866831,0.900896218,1.502850277,0.812492451,0.193952498,-0.031488309,0.490795205,0.120990624,-0.907335774,-0.10626925,1.750771741,1.11954386,0.592076069,0.364704377,0.611496991,-0.349770202,-0.174297109,-0.026468492,0.23571838,0.023362317,0.14749652,0.463469893,-0.045123866,0.22412587,-0.275401644,-0.415338771,0.108635141,0.052980915,10.0,0
34,-0.762255666,0.127767752,2.650056386,-1.875662771,-0.893356398,-0.268714889,-0.419863597,0.146233407,-0.86963529,-0.038651669,-0.686124387,-0.502910879,1.380826322,-1.039124606,0.652842089,1.898747563,-0.458413549,-0.559803243,-0.29510264,0.359392906,0.433349642,1.260402664,-0.404700036,0.094945523,0.480975977,-0.09068468,0.319222973,0.135599925,15.99,0
280,0.878794493,-0.266909198,0.409706011,1.509808074,-0.487798048,0.376829476,-0.389288343,0.33136114,0.702727615,-0.574106367,1.111967187,0.599725186,-1.234587532,-1.028018411,-0.780626425,-0.081814287,0.97970005,0.385091634,-0.240107937,-0.001707997,0.025055821,0.110526605,-0.191237157,-0.059199193,0.504350122,-0.271526148,0.059099556,0.053500821,109.15,0
142,1.211406024,0.007849756,0.950798395,1.137646478,-0.495189279,0.301371118,-0.518350359,0.095425922,0.817591713,-0.226339478,-1.392727845,0.666903921,1.048677978,-0.582645665,0.14456173,0.282077685,-0.602787657,0.104931521,0.098868907,-0.049912471,-0.107247743,-0.057152535,-0.118932638,-0.42124148,0.556146314,-0.360164371,0.076929908,0.031800028,9.99,0
457,-0.942972866,1.812574711,2.112754065,2.211790554,-0.067564928,-0.614475549,0.775533394,-0.078298947,-1.276690048,0.939465827,0.083359478,0.227234266,0.785360667,-0.040083941,0.63405063,0.157938998,-0.24090146,-0.522261219,-0.329442624,0.295910351,-0.181811665,-0.44111449,0.004497504,0.881531875,-0.169524571,-0.213305191,0.313371275,0.246707317,2.72,0
460,-2.4002607,-1.383753644,1.61015057,-2.452648773,-0.592391692,-0.041593492,-0.554246548,0.090479125,-1.85285952,1.689143393,1.006714441,-0.585982253,0.456055352,-0.726728834,0.023941397,0.067992058,-0.031857859,0.496252941,-0.80427288,-0.69353715,-0.223479925,0.484415963,0.31886613,-0.326228443,0.587977512,-0.126953962,0.123829712,0.485188936,79.0,0
501,-1.377718271,1.354530457,0.543183298,-1.427170859,-0.12438937,-0.524309439,0.179123667,0.616511645,-0.151022979,-0.748487775,-0.915324611,0.040002141,0.027654577,0.428552417,0.646517837,0.442835997,-0.295907071,-0.666708574,-0.820429069,-0.180027505,0.008981955,-0.075796506,-0.057756231,-0.388366066,-0.296798316,0.774677294,-0.418796889,-0.184978168,3.0,0
55,-4.575092608,-4.429183775,3.402585004,0.90391468,3.002223774,-0.491077708,-2.705393163,0.666451302,1.922216172,-0.614312027,0.384926577,1.194403452,-1.020718454,-1.246829406,-2.348673437,-0.213437533,-0.100221745,-0.406073073,-1.637572519,-0.960962934,-0.047365029,0.853359935,-0.971600429,-0.114861639,0.408300392,-0.304576466,0.547784789,-0.456296829,200.01,0
518,-0.641320431,0.738097929,1.916436411,-0.162040294,0.371740227,-0.203710534,0.734552138,-0.106378122,-0.650379867,-0.091715082,1.797402073,0.76249587,0.028761755,0.158764838,0.395829884,-0.076070336,-0.401123363,-0.401499944,-0.055384,0.026321929,-0.098913037,-0.232043104,-0.011842181,0.214894182,-0.486273127,0.004231902,-0.22693311,-0.092455535,9.99,0
124,-1.710934768,-1.366798712,2.217310673,0.404714451,-0.114375224,-0.075942269,-0.259942733,0.320897252,-0.175355041,-0.478714108,0.759642225,0.475061325,0.122646386,-0.119537851,0.489590181,0.180992375,-0.198955208,0.91642141,1.50620908,0.986113859,0.390633615,0.481111488,0.405839184,0.066432818,0.156732409,1.286200506,-0.093974597,0.098826479,230.0,0
44,-0.899992449,0.136254782,1.88366471,-0.208996096,1.05144062,1.905241336,0.24142325,0.647630723,-0.05346625,-0.504170551,1.254598807,-0.23662919,-2.51758729,0.384573507,0.343832097,-1.370563137,0.958567982,-1.607241693,-0.64725644,-0.121725831,-0.081500218,-0.016925889,-0.147706273,-1.384620203,-0.024352091,0.412659496,-0.106776268,-0.190475773,21.55,0
403,1.237412804,0.51236483,0.68774556,1.693872394,-0.236322622,-0.65023174,0.118066209,-0.230545316,-0.808522532,0.511283784,-0.178158848,0.762909091,1.700923261,-0.133860624,0.402417753,0.684668257,-0.609395282,-0.704276523,-0.720725513,-0.006716199,-0.077543048,-0.178219658,0.03872219,0.47121815,0.289248688,0.87180308,-0.066883865,0.012986379,0.0,0
380,-1.29983679,0.881817464,1.452841879,-1.293698332,-0.025104981,-1.170102626,0.861610195,-0.193933516,0.592000947,0.241978858,0.144973301,-0.583891284,-1.595345315,0.032612886,0.752833857,-0.094286374,-0.163427019,-1.111176014,-1.12402459,0.06597901,-0.272562732,-0.360853038,0.223911215,0.598929622,-0.397704638,0.637140781,0.234872284,0.021378793,0.0,0
514,-1.045042067,0.957420517,1.38802294,0.195389153,-0.327384625,-0.643709664,0.521262101,0.174238412,0.063057537,-0.373987704,-0.957853647,-0.049541262,-0.576466834,-0.013987189,-0.359348978,-0.359774745,0.143462772,-0.467880697,0.389909226,0.022504672,-0.182403257,-0.311953306,-0.14026762,0.400592003,-0.050206934,0.201239891,-0.092265455,-0.134806458,30.49,0
131,-1.007390583,1.261943319,1.207202744,1.307574927,0.153211416,0.062291102,0.50864716,0.079446853,-0.39521086,-0.006152177,-0.468287907,0.827819356,1.046675791,-0.185212586,0.109266578,-1.252804324,0.605940981,-0.831079809,0.772720685,-0.104066545,0.039149756,0.411660756,-0.08032014,0.12123507,-0.132999537,-0.303176862,-0.46391307,-0.164157241,10.0,0
496,-2.009892751,0.522693347,2.043509809,0.223521374,-0.597859305,0.078162869,-0.450347373,0.772470913,0.532384903,-0.408489946,-0.86206635,-0.035497857,-0.648889725,-0.191864179,0.423878262,-0.106994155,0.332678804,-0.405175749,-0.141551153,-0.150667764,-0.126642076,0.080104443,0.272597626,0.088534486,0.317081909,0.419253357,0.281493573,0.060872266,16.5,0
59,0.921024019,-0.162446861,-0.094331367,0.474083926,-0.021485961,-0.397506307,0.482642979,-0.117495975,-0.577836031,-0.018607137,1.837579183,1.450671064,0.679743973,0.59371845,0.249734698,-0.084367221,-0.25970728,-0.89499546,-0.010373942,0.214510448,-0.209381106,-0.930107296,0.028509911,0.032682009,0.155130495,0.13325047,-0.073534231,0.022349145,149.9,0
442,-0.627616604,0.841973755,0.840727941,-1.351059291,0.182650198,-0.484541136,0.465109911,0.181787935,-0.074016234,-0.774766938,-0.766203498,-0.093228403,-0.021442939,0.156260711,0.677262209,0.382874055,-0.470945218,-0.710725214,-0.847331912,-0.215993808,-0.022654182,-0.101469263,-0.083594161,-0.387957909,-0.298916136,0.771189614,-0.467112727,-0.27108443,2.23,0
221,-1.177731398,0.318500556,1.727122639,-0.549578484,0.737291973,-0.050963245,0.555481889,-0.041756012,0.219520198,-0.262389264,-0.143989694,-0.576367218,-2.128980314,0.045078555,-1.132141519,0.311233375,-0.739914396,0.326510618,0.377478044,-0.321357317,-0.279323708,-0.640571457,-0.554583863,-0.510508094,0.403269619,0.178327047,-0.354579192,-0.233332153,25.36,0
315,-1.014692833,0.44491767,2.25900536,0.336945912,-0.492325915,-0.649977397,0.542460114,-0.201798135,0.491987439,0.013239093,-0.171666745,0.717765848,0.855574355,-0.890737503,-0.241276331,-0.435455423,-0.08367101,-0.326211529,-0.14387383,0.399388446,0.0907613,0.829357952,-0.105668559,1.005763498,-0.098694309,0.396781209,0.307894489,0.09874551,69.99,0
490,-0.215043036,0.65219023,1.107882384,1.265935183,2.3663003,4.393731587,-0.412468839,0.96064414,-0.914003137,0.745978882,-0.38845497,-0.683481233,0.174721788,-0.197216822,1.423125625,0.906269734,-1.0866268,0.90702392,0.226867374,0.266120252,0.103830156,0.304199138,-0.127454562,0.994760541,-0.501053401,0.039003168,0.024135224,-0.056240968,3.44,0
114,1.194066271,-0.072582233,0.635285626,0.768616206,-0.735584338,-0.673465653,-0.146299157,-0.065652615,0.646047714,-0.211574202,-0.757756838,0.131821519,-0.691698421,0.014078327,-0.053359478,-0.144321695,0.047621205,-0.662116209,0.255441031,-0.120276616,-0.300560759,-0.770991059,0.074443654,0.397712516,0.285947051,0.286760297,-0.031033455,0.01705188,23.88,0
37,1.295667621,0.341483451,0.081505199,0.56674607,-0.110458773,-0.766324793,0.073154903,-0.168304138,0.07183711,-0.281043994,-0.549533939,0.049093162,0.303950023,-0.316750192,1.134897205,0.635909577,-0.199763166,-0.122051064,0.004516182,-0.065983383,-0.323607229,-0.929781372,0.063808806,-0.193565115,0.287574218,0.127880985,-0.023731193,0.025199673,0.99,0
530,1.445728887,-0.992652913,0.702959271,-1.311315388,-1.613625346,-0.726591021,-1.045431131,-0.07922389,-1.812437622,1.381392542,0.057466097,-0.790523465,0.120874466,-0.202414647,0.920806193,-0.643295278,0.887211039,-0.758273687,-0.633455105,-0.392319792,-0.409740163,-0.819421972,0.287769846,0.322667998,-0.007634935,-0.469268585,0.050762554,0.027197663,12.0,0
113,1.147553856,0.543491091,0.504579173,2.517929914,-0.123554818,-0.611119916,0.273075896,-0.173271031,-0.809549379,0.692369323,-0.547658436,-0.100281311,0.054655307,0.333657163,0.436718096,0.593333948,-0.593651498,-0.289229423,-1.014089992,-0.097837514,0.025973073,-0.00828733,-0.081624079,0.379390351,0.558205979,0.033755503,-0.022230603,0.024045332,31.17,0
137,0.753307852,-1.131593257,0.878730366,0.297870796,-1.327250161,0.066595638,-0.535275981,0.171132621,1.18460204,-0.51045289,-0.559082124,0.121812639,-0.718595336,-0.211232352,0.663762572,-0.064256815,0.256345467,-0.696030149,-0.190353268,0.295638379,0.031912238,-0.213297997,-0.091660381,0.151836521,-0.067673441,0.99907331,-0.063984805,0.049174356,226.07,0
187,0.066060772,0.8762634,1.093992968,1.556150516,-0.07231813,-0.671902296,0.569707156,-0.143791231,-0.609469493,0.122388483,-0.477548435,-0.348544455,-0.275911532,0.469809094,1.619878123,-0.637980697,0.179422142,0.263764793,1.332689558,0.126786432,0.159757256,0.497796845,-0.043265755,0.397922925,-0.358151033,-0.186331411,0.135738679,0.098839653,23.32,0
211,0.263523486,-1.812896806,-0.311086762,0.412929594,-0.794605397,0.196364792,0.416625915,-0.062991181,0.345392201,-0.363639666,0.379691153,0.911096513,0.133218505,0.118926728,-0.674517208,0.337849604,-0.450552,-0.001172858,0.858372836,1.010958119,0.002672337,-1.04234241,-0.480537703,-0.414742512,0.111705661,0.819589851,-0.168906284,0.07820301,526.96,0
302,1.073785316,-0.170037328,0.790655939,1.128604515,-0.585960036,0.070807492,-0.414937486,0.057948562,0.503324119,-0.036917094,-1.177600068,-0.026488327,0.450775651,-0.089796442,1.463998327,0.925483308,-1.017179509,0.606265451,-0.414612132,0.086693078,0.100286633,0.147604017,-0.184878263,-0.460810919,0.423908825,-0.318167878,0.046110889,0.046843274,90.0,0
78,-1.760402481,0.221924153,0.579949898,-1.413194092,0.804876249,-0.353324324,0.869655641,-0.031477112,0.317739047,-0.118295038,-1.053730462,-0.296843762,0.13136414,-0.170066569,0.748794675,0.410891393,-0.749974772,-0.745597186,-0.487556885,-0.105203803,-0.403692059,-0.478169343,0.261137612,-0.903294971,-0.130708919,0.713907127,-0.028134479,-0.410876701,62.92,0
561,1.214872411,0.307969625,0.278628885,0.642981278,-0.185160762,-0.603602499,0.006881251,-0.064238914,0.030872046,-0.325988093,0.152765125,0.313114993,0.192869624,-0.256773924,1.347208799,0.186606634,0.273776501,-0.746653388,-0.556363656,-0.115172396,-0.26068152,-0.716148032,0.159803767,0.033516461,0.143169689,0.124258957,-0.006506053,0.027226192,0.89,0
559,0.940965065,-1.868811022,0.426719309,-1.717117277,-1.861869393,-0.357676464,-0.767727544,-0.03981561,1.200838095,-0.585487045,-1.386855669,0.293601235,-0.124621657,-0.480286664,0.259230856,-2.187021883,0.409553471,1.287114409,0.491033563,-0.03876626,-0.446133804,-1.003234428,-0.181037411,-0.10547471,0.271430109,-0.092694701,0.02873262,0.063535426,242.15,0
180,-0.782666195,1.017986502,1.50585133,0.920904617,0.75876509,0.392474821,1.357625329,-0.666453043,1.071130264,1.702692099,-0.812493033,-0.91415491,-1.234177953,-0.856785661,0.551040622,-1.402290167,0.060432413,-0.547990244,0.858789262,0.663806548,-0.410456552,0.145970127,-0.248113198,-0.452120665,0.014227544,-0.281960873,0.118371377,-0.508471449,23.63,0
358,1.106250813,0.398625212,0.860420675,2.388862104,-0.36584296,-0.192568394,-0.121769312,0.15087551,-0.733270908,0.860899788,0.981651769,-0.079715777,-1.418024438,0.72382105,0.049226993,1.101370208,-0.839421955,0.185977157,-0.620854915,-0.200063604,-0.253189153,-0.952835561,0.181642859,0.222462246,0.083551647,-0.342278231,-0.017021258,0.020976268,17.43,0
184,-0.143256003,0.743648518,1.534072207,1.062170094,0.20818678,-0.838622933,0.524151228,-0.294660552,-0.478855844,-0.006096561,-0.121309696,-0.564296679,-0.352630239,-0.336510143,1.8800621,-0.3236776,0.541293199,0.139300206,1.592842932,0.271422691,-0.205014457,-0.460893452,0.0474066,0.339242969,-0.77943859,0.234456216,-0.024124929,-0.049897532,1.98,0
411,0.238849265,0.241701892,0.369160517,-2.124041227,-0.172507582,-0.838344862,0.183133473,-0.92144925,0.517945477,-1.215037849,1.9202565,1.44127412,-0.222390941,0.769624358,0.665069189,-0.776718204,-0.036660169,-0.352461245,0.241211829,-0.268390117,0.846543762,0.047365248,-0.162209812,0.284052803,0.773004322,-0.034858476,0.153185473,0.207923528,10.0,0
402,-0.160626024,-0.064459272,2.531072429,-1.328267897,-0.970429962,0.1850305,-0.380184274,0.078119057,1.775956234,-1.242314803,-0.36495383,0.435456871,0.03950152,-0.760588289,1.701604126,-1.23341667,0.497776404,0.194699718,1.43068505,0.130322208,0.262123747,1.340696247,-0.253860032,0.178600525,-0.49112106,0.244971998,0.07482909,-0.069923636,0.01,0
204,-0.18842395,0.87760183,-0.73468591,-0.9134037,1.941770351,4.037422713,-1.707118367,-2.537640843,-0.590337624,-0.763038648,-0.154033225,0.252520189,-0.279930472,0.883568857,1.083943287,0.826626293,-0.724612716,-0.000784141,-0.001108105,0.543408832,-0.824078772,-1.042330686,0.168264918,0.963855361,0.887849695,0.171166714,0.012283966,0.164537715,1.98,0
209,-0.572010633,0.374980871,0.923823033,-0.954005872,0.753635444,0.139494795,1.450747739,-0.551715607,-0.12615854,0.068444879,0.351181327,0.224943615,0.448234262,-0.362391077,-0.297472256,0.828896267,-1.64672971,0.559570501,-0.20328508,-0.127564678,-0.030323651,0.334778622,-0.192455176,-0.790313074,0.110172912,0.309764577,-0.504722784,-0.498287039,95.56,0
12,-0.752417043,0.345485415,2.057322913,-1.468643298,-1.15839368,-0.077849829,-0.608581418,0.003603484,-0.436166984,0.747730827,-0.793980603,-0.770406729,1.047626997,-1.066603681,1.106953457,1.660113557,-0.279265373,-0.419994141,0.432535349,0.263450864,0.499624955,1.353650486,-0.25657328,-0.065083708,-0.039124354,-0.087086473,-0.1809975,0.129394059,15.99,0
100,-0.378601661,0.274578968,-0.129487732,-2.682798988,-0.731374623,-0.226354213,-0.006949342,-2.77898321,-0.23323193,-0.588714056,-1.3076821,0.064598314,0.083190793,0.464692016,0.84769787,-1.549799155,-0.319687586,1.086719343,-0.444441082,-1.133798931,1.426145676,-2.776923392,-0.46675587,-0.714696528,1.136720149,-0.981992914,0.356780522,0.148444039,182.95,0
222,1.086971163,0.045122322,0.475774395,1.344244178,-0.302640743,0.00440761,-0.096403605,0.182898066,0.193464332,0.073512815,1.144165915,0.66265458,-1.421030701,0.509992075,-0.679440105,-0.52963176,0.153906813,-0.403244853,-0.15006424,-0.239993183,-0.044043853,-0.007869449,-0.044243035,0.213380359,0.562624828,-0.340026072,0.02673675,0.007185347,18.61,0
487,-0.517981178,0.723071633,1.401195581,0.772312602,0.671651331,0.847779587,0.352294216,0.224070624,-2.314242391,0.941668898,-2.194867161,-1.90623514,-0.940699258,0.306290359,0.646916346,-0.869121137,-0.422320847,1.417456475,-1.335050545,-0.517548459,-0.374926207,-0.737658506,-0.391401321,-1.42002438,0.435490847,0.192060901,0.051326607,0.052402022,7.48,0
293,1.123311065,-0.170142078,0.89877308,1.572445488,-0.727420685,0.226641226,-0.522651385,0.285406758,1.173965438,-0.194914859,-1.19210081,-0.395355037,-2.213834341,0.005351154,-0.485688847,-0.727260384,0.554140338,-0.645275882,-0.241630845,-0.334909443,-0.109955073,-0.0321972,-0.044257324,0.042350136,0.547189708,-0.250555676,0.060740833,0.017699872,5.0,0
135,1.101762442,-0.119018463,1.139150275,1.844961212,-0.817909156,0.247770075,-0.684181037,0.283095821,0.286762553,0.440946202,-0.826293741,-0.769377782,-1.541032563,0.047904222,0.567886086,0.523959447,-0.044064668,-0.425632202,-1.101029955,-0.200597231,0.120200714,0.371304976,-0.01604711,0.113901376,0.15201442,1.12604899,-0.038695152,0.012338827,22.37,0
496,-0.65295496,0.493216287,1.246769884,-0.707569436,0.165763885,-1.146223548,0.932048672,-0.094962192,-0.861258133,-0.50354864,1.448318454,0.35271917,-0.832585628,0.721807719,-0.002442366,0.060623198,-0.270581455,-0.285535061,0.757072311,0.117608436,-0.209224016,-0.894706425,0.16707456,0.528921952,-0.419800516,0.629628048,-0.040930313,0.097624443,50.99,0
230,-0.420269748,0.814760402,1.513242393,1.292782097,0.138053047,0.223342242,1.08808368,-0.150282357,-0.216385801,0.036197394,-0.489127253,0.181306518,0.083521781,-0.23630839,0.223610259,-1.300535658,0.506323814,-0.711513697,0.708409608,0.369869323,-0.043948199,0.313610073,-0.033527354,0.097487277,-0.080281832,-0.255178709,0.244130619,-0.013383768,79.18,0
423,1.161123361,0.654049832,0.211965676,2.521864464,0.156581564,-0.58346052,0.442846699,-0.120914394,-0.959400586,0.715869481,-0.155990226,-0.354074282,-0.917180464,0.727635502,0.521758013,-0.021360119,-0.033509525,-0.958702429,-1.363450555,-0.258545519,0.025278231,0.046085116,-0.025789304,0.377011773,0.585969722,0.080867982,-0.028148258,0.008323383,3.75,0
443,-0.644711517,0.662711243,1.488930928,1.299352823,0.091519045,0.195377108,0.469805056,0.298435643,-0.419327882,0.07456165,1.085808305,0.382069663,-1.267782589,0.436118868,-0.380324824,-1.033240502,0.511542983,-0.109313136,0.93478034,0.198551247,0.054275661,0.326933084,-0.008161645,0.203423703,-0.159352493,-0.250927873,0.400739683,0.199969778,46.77,0
200,-0.304922925,-0.521387699,1.341180514,-0.255797283,-1.120915926,0.918260347,0.174348117,0.358936082,1.208379613,-1.115110433,0.792522518,0.947250296,-0.63752171,-0.05079562,0.548192833,-1.546895848,0.732697001,0.491793062,2.642445058,0.490222139,0.124286738,0.405697718,0.418190996,-0.305738137,-0.487991443,-0.559780152,0.171079309,0.107152651,196.7,0
257,-0.599318041,0.88752482,1.57921402,-0.113727896,0.304991227,-0.182828895,0.503722003,0.241375357,-0.722595859,-0.627363824,1.465896903,-0.014762902,-1.229367808,0.102504309,0.589320458,0.308128256,0.135025333,0.09120458,-0.039248801,-0.088090563,-0.137630842,-0.524585959,-0.057729284,-0.058980064,-0.3203422,0.089180092,0.058978533,0.098448491,1.98,0
105,1.00023399,-0.29522731,1.308259453,1.257753312,-0.967532357,0.46024474,-0.781849888,0.424415295,0.790908383,-0.054855242,1.109422535,0.69267622,-1.289229508,0.119761286,-0.151407245,-0.018139898,-0.077953498,0.068765322,-0.357320548,-0.183157746,0.032729701,0.179643813,0.028786242,0.203488767,0.23499215,-0.408458875,0.072615482,0.028892243,35.97,0
152,0.095490023,-2.557694205,-1.134054856,-0.43577047,0.728493415,4.090475997,-0.429328774,0.896879024,1.004244284,-0.673619599,-0.561046276,0.419629369,0.021971862,-0.274255244,-0.037429945,0.286635281,-0.336254419,-0.068411967,0.644496322,1.280124347,0.080097948,-1.038538168,-0.489644637,1.108439997,0.072603095,0.893182949,-0.146017062,0.113110456,614.87,0
13,-0.436905071,0.918966213,0.924590774,-0.727219054,0.915678718,-0.127867352,0.707641607,0.087962355,-0.665271354,-0.737979824,0.324097813,0.277192107,0.252624256,-0.29189646,-0.184520169,1.143173707,-0.928709263,0.680469593,0.025436462,-0.047021282,-0.194795824,-0.672637997,-0.156857514,-0.888386321,-0.342413219,-0.049026729,0.079692399,0.131023789,0.89,0
343,1.004760475,0.423991945,0.579929072,2.476753568,-0.124375473,-0.363935716,0.297698306,-0.104341837,-1.23123939,0.812425561,1.494111353,1.158898825,0.885675592,0.36481075,-0.376461022,0.692184194,-0.823169344,0.033325544,-0.82172495,0.058049522,0.128929307,0.19525388,-0.119653756,0.557572858,0.516517677,-0.004221007,-0.028054501,0.025728617,75.83,0
484,1.060623411,0.077500259,-0.049338106,0.546163026,0.00483098,-0.732323324,0.547011999,-0.275000086,-0.374238867,-0.176166658,0.210357696,0.977909448,1.163019415,0.304780439,0.898922363,-0.307363095,-0.032708182,-1.451617634,-0.287767944,0.127655243,-0.286497225,-0.98223856,0.080481578,0.097460479,0.217020501,0.154498542,-0.057597595,0.024726539,99.9,0
550,-1.274192759,1.722263452,0.42933738,0.105931559,-0.732006019,-1.107860887,-0.021278582,0.818795925,-0.447668788,-0.638641619,-0.587034043,-0.078227844,-0.37287137,0.255231746,0.902354221,0.640600177,0.370465637,-0.002596254,-0.127632129,-0.019674911,-0.21874913,-0.786584416,0.106722098,0.313636661,-0.083626003,0.083494242,0.109636679,0.018247212,16.83,0
346,-0.928193196,0.671758012,1.924615958,0.273754663,1.041108482,0.136930115,0.361483192,0.143336968,-0.682134253,-0.650820411,-0.789520226,0.429949661,1.441283484,-0.130724906,1.209469053,0.11751407,-0.576289738,-0.331699927,-0.162684482,0.163521074,-0.115034384,-0.424493888,-0.194916247,-0.783830053,0.310156308,-0.512783097,0.084721084,0.082172614,5.0,0
54,1.202398328,0.321711387,0.281210894,0.643688582,-0.148668596,-0.589738667,0.04841255,-0.09336125,-0.042934036,-0.343245662,0.235106051,0.569881915,0.676330389,-0.351249746,1.295130059,0.164859782,0.246413935,-0.804462522,-0.561740543,-0.070750567,-0.251113124,-0.680155165,0.148162527,0.047061501,0.157049746,0.121934641,-0.004607898,0.029418109,7.53,0
274,-0.586189994,0.490033022,0.564065152,-1.228363846,2.860178365,3.363731139,0.263669446,0.703249305,-0.648517819,-0.338281228,-0.088266483,-0.392281621,-0.095892063,0.134683919,1.140451177,0.416862645,-0.94298694,0.096660435,0.513916396,0.241503348,-0.295025553,-0.965886561,-0.207535476,0.989880285,0.25782071,0.114457612,-0.159428052,-0.158920772,1.98,0
551,-0.474660996,0.3160965,2.446239577,0.961006559,0.311651837,1.857653939,-0.067269263,0.48240701,0.274670259,-0.430779454,0.511684608,0.87015192,0.487530082,-0.582748933,1.298821274,-1.767894217,1.172930508,-1.940991911,-1.088592354,0.013651394,0.181599728,1.047608974,0.118818206,-0.607101533,-0.918465135,-0.344380502,0.141437889,-0.044958224,23.97,0
273,0.216726738,0.710626489,1.224875937,1.139405337,-0.376350606,-0.25398554,-0.034557028,-0.812548331,-0.260261137,-0.128467595,0.053679475,0.020850904,-0.626932857,0.605768304,1.568848391,-0.434883233,0.233917134,-0.534323372,-0.288381351,-0.214411701,0.77347578,-0.233609145,-0.045366371,0.368535478,0.675417972,-0.286280941,0.196729841,0.226031239,18.0,0
323,-0.704133362,0.341397056,1.740026865,-1.661594963,0.872313095,-0.007310804,0.923083313,-0.575938518,0.447696788,0.264464751,0.302329167,-0.589641284,-0.979095994,-0.414870005,0.227650953,0.863538644,-1.560955111,0.570081621,0.26259684,0.018388713,-0.206984115,-0.321045184,-0.334626466,-0.813176252,-0.265089437,0.68904316,-0.904112857,-0.579831489,0.77,0
259,-0.363607748,1.104008326,1.300678453,0.070314296,0.075179663,-1.010396387,0.683396194,-0.073377912,-0.40186579,-0.508232822,-0.199288745,-0.03807813,0.188826233,-0.441824902,0.887319497,0.377647533,0.005553148,-0.147300475,-0.090921163,0.123176389,-0.261158414,-0.685436106,-0.013662176,0.336312611,-0.157577368,0.071699427,0.245538854,0.099036534,0.99,0
543,-0.403086552,1.078431653,1.165327886,-0.187949505,0.499558708,0.016322819,0.573979654,0.19140172,-0.748148125,-0.407914317,1.541271333,0.98052939,0.811858512,-0.37157449,0.387964651,0.34736769,-0.125555559,-0.07616621,-0.041176598,0.150635329,-0.197658679,-0.462064711,-0.047855532,-0.339166392,-0.194769344,0.102003098,0.262818121,0.082944162,2.98,0
391,-0.829932199,0.430250426,1.303707673,1.040559371,0.822209791,0.844830135,0.589865275,0.045790744,-0.14864457,0.310522867,0.178932311,-0.314635572,-1.510059288,0.182331208,-0.157713527,-0.783954374,0.037390761,0.242676949,1.442092948,-0.058815781,-0.075178971,0.096038166,-0.139414587,-0.859739201,0.12123541,-0.204961889,-0.292247194,-0.058995507,27.7,0
458,1.217092392,-0.185347265,-0.34300089,0.087359307,1.584355828,3.849896526,-1.112153562,1.037267623,0.356591773,0.056661405,-0.222468704,0.044351756,0.19501844,0.074010527,1.587307649,1.008702851,-1.214905223,0.796282988,-0.344376814,0.024228166,0.070683009,0.083822415,-0.055255529,0.995397594,0.50206238,-0.332054748,0.065467667,0.03540578,13.0,0
477,-0.347239992,1.140217971,1.28906647,0.061069658,0.03251417,-0.960933237,0.756414763,-0.091272834,-0.43972701,-0.525814954,-0.16850987,0.064780893,0.397228285,-0.484435751,0.86395074,0.37236818,-0.009786677,-0.168769864,-0.092690891,0.144061442,-0.257643018,-0.667491773,-0.005055187,0.335569218,-0.148200806,0.071064031,0.24546032,0.099186439,9.51,0
184,1.199277668,0.365737836,0.428155251,0.617732707,-0.342609669,-0.845869259,0.041919491,-0.114616737,-0.360599588,-0.137369319,1.948868194,1.410297427,0.894622281,-0.235688937,0.292096329,0.578699331,-0.227218792,0.03313026,0.009131636,-0.025317734,-0.213354871,-0.615516879,0.132390788,0.517044673,0.185487336,0.061686036,-0.021503871,0.024434217,1.98,0
410,-0.355220827,1.155881754,1.311865013,0.061944508,0.114206664,-0.99021983,0.728194679,-0.105630282,-0.486183264,-0.525351236,-0.105192898,0.254165456,0.739546366,-0.552004757,0.826427402,0.35204444,-0.02614055,-0.215280013,-0.094709737,0.155327646,-0.255802994,-0.639619013,-0.022675556,0.351456338,-0.139463857,0.069852311,0.249579983,0.099987894,0.89,0
340,1.195494402,0.194929191,0.617510331,0.649717015,-0.474718197,-0.716084055,-0.027077627,-0.073384794,0.057251053,-0.10252248,0.254488017,0.427982699,-0.014536556,0.337294308,1.287486758,-0.073187023,-0.011484843,-1.067030225,-0.598449842,-0.15341684,-0.211728669,-0.590118899,0.210110524,0.388014211,0.092789049,0.104973011,-0.013644039,0.01823819,0.99,0
406,-1.645008604,-2.090799133,1.592566836,-1.38885259,1.732899192,-1.631058781,-0.922859376,0.01381445,1.760777056,-1.270164278,-1.401053239,0.35601814,0.191579696,-0.473274886,0.707895259,-0.179083043,-0.816905117,0.631246543,0.309446502,0.564245803,0.248155008,0.415496484,0.293293937,-0.463425038,-0.40517536,-0.92410328,0.00658569,0.018683011,46.68,0
403,1.131541305,-0.174361327,0.9926215,0.600032005,-1.021934205,-0.644778975,-0.428619437,-0.032070613,0.516317803,-0.118985161,-0.366030395,0.116521248,0.051908354,0.014390841,1.424916679,0.672573973,-0.563922581,0.031697566,-0.385113764,0.006618851,0.022068346,-0.031149484,0.022845481,0.414590995,0.129934943,0.387227991,-0.016423479,0.034254727,52.4,0
351,1.205443827,0.008466986,0.95378232,1.141093019,-0.491215003,0.297302604,-0.503912858,0.084948223,0.796497028,-0.231653214,-1.367844037,0.741580897,1.186677803,-0.609098787,0.128890508,0.2751691,-0.609740709,0.087582366,0.096348015,-0.035563255,-0.103663342,-0.046172632,-0.123765481,-0.430028603,0.55922154,-0.360379212,0.077359414,0.032499077,12.99,0
310,-0.72885714,-0.020542102,1.415026053,1.233902198,-0.240077156,0.48224046,1.315729577,-0.010902959,-0.360987151,-0.13149133,1.063574803,0.06873872,-1.63650437,0.330739968,-0.498455292,-0.937948109,0.296245912,-0.051809179,0.620119645,0.439814039,0.154089098,0.339030791,0.372441679,0.172196568,-0.23087164,-0.363259875,-0.067174447,-0.066831765,222.5,0
446,-1.146102836,1.350273691,0.907209139,-0.04068157,-0.242920133,-1.099858709,0.579042123,0.045618994,0.460784208,0.470424806,-0.441126779,-1.002299372,-1.659976773,-0.291488592,1.150417251,0.418426911,0.07717557,0.031448108,-0.158770183,0.331215629,-0.396946751,-0.895759266,0.09968586,0.275642594,-0.045217211,0.095849025,0.563119358,0.307944726,17.99,0
181,1.136752053,-0.103769567,0.904686444,0.488210755,-0.678523515,0.039860729,-0.581293921,0.270996198,0.256539561,0.068091693,1.445183659,0.506268152,-0.85021452,0.46422296,0.963247298,0.522011841,-0.463008422,0.029021823,-0.386661217,-0.16608712,-0.017526913,-0.093159166,0.119722965,-0.000588012,0.026252192,0.229223266,0.000201188,0.010944963,6.47,0
315,-0.404141786,0.50274359,1.05714829,0.741630351,0.537623772,-0.003376522,0.458033548,0.219620663,0.171713985,-0.420935346,-1.6057955,-1.159664714,-2.445947809,0.435638161,-0.107440223,-0.598541571,0.20356658,-0.331005207,-0.022480303,-0.232749741,-0.001554577,0.049339989,-0.076364454,-0.488020813,-0.394883985,-0.415454201,0.18278577,0.169169043,11.46,0
366,-1.185697846,-0.38650999,1.623072133,1.63640561,1.10250551,-0.683316717,-0.303337041,0.285652538,-0.056084605,-0.173921107,-0.989359563,-0.886212409,-2.200883523,0.512295927,0.51263431,-1.144652389,0.788359614,-0.383729571,0.800943442,0.1781412,0.068753472,-0.006951998,0.04088889,0.040937489,0.009224233,-0.201042282,0.106579894,0.140465169,9.99,0
271,1.196192808,0.245161003,0.631947468,0.642940902,-0.413132655,-0.699728161,0.01953274,-0.112500121,-0.047057144,-0.12271147,0.371980575,0.794397765,0.674412675,0.20015868,1.21188268,-0.105518258,-0.050858411,-1.151578693,-0.603069525,-0.109478011,-0.203867812,-0.533641292,0.201929024,0.406872401,0.11613734,0.102674899,-0.009121198,0.019700457,0.89,0
554,0.270554106,0.521380385,0.572349435,1.19170405,0.448293353,1.226614504,-0.158828984,-0.555250576,-0.260997249,0.03871233,0.111648971,0.600396735,-0.246067447,0.378191107,-0.245332499,-0.535907685,-0.003625426,0.083869191,1.22236,-0.086865385,0.664678218,-0.406255524,-0.354155747,-1.12643172,1.005675209,-0.069796559,0.20092506,0.200621687,35.95,0
247,-0.685769792,0.554019231,2.014829479,-0.561032758,0.683347066,0.002232257,0.804393713,-0.154562903,0.339899948,-0.964056302,-1.604017665,0.617382934,1.38353783,-1.027599556,-1.285563771,0.534263332,-1.320646457,0.04495524,-1.493769742,-0.051472195,0.113872721,0.642716157,-0.421980099,-0.411622374,0.359461179,-0.545005668,-0.040244115,-0.096933987,18.94,0
558,-0.439880215,0.630450501,1.942590731,-0.798746628,0.261324547,-0.617938632,1.224288085,-0.844640653,0.211259338,0.263396921,0.504980366,0.041331099,0.317095641,-0.64158957,1.219668195,-0.537746854,-0.245160887,-1.040388908,-0.226828062,0.129802568,-0.085055613,0.177107018,-0.142910325,0.46689651,-0.438533285,0.803908754,-0.907361843,-0.614642305,17.68,0
497,-0.417836252,0.981102921,1.135819759,-0.172592935,0.396674889,-0.00284158,0.519779575,0.248762703,-0.593496637,-0.382215399,1.364964745,0.429957939,-0.220196835,-0.165067375,0.50196387,0.396923213,-0.06685703,0.053123244,-0.035595728,0.098873639,-0.205579923,-0.547474244,-0.020485624,-0.36818677,-0.227052862,0.105281464,0.253800476,0.081276063,8.83,0
95,1.31617765,-0.105593976,-0.246480374,-1.185714675,-0.119566417,-0.613399043,0.007358513,-0.136794233,0.84782674,-0.784714586,0.875526045,1.28025633,0.568554208,0.443198996,0.941475179,-0.193448215,-0.789121824,0.782232083,1.082948099,-0.042238372,0.093118364,0.404571088,-0.282550626,-0.456798918,0.89536755,-0.561880178,0.044794342,0.003180613,7.21,0
123,-0.505728362,0.66630036,1.08099302,-0.447630349,1.039489596,0.18401665,0.882796991,-0.142339931,-0.608661014,0.038170129,0.307121508,0.719950942,1.422912781,-0.17576666,0.093792259,0.570996629,-1.312472695,0.610038293,0.737028122,0.435055445,-0.058791905,0.0220728,-0.22624129,-0.986434608,-0.065936734,0.259684904,0.150573487,-0.0425807,40.0,0
50,-0.57152075,1.071600449,1.28011025,0.542780003,0.574438987,-0.259359266,1.061148415,-0.410971968,-0.179130181,1.003500658,1.062382268,0.159422388,-0.289860314,0.005804746,0.460440953,-0.221035265,-0.775852455,0.657023315,0.807582919,0.354730635,0.00355852,0.561240486,-0.19928672,0.001387389,-0.179529952,-0.374115726,0.071641454,-0.175510469,9.79,0
446,1.063317136,-0.795950552,1.268758719,0.646969513,-1.420886231,0.438476165,-1.104652827,0.370816662,-0.492432437,0.848072167,1.015804719,0.331884964,-0.849556126,0.083997348,0.081860961,-1.301215728,0.009884154,1.505688522,-1.319173115,-0.520121074,-0.272118839,-0.356985567,0.093598869,0.157000597,0.082894975,-0.399380833,0.087401897,0.039421401,64.0,0
14,-5.401257663,-5.450147834,1.186304631,1.7362388,3.049105878,-1.763405574,-1.559737699,0.160841747,1.23308974,0.345172827,0.917229868,0.970116716,-0.266567765,-0.479129929,-0.526608503,0.472004112,-0.725480945,0.075081352,-0.406866573,-2.196848025,-0.503600329,0.984459786,2.458588576,0.042118897,-0.481630824,-0.621272014,0.39205329,0.949594246,46.8,0
73,0.925996613,-0.358098896,1.376721528,1.900768814,-1.057689863,0.301885174,-0.462266226,0.250424399,1.253958036,-0.43637143,-0.68128971,0.999980028,-0.653246385,-0.636389372,-1.702666617,-1.280355074,0.987638276,-1.478805682,-0.043612268,-0.124115455,-0.347567013,-0.676807452,0.100568222,0.595988713,0.322122079,-0.547495004,0.078786189,0.043819074,70.6,0
471,1.377497103,-0.662564629,-0.13014904,-0.562680169,-0.832895167,-0.910753853,-0.327043249,-0.201708727,-0.523052865,0.606910644,-1.054682151,-1.360771315,-1.342495781,0.06881174,-0.045773648,0.70045689,0.573050558,-1.365161364,0.947649981,0.042620403,0.133023466,0.287920729,-0.224324758,0.052895872,0.775264862,-0.042444942,-0.026106799,0.003801333,48.0,0
39,-1.330881575,0.267540227,-0.168469574,-0.701232148,3.281971526,3.216389615,-0.059394352,0.895430428,-0.017778824,-0.165753218,-0.765047306,-0.015636283,-0.35662599,-0.041200001,-0.7351031,0.030533314,-0.778067288,-0.015159683,-0.152824068,-0.113875191,-0.151042302,-0.311726353,-0.374792813,1.01488604,0.353991877,-0.510327072,0.159032671,0.228707928,13.84,0
143,-2.143457532,2.107826158,0.213151876,1.282216568,-0.732558394,0.023589151,-0.073255811,0.924142655,-0.356987542,0.141018335,-0.711177479,1.15744265,1.17737992,0.299913526,0.068809167,-1.031522353,0.918291916,-0.790618197,0.701377812,-0.112865919,0.044640964,0.345345863,0.013232697,0.117188284,0.0124059,-0.288530748,-0.473893869,-0.184488137,39.95,0
215,1.087791655,-0.143548188,1.374291017,1.28739919,-1.10064226,-0.017109546,-0.705609123,0.266580257,0.73536823,-0.011940569,0.959388031,0.825931515,-0.863981013,0.004954077,-0.452153906,0.251123165,-0.379484867,0.461532027,0.004879763,-0.172534083,-0.003904289,0.112284764,0.014104496,0.512267929,0.329601652,-0.436531407,0.063249858,0.029066572,12.99,0
103,1.245743808,0.438877833,0.316139712,1.107633862,-0.178446391,-0.941091407,0.286290791,-0.290078759,-0.169187685,-0.014419763,-0.226204311,0.721304543,1.003288871,0.188863752,0.809650212,0.003067444,-0.485198093,-0.27360897,-0.375639844,-0.079776011,0.038620756,0.20820688,-0.11147853,0.419906811,0.722345322,-0.331446191,0.020337028,0.022442918,4.19,0
513,1.255258037,0.075190219,0.225733321,0.881766282,0.154508082,0.631959783,-0.385968299,0.189492814,0.447979748,0.012620576,-1.584470112,-0.532828309,-0.246747952,0.180213787,1.624271422,0.575279005,-0.804792917,0.308130543,-0.467710922,-0.148843144,0.088456833,0.321205579,-0.235167006,-1.32503342,0.643129201,-0.133690224,0.05306861,0.012483689,7.0,0
318,1.491205021,-0.246291572,-0.386057979,-0.780637851,-0.340415627,-1.110700989,-0.004047789,-0.410925507,-1.203188925,0.672477712,-0.577987712,-0.481010189,0.768684988,-0.027831659,0.396406497,0.84465716,0.19466881,-1.509075816,0.82024513,0.109400859,0.161920145,0.441320557,-0.229694573,-0.056776349,0.879712322,-0.055351508,-0.025083973,-0.002583618,10.0,0
34,1.138315566,0.05695597,0.649418965,0.873062041,-0.468466331,-0.410194552,-0.013897554,-0.072439609,0.306787909,-0.269952637,-0.002601848,1.124304216,0.744206684,-0.188353421,-0.075661963,-0.709192272,0.381219103,-1.372080174,-0.273701149,-0.078354633,-0.164222415,-0.247400539,0.059405065,0.456286465,0.361004004,0.274414146,-0.002498362,0.017108847,21.34,0
93,-0.853806864,0.127391777,1.267277185,0.678584065,-1.029850621,-0.487613778,1.836070565,-0.298566311,-0.922127302,-0.64565555,-0.026260655,0.029031527,0.407479906,0.230361856,1.127553329,-0.256717551,0.008375432,-0.11739981,0.426384999,0.776141055,0.252358332,0.179724847,0.47674443,0.724705289,0.526797802,0.50270065,-0.159465352,0.002761222,322.44,0
410,-1.086133382,-0.704547684,2.329021447,-0.885715003,0.617676503,0.478894182,-0.267414204,0.354041934,0.55899942,-0.788077564,1.237452121,1.360272639,0.170853649,-0.697620981,-1.203923586,-0.465259959,0.055994497,-1.002349557,-0.56523185,0.188552303,0.021119016,0.213191885,0.186858112,-0.207543079,-0.701079924,0.737603266,-0.093268712,-0.085372364,39.77,0
110,-1.276830337,-0.903556664,1.477104935,-2.582626351,0.635981275,-0.866537099,1.138067003,-0.924605091,-0.221503704,0.096649255,0.982597806,0.737270798,0.521464723,-0.625923234,-0.564183199,-2.444884938,-0.533630526,1.577350112,0.100918483,-0.431082639,-0.482119219,-0.182517594,-0.614101128,0.037649533,0.793079737,-0.724708293,-0.616486479,-0.485984847,110.4,0
510,1.163271093,0.141760431,0.12457892,0.958550776,-0.15955434,-0.461529317,0.090758556,-0.023257128,-0.125187457,0.195402759,0.858205409,0.302116659,-0.899842427,0.747405239,0.343658736,0.387744518,-0.746905692,0.566307007,0.040263419,-0.113971049,0.066319957,0.089321535,-0.16992053,-0.012282457,0.660755767,-0.325615697,-0.002209717,0.010419006,35.93,0
499,1.255439288,0.307728904,0.292700171,0.699873128,-0.428875629,-1.088456119,0.043839902,-0.167738709,0.128854075,-0.264061677,-0.174507539,-0.10353665,-0.410712665,-0.160752586,1.163807699,0.508362126,0.031182516,-0.221104856,-0.194241238,-0.121156186,-0.294795249,-0.882126483,0.136845911,0.327949457,0.19445948,0.096515599,-0.027271106,0.029491255,1.98,0
352,-0.703183201,1.210704416,0.713730882,1.146380787,0.196790068,0.468059751,0.204977374,0.627388835,-0.296261347,-0.309000902,-1.645999365,-0.351982851,-0.683077622,0.429833357,0.320010811,-0.819032099,0.536239037,-0.27700935,1.038315088,0.015528735,-0.052939376,0.044338996,-0.184853448,-0.77643909,0.021547683,-0.166426753,0.29789193,0.128380902,13.99,0
297,1.171487938,0.111366524,0.358993728,0.210843613,-0.560816078,-1.408542432,0.35458449,-0.353311276,-0.118270105,-0.226567181,0.309148612,0.849664697,0.795538192,0.269098467,0.902375108,0.073092262,-0.193528125,-1.161157825,0.121038185,0.058719037,-0.454727402,-1.451831422,0.265728759,0.715639989,-0.033476548,0.285188411,-0.080931336,0.024925088,54.75,0
241,-1.142320931,0.626404913,2.526916953,2.827972706,0.619263138,0.897473007,0.536277598,-0.060163157,-0.813748587,1.426859133,1.200259668,0.094229291,-0.633967682,-0.321429687,-0.117594042,-0.722018602,0.241443966,-0.264653095,1.229591481,0.263685556,-0.309746479,-0.269173012,0.17739635,-0.019577913,0.048650638,0.068830507,-0.246502752,-0.230836924,10.62,0
383,-0.907908975,1.622223224,0.036381362,0.526253582,0.343559945,-0.814125699,1.286352976,-0.513283985,0.65009122,2.374533401,1.276955412,-0.156640261,-1.34623857,0.085839791,0.256081499,-0.596371655,-0.624688058,0.376031456,0.584009907,0.593289305,-0.118734907,0.640328805,0.022338611,0.297445258,-0.650607852,-0.530175348,-0.042295761,-0.490801709,17.99,0
259,1.095067418,-0.014392712,1.408552105,1.266545955,-0.944750549,0.029577856,-0.598514656,0.175290621,0.48523098,-0.059239308,1.2399886,1.703944421,0.789333518,-0.325086572,-0.633020578,0.174004833,-0.474895384,0.259108435,-0.004693564,-0.072112865,0.01310708,0.248009414,-0.002563725,0.570099686,0.387136518,-0.442319387,0.074530611,0.03221469,9.99,0
427,0.823787878,-0.90293787,0.107280278,0.384450769,-0.790004777,-0.431548625,0.114446844,-0.124467348,0.706185473,-0.384983592,-1.131253792,0.000949819,-0.488193049,-0.002213075,0.032372688,0.036773355,-0.054470416,-0.587653422,0.538507235,0.38066862,-0.203972475,-0.99555778,-0.17350876,-0.063200034,0.180528534,0.848548453,-0.115665774,0.041673607,246.96,0
455,1.179162173,0.2053271,0.704970594,0.697812464,-0.566141305,-0.830944299,-0.013823924,-0.093148378,0.026188575,-0.106550027,0.457637827,0.555107409,0.060747017,0.32774635,1.260356312,-0.138325278,0.057051161,-1.147650132,-0.677127622,-0.15095067,-0.196311623,-0.543614542,0.233358607,0.597346018,0.068705699,0.091725263,-0.012834438,0.020737611,1.98,0
503,0.074737595,-3.032008853,-0.42991919,-0.442721155,-1.784710458,-0.066668291,0.098735574,-0.222524968,-0.241857519,0.158663893,-1.539291674,-0.496466541,0.066494276,-0.094248714,0.595002324,-1.032900635,-0.077287663,1.31801278,-0.390927193,0.967868661,-0.078927209,-1.247241707,-0.620401753,-0.368544849,-0.073358613,1.296834824,-0.192759681,0.121440265,712.82,0
155,1.171953522,0.311213252,0.313605078,0.51923042,-0.058032111,-0.258768685,-0.043842811,0.039598889,-0.344226883,-0.179727145,1.979015769,1.406746264,0.871995167,-0.212157236,0.563275934,0.348119863,-0.021623118,-0.343891188,-0.271035656,-0.054283414,-0.200153106,-0.541916273,0.137491127,-0.001739462,0.139121263,0.104375917,-0.005414212,0.018728013,1.29,0
15,1.492935977,-1.029345732,0.454794734,-1.43802588,-1.555434101,-0.720961147,-1.08066413,-0.053127118,-1.978681595,1.638076037,1.077542412,-0.632046515,-0.416957167,0.052010515,-0.042978923,-0.166432496,0.304241419,0.554432499,0.054229515,-0.387910173,-0.177649846,-0.175073809,0.040002219,0.295813863,0.332930599,-0.220384851,0.022298436,0.007602256,5.0,0
252,-2.395433913,-1.545369136,1.9193912,1.062513568,-0.627806202,1.154561001,-0.861500739,1.08948639,-1.34126756,0.200625622,0.824199619,1.088348401,0.539608343,-0.071028266,-0.385580937,-2.407422441,1.103434148,1.035900104,-0.146973943,0.561230219,-0.120568529,-0.473852622,0.453082048,-0.323900293,0.105116691,-0.219200406,0.261788844,-0.122953638,231.71,0
283,0.948031797,0.318724757,0.730590898,2.583975169,-0.206464838,-0.2131797,0.220328528,-0.062070303,-0.868018102,0.581173638,0.101195399,0.470399635,0.67528087,0.209463495,0.704330417,0.309108159,-0.281680587,-0.924687992,-1.521306913,0.034971404,0.039314676,-0.069829592,0.004094198,0.39645882,0.295033036,-0.076225776,-0.004447648,0.041688095,94.5,0
406,-2.312226542,1.951992011,-1.609850732,3.997905588,-0.522187865,-1.426545319,-2.537387306,1.391657248,-2.770089277,-2.772272145,3.202033207,-2.899907388,-0.595221881,-4.289253782,0.38972412,-1.14074718,-2.830055675,-0.016822468,0.416955705,0.126910559,0.517232371,-0.035049369,-0.465211076,0.320198199,0.044519167,0.177839798,0.261145003,-0.143275875,0.0,1
484,-0.928087753,0.39819407,1.74113125,0.182672744,0.966386863,-0.901003797,0.879016073,-0.156589871,-0.142117461,-0.57477527,-0.478181307,-0.426852484,-1.493425843,0.187920732,-0.282355216,-0.648149999,-0.019449062,-0.782172208,-1.194998469,-0.118283445,0.066353416,0.281377527,-0.257966139,0.385383833,0.391117133,-0.453853317,-0.104448024,-0.125765409,1.0,1
406,-2.312226542,1.951992011,-1.609850732,3.997905588,-0.522187865,-1.426545319,-2.537387306,1.391657248,-2.770089277,-2.772272145,3.202033207,-2.899907388,-0.595221881,-4.289253782,0.38972412,-1.14074718,-2.830055675,-0.016822468,0.416955705,0.126910559,0.517232371,-0.035049369,-0.465211076,0.320198199,0.044519167,0.177839798,0.261145003,-0.143275875,0.0,1
484,-0.928087753,0.39819407,1.74113125,0.182672744,0.966386863,-0.901003797,0.879016073,-0.156589871,-0.142117461,-0.57477527,-0.478181307,-0.426852484,-1.493425843,0.187920732,-0.282355216,-0.648149999,-0.019449062,-0.782172208,-1.194998469,-0.118283445,0.066353416,0.281377527,-0.257966139,0.385383833,0.391117133,-0.453853317,-0.104448024,-0.125765409,1.0,1
406,-2.312226542,1.951992011,-1.609850732,3.997905588,-0.522187865,-1.426545319,-2.537387306,1.391657248,-2.770089277,-2.772272145,3.202033207,-2.899907388,-0.595221881,-4.289253782,0.38972412,-1.14074718,-2.830055675,-0.016822468,0.416955705,0.126910559,0.517232371,-0.035049369,-0.465211076,0.320198199,0.044519167,0.177839798,0.261145003,-0.143275875,0.0,1
406,-2.312226542,1.951992011,-1.609850732,3.997905588,-0.522187865,-1.426545319,-2.537387306,1.391657248,-2.770089277,-2.772272145,3.202033207,-2.899907388,-0.595221881,-4.289253782,0.38972412,-1.14074718,-2.830055675,-0.016822468,0.416955705,0.126910559,0.517232371,-0.035049369,-0.465211076,0.320198199,0.044519167,0.177839798,0.261145003,-0.143275875,0.0,1
406,-2.312226542,1.951992011,-1.609850732,3.997905588,-0.522187865,-1.426545319,-2.537387306,1.391657248,-2.770089277,-2.772272145,3.202033207,-2.899907388,-0.595221881,-4.289253782,0.38972412,-1.14074718,-2.830055675,-0.016822468,0.416955705,0.126910559,0.517232371,-0.035049369,-0.465211076,0.320198199,0.044519167,0.177839798,0.261145003,-0.143275875,0.0,1
406,-2.312226542,1.951992011,-1.609850732,3.997905588,-0.522187865,-1.426545319,-2.537387306,1.391657248,-2.770089277,-2.772272145,3.202033207,-2.899907388,-0.595221881,-4.289253782,0.38972412,-1.14074718,-2.830055675,-0.016822468,0.416955705,0.126910559,0.517232371,-0.035049369,-0.465211076,0.320198199,0.044519167,0.177839798,0.261145003,-0.143275875,0.0,1
484,-0.928087753,0.39819407,1.74113125,0.182672744,0.966386863,-0.901003797,0.879016073,-0.156589871,-0.142117461,-0.57477527,-0.478181307,-0.426852484,-1.493425843,0.187920732,-0.282355216,-0.648149999,-0.019449062,-0.782172208,-1.194998469,-0.118283445,0.066353416,0.281377527,-0.257966139,0.385383833,0.391117133,-0.453853317,-0.104448024,-0.125765409,1.0,1
484,-0.928087753,0.39819407,1.74113125,0.182672744,0.966386863,-0.901003797,0.879016073,-0.156589871,-0.142117461,-0.57477527,-0.478181307,-0.426852484,-1.493425843,0.187920732,-0.282355216,-0.648149999,-0.019449062,-0.782172208,-1.194998469,-0.118283445,0.066353416,0.281377527,-0.257966139,0.385383833,0.391117133,-0.453853317,-0.104448024,-0.125765409,1.0,1
406,-2.312226542,1.951992011,-1.609850732,3.997905588,-0.522187865,-1.426545319,-2.537387306,1.391657248,-2.770089277,-2.772272145,3.202033207,-2.899907388,-0.595221881,-4.289253782,0.38972412,-1.14074718,-2.830055675,-0.016822468,0.416955705,0.126910559,0.517232371,-0.035049369,-0.465211076,0.320198199,0.044519167,0.177839798,0.261145003,-0.143275875,0.0,1
406,-2.312226542,1.951992011,-1.609850732,3.997905588,-0.522187865,-1.426545319,-2.537387306,1.391657248,-2.770089277,-2.772272145,3.202033207,-2.899907388,-0.595221881,-4.289253782,0.38972412,-1.14074718,-2.830055675,-0.016822468,0.416955705,0.126910559,0.517232371,-0.035049369,-0.465211076,0.320198199,0.044519167,0.177839798,0.261145003,-0.143275875,0.0,1
484,-0.928087753,0.39819407,1.74113125,0.182672744,0.966386863,-0.901003797,0.879016073,-0.156589871,-0.142117461,-0.57477527,-0.478181307,-0.426852484,-1.493425843,0.187920732,-0.282355216,-0.648149999,-0.019449062,-0.782172208,-1.194998469,-0.118283445,0.066353416,0.281377527,-0.257966139,0.385383833,0.391117133,-0.453853317,-0.104448024,-0.125765409,1.0,1
406,-2.312226542,1.951992011,-1.609850732,3.997905588,-0.522187865,-1.426545319,-2.537387306,1.391657248,-2.770089277,-2.772272145,3.202033207,-2.899907388,-0.595221881,-4.289253782,0.38972412,-1.14074718,-2.830055675,-0.016822468,0.416955705,0.126910559,0.517232371,-0.035049369,-0.465211076,0.320198199,0.044519167,0.177839798,0.261145003,-0.143275875,0.0,1
406,-2.312226542,1.951992011,-1.609850732,3.997905588,-0.522187865,-1.426545319,-2.537387306,1.391657248,-2.770089277,-2.772272145,3.202033207,-2.899907388,-0.595221881,-4.289253782,0.38972412,-1.14074718,-2.830055675,-0.016822468,0.416955705,0.126910559,0.517232371,-0.035049369,-0.465211076,0.320198199,0.044519167,0.177839798,0.261145003,-0.143275875,0.0,1
406,-2.312226542,1.951992011,-1.609850732,3.997905588,-0.522187865,-1.426545319,-2.537387306,1.391657248,-2.770089277,-2.772272145,3.202033207,-2.899907388,-0.595221881,-4.289253782,0.38972412,-1.14074718,-2.830055675,-0.016822468,0.416955705,0.126910559,0.517232371,-0.035049369,-0.465211076,0.320198199,0.044519167,0.177839798,0.261145003,-0.143275875,0.0,1
406,-2.312226542,1.951992011,-1.609850732,3.997905588,-0.522187865,-1.426545319,-2.537387306,1.391657248,-2.770089277,-2.772272145,3.202033207,-2.899907388,-0.595221881,-4.289253782,0.38972412,-1.14074718,-2.830055675,-0.016822468,0.416955705,0.126910559,0.517232371,-0.035049369,-0.465211076,0.320198199,0.044519167,0.177839798,0.261145003,-0.143275875,0.0,1
406,-2.312226542,1.951992011,-1.609850732,3.997905588,-0.522187865,-1.426545319,-2.537387306,1.391657248,-2.770089277,-2.772272145,3.202033207,-2.899907388,-0.595221881,-4.289253782,0.38972412,-1.14074718,-2.830055675,-0.016822468,0.416955705,0.126910559,0.517232371,-0.035049369,-0.465211076,0.320198199,0.044519167,0.177839798,0.261145003,-0.143275875,0.0,1
484,-0.928087753,0.39819407,1.74113125,0.182672744,0.966386863,-0.901003797,0.879016073,-0.156589871,-0.142117461,-0.57477527,-0.478181307,-0.426852484,-1.493425843,0.187920732,-0.282355216,-0.648149999,-0.019449062,-0.782172208,-1.194998469,-0.118283445,0.066353416,0.281377527,-0.257966139,0.385383833,0.391117133,-0.453853317,-0.104448024,-0.125765409,1.0,1
406,-2.312226542,1.951992011,-1.609850732,3.997905588,-0.522187865,-1.426545319,-2.537387306,1.391657248,-2.770089277,-2.772272145,3.202033207,-2.899907388,-0.595221881,-4.289253782,0.38972412,-1.14074718,-2.830055675,-0.016822468,0.416955705,0.126910559,0.517232371,-0.035049369,-0.465211076,0.320198199,0.044519167,0.177839798,0.261145003,-0.143275875,0.0,1
406,-2.312226542,1.951992011,-1.609850732,3.997905588,-0.522187865,-1.426545319,-2.537387306,1.391657248,-2.770089277,-2.772272145,3.202033207,-2.899907388,-0.595221881,-4.289253782,0.38972412,-1.14074718,-2.830055675,-0.016822468,0.416955705,0.126910559,0.517232371,-0.035049369,-0.465211076,0.320198199,0.044519167,0.177839798,0.261145003,-0.143275875,0.0,1
484,-0.928087753,0.39819407,1.74113125,0.182672744,0.966386863,-0.901003797,0.879016073,-0.156589871,-0.142117461,-0.57477527,-0.478181307,-0.426852484,-1.493425843,0.187920732,-0.282355216,-0.648149999,-0.019449062,-0.782172208,-1.194998469,-0.118283445,0.066353416,0.281377527,-0.257966139,0.385383833,0.391117133,-0.453853317,-0.104448024,-0.125765409,1.0,1
484,-0.928087753,0.39819407,1.74113125,0.182672744,0.966386863,-0.901003797,0.879016073,-0.156589871,-0.142117461,-0.57477527,-0.478181307,-0.426852484,-1.493425843,0.187920732,-0.282355216,-0.648149999,-0.019449062,-0.782172208,-1.194998469,-0.118283445,0.066353416,0.281377527,-0.257966139,0.385383833,0.391117133,-0.453853317,-0.104448024,-0.125765409,1.0,1
406,-2.312226542,1.951992011,-1.609850732,3.997905588,-0.522187865,-1.426545319,-2.537387306,1.391657248,-2.770089277,-2.772272145,3.202033207,-2.899907388,-0.595221881,-4.289253782,0.38972412,-1.14074718,-2.830055675,-0.016822468,0.416955705,0.126910559,0.517232371,-0.035049369,-0.465211076,0.320198199,0.044519167,0.177839798,0.261145003,-0.143275875,0.0,1
406,-2.312226542,1.951992011,-1.609850732,3.997905588,-0.522187865,-1.426545319,-2.537387306,1.391657248,-2.770089277,-2.772272145,3.202033207,-2.899907388,-0.595221881,-4.289253782,0.38972412,-1.14074718,-2.830055675,-0.016822468,0.416955705,0.126910559,0.517232371,-0.035049369,-0.465211076,0.320198199,0.044519167,0.177839798,0.261145003,-0.143275875,0.0,1
484,-0.928087753,0.39819407,1.74113125,0.182672744,0.966386863,-0.901003797,0.879016073,-0.156589871,-0.142117461,-0.57477527,-0.478181307,-0.426852484,-1.493425843,0.187920732,-0.282355216,-0.648149999,-0.019449062,-0.782172208,-1.194998469,-0.118283445,0.066353416,0.281377527,-0.257966139,0.385383833,0.391117133,-0.453853317,-0.104448024,-0.125765409,1.0,1
406,-2.312226542,1.951992011,-1.609850732,3.997905588,-0.522187865,-1.426545319,-2.537387306,1.391657248,-2.770089277,-2.772272145,3.202033207,-2.899907388,-0.595221881,-4.289253782,0.38972412,-1.14074718,-2.830055675,-0.016822468,0.416955705,0.126910559,0.517232371,-0.035049369,-0.465211076,0.320198199,0.044519167,0.177839798,0.261145003,-0.143275875,0.0,1
484,-0.928087753,0.39819407,1.74113125,0.182672744,0.966386863,-0.901003797,0.879016073,-0.156589871,-0.142117461,-0.57477527,-0.478181307,-0.426852484,-1.493425843,0.187920732,-0.282355216,-0.648149999,-0.019449062,-0.782172208,-1.194998469,-0.118283445,0.066353416,0.281377527,-0.257966139,0.385383833,0.391117133,-0.453853317,-0.104448024,-0.125765409,1.0,1
406,-2.312226542,1.951992011,-1.609850732,3.997905588,-0.522187865,-1.426545319,-2.537387306,1.391657248,-2.770089277,-2.772272145,3.202033207,-2.899907388,-0.595221881,-4.289253782,0.38972412,-1.14074718,-2.830055675,-0.016822468,0.416955705,0.126910559,0.517232371,-0.035049369,-0.465211076,0.320198199,0.044519167,0.177839798,0.261145003,-0.143275875,0.0,1
484,-0.928087753,0.39819407,1.74113125,0.182672744,0.966386863,-0.901003797,0.879016073,-0.156589871,-0.142117461,-0.57477527,-0.478181307,-0.426852484,-1.493425843,0.187920732,-0.282355216,-0.648149999,-0.019449062,-0.782172208,-1.194998469,-0.118283445,0.066353416,0.281377527,-0.257966139,0.385383833,0.391117133,-0.453853317,-0.104448024,-0.125765409,1.0,1
406,-2.312226542,1.951992011,-1.609850732,3.997905588,-0.522187865,-1.426545319,-2.537387306,1.391657248,-2.770089277,-2.772272145,3.202033207,-2.899907388,-0.595221881,-4.289253782,0.38972412,-1.14074718,-2.830055675,-0.016822468,0.416955705,0.126910559,0.517232371,-0.035049369,-0.465211076,0.320198199,0.044519167,0.177839798,0.261145003,-0.143275875,0.0,1
484,-0.928087753,0.39819407,1.74113125,0.182672744,0.966386863,-0.901003797,0.879016073,-0.156589871,-0.142117461,-0.57477527,-0.478181307,-0.426852484,-1.493425843,0.187920732,-0.282355216,-0.648149999,-0.019449062,-0.782172208,-1.194998469,-0.118283445,0.066353416,0.281377527,-0.257966139,0.385383833,0.391117133,-0.453853317,-0.104448024,-0.125765409,1.0,1
406,-2.312226542,1.951992011,-1.609850732,3.997905588,-0.522187865,-1.426545319,-2.537387306,1.391657248,-2.770089277,-2.772272145,3.202033207,-2.899907388,-0.595221881,-4.289253782,0.38972412,-1.14074718,-2.830055675,-0.016822468,0.416955705,0.126910559,0.517232371,-0.035049369,-0.465211076,0.320198199,0.044519167,0.177839798,0.261145003,-0.143275875,0.0,1
484,-0.928087753,0.39819407,1.74113125,0.182672744,0.966386863,-0.901003797,0.879016073,-0.156589871,-0.142117461,-0.57477527,-0.478181307,-0.426852484,-1.493425843,0.187920732,-0.282355216,-0.648149999,-0.019449062,-0.782172208,-1.194998469,-0.118283445,0.066353416,0.281377527,-0.257966139,0.385383833,0.391117133,-0.453853317,-0.104448024,-0.125765409,1.0,1
484,-0.928087753,0.39819407,1.74113125,0.182672744,0.966386863,-0.901003797,0.879016073,-0.156589871,-0.142117461,-0.57477527,-0.478181307,-0.426852484,-1.493425843,0.187920732,-0.282355216,-0.648149999,-0.019449062,-0.782172208,-1.194998469,-0.118283445,0.066353416,0.281377527,-0.257966139,0.385383833,0.391117133,-0.453853317,-0.104448024,-0.125765409,1.0,1
406,-2.312226542,1.951992011,-1.609850732,3.997905588,-0.522187865,-1.426545319,-2.537387306,1.391657248,-2.770089277,-2.772272145,3.202033207,-2.899907388,-0.595221881,-4.289253782,0.38972412,-1.14074718,-2.830055675,-0.016822468,0.416955705,0.126910559,0.517232371,-0.035049369,-0.465211076,0.320198199,0.044519167,0.177839798,0.261145003,-0.143275875,0.0,1
406,-2.312226542,1.951992011,-1.609850732,3.997905588,-0.522187865,-1.426545319,-2.537387306,1.391657248,-2.770089277,-2.772272145,3.202033207,-2.899907388,-0.595221881,-4.289253782,0.38972412,-1.14074718,-2.830055675,-0.016822468,0.416955705,0.126910559,0.517232371,-0.035049369,-0.465211076,0.320198199,0.044519167,0.177839798,0.261145003,-0.143275875,0.0,1
406,-2.312226542,1.951992011,-1.609850732,3.997905588,-0.522187865,-1.426545319,-2.537387306,1.391657248,-2.770089277,-2.772272145,3.202033207,-2.899907388,-0.595221881,-4.289253782,0.38972412,-1.14074718,-2.830055675,-0.016822468,0.416955705,0.126910559,0.517232371,-0.035049369,-0.465211076,0.320198199,0.044519167,0.177839798,0.261145003,-0.143275875,0.0,1
406,-2.312226542,1.951992011,-1.609850732,3.997905588,-0.522187865,-1.426545319,-2.537387306,1.391657248,-2.770089277,-2.772272145,3.202033207,-2.899907388,-0.595221881,-4.289253782,0.38972412,-1.14074718,-2.830055675,-0.016822468,0.416955705,0.126910559,0.517232371,-0.035049369,-0.465211076,0.320198199,0.044519167,0.177839798,0.261145003,-0.143275875,0.0,1
406,-2.312226542,1.951992011,-1.609850732,3.997905588,-0.522187865,-1.426545319,-2.537387306,1.391657248,-2.770089277,-2.772272145,3.202033207,-2.899907388,-0.595221881,-4.289253782,0.38972412,-1.14074718,-2.830055675,-0.016822468,0.416955705,0.126910559,0.517232371,-0.035049369,-0.465211076,0.320198199,0.044519167,0.177839798,0.261145003,-0.143275875,0.0,1
484,-0.928087753,0.39819407,1.74113125,0.182672744,0.966386863,-0.901003797,0.879016073,-0.156589871,-0.142117461,-0.57477527,-0.478181307,-0.426852484,-1.493425843,0.187920732,-0.282355216,-0.648149999,-0.019449062,-0.782172208,-1.194998469,-0.118283445,0.066353416,0.281377527,-0.257966139,0.385383833,0.391117133,-0.453853317,-0.104448024,-0.125765409,1.0,1
484,-0.928087753,0.39819407,1.74113125,0.182672744,0.966386863,-0.901003797,0.879016073,-0.156589871,-0.142117461,-0.57477527,-0.478181307,-0.426852484,-1.493425843,0.187920732,-0.282355216,-0.648149999,-0.019449062,-0.782172208,-1.194998469,-0.118283445,0.066353416,0.281377527,-0.257966139,0.385383833,0.391117133,-0.453853317,-0.104448024,-0.125765409,1.0,1
484,-0.928087753,0.39819407,1.74113125,0.182672744,0.966386863,-0.901003797,0.879016073,-0.156589871,-0.142117461,-0.57477527,-0.478181307,-0.426852484,-1.493425843,0.187920732,-0.282355216,-0.648149999,-0.019449062,-0.782172208,-1.194998469,-0.118283445,0.066353416,0.281377527,-0.257966139,0.385383833,0.391117133,-0.453853317,-0.104448024,-0.125765409,1.0,1
406,-2.312226542,1.951992011,-1.609850732,3.997905588,-0.522187865,-1.426545319,-2.537387306,1.391657248,-2.770089277,-2.772272145,3.202033207,-2.899907388,-0.595221881,-4.289253782,0.38972412,-1.14074718,-2.830055675,-0.016822468,0.416955705,0.126910559,0.517232371,-0.035049369,-0.465211076,0.320198199,0.044519167,0.177839798,0.261145003,-0.143275875,0.0,1
484,-0.928087753,0.39819407,1.74113125,0.182672744,0.966386863,-0.901003797,0.879016073,-0.156589871,-0.142117461,-0.57477527,-0.478181307,-0.426852484,-1.493425843,0.187920732,-0.282355216,-0.648149999,-0.019449062,-0.782172208,-1.194998469,-0.118283445,0.066353416,0.281377527,-0.257966139,0.385383833,0.391117133,-0.453853317,-0.104448024,-0.125765409,1.0,1
484,-0.928087753,0.39819407,1.74113125,0.182672744,0.966386863,-0.901003797,0.879016073,-0.156589871,-0.142117461,-0.57477527,-0.478181307,-0.426852484,-1.493425843,0.187920732,-0.282355216,-0.648149999,-0.019449062,-0.782172208,-1.194998469,-0.118283445,0.066353416,0.281377527,-0.257966139,0.385383833,0.391117133,-0.453853317,-0.104448024,-0.125765409,1.0,1
484,-0.928087753,0.39819407,1.74113125,0.182672744,0.966386863,-0.901003797,0.879016073,-0.156589871,-0.142117461,-0.57477527,-0.478181307,-0.426852484,-1.493425843,0.187920732,-0.282355216,-0.648149999,-0.019449062,-0.782172208,-1.194998469,-0.118283445,0.066353416,0.281377527,-0.257966139,0.385383833,0.391117133,-0.453853317,-0.104448024,-0.125765409,1.0,1
406,-2.312226542,1.951992011,-1.609850732,3.997905588,-0.522187865,-1.426545319,-2.537387306,1.391657248,-2.770089277,-2.772272145,3.202033207,-2.899907388,-0.595221881,-4.289253782,0.38972412,-1.14074718,-2.830055675,-0.016822468,0.416955705,0.126910559,0.517232371,-0.035049369,-0.465211076,0.320198199,0.044519167,0.177839798,0.261145003,-0.143275875,0.0,1
484,-0.928087753,0.39819407,1.74113125,0.182672744,0.966386863,-0.901003797,0.879016073,-0.156589871,-0.142117461,-0.57477527,-0.478181307,-0.426852484,-1.493425843,0.187920732,-0.282355216,-0.648149999,-0.019449062,-0.782172208,-1.194998469,-0.118283445,0.066353416,0.281377527,-0.257966139,0.385383833,0.391117133,-0.453853317,-0.104448024,-0.125765409,1.0,1
406,-2.312226542,1.951992011,-1.609850732,3.997905588,-0.522187865,-1.426545319,-2.537387306,1.391657248,-2.770089277,-2.772272145,3.202033207,-2.899907388,-0.595221881,-4.289253782,0.38972412,-1.14074718,-2.830055675,-0.016822468,0.416955705,0.126910559,0.517232371,-0.035049369,-0.465211076,0.320198199,0.044519167,0.177839798,0.261145003,-0.143275875,0.0,1
484,-0.928087753,0.39819407,1.74113125,0.182672744,0.966386863,-0.901003797,0.879016073,-0.156589871,-0.142117461,-0.57477527,-0.478181307,-0.426852484,-1.493425843,0.187920732,-0.282355216,-0.648149999,-0.019449062,-0.782172208,-1.194998469,-0.118283445,0.066353416,0.281377527,-0.257966139,0.385383833,0.391117133,-0.453853317,-0.104448024,-0.125765409,1.0,1
484,-0.928087753,0.39819407,1.74113125,0.182672744,0.966386863,-0.901003797,0.879016073,-0.156589871,-0.142117461,-0.57477527,-0.478181307,-0.426852484,-1.493425843,0.187920732,-0.282355216,-0.648149999,-0.019449062,-0.782172208,-1.194998469,-0.118283445,0.066353416,0.281377527,-0.257966139,0.385383833,0.391117133,-0.453853317,-0.104448024,-0.125765409,1.0,1
484,-0.928087753,0.39819407,1.74113125,0.182672744,0.966386863,-0.901003797,0.879016073,-0.156589871,-0.142117461,-0.57477527,-0.478181307,-0.426852484,-1.493425843,0.187920732,-0.282355216,-0.648149999,-0.019449062,-0.782172208,-1.194998469,-0.118283445,0.066353416,0.281377527,-0.257966139,0.385383833,0.391117133,-0.453853317,-0.104448024,-0.125765409,1.0,1
406,-2.312226542,1.951992011,-1.609850732,3.997905588,-0.522187865,-1.426545319,-2.537387306,1.391657248,-2.770089277,-2.772272145,3.202033207,-2.899907388,-0.595221881,-4.289253782,0.38972412,-1.14074718,-2.830055675,-0.016822468,0.416955705,0.126910559,0.517232371,-0.035049369,-0.465211076,0.320198199,0.044519167,0.177839798,0.261145003,-0.143275875,0.0,1
406,-2.312226542,1.951992011,-1.609850732,3.997905588,-0.522187865,-1.426545319,-2.537387306,1.391657248,-2.770089277,-2.772272145,3.202033207,-2.899907388,-0.595221881,-4.289253782,0.38972412,-1.14074718,-2.830055675,-0.016822468,0.416955705,0.126910559,0.517232371,-0.035049369,-0.465211076,0.320198199,0.044519167,0.177839798,0.261145003,-0.143275875,0.0,1
406,-2.312226542,1.951992011,-1.609850732,3.997905588,-0.522187865,-1.426545319,-2.537387306,1.391657248,-2.770089277,-2.772272145,3.202033207,-2.899907388,-0.595221881,-4.289253782,0.38972412,-1.14074718,-2.830055675,-0.016822468,0.416955705,0.126910559,0.517232371,-0.035049369,-0.465211076,0.320198199,0.044519167,0.177839798,0.261145003,-0.143275875,0.0,1
484,-0.928087753,0.39819407,1.74113125,0.182672744,0.966386863,-0.901003797,0.879016073,-0.156589871,-0.142117461,-0.57477527,-0.478181307,-0.426852484,-1.493425843,0.187920732,-0.282355216,-0.648149999,-0.019449062,-0.782172208,-1.194998469,-0.118283445,0.066353416,0.281377527,-0.257966139,0.385383833,0.391117133,-0.453853317,-0.104448024,-0.125765409,1.0,1
406,-2.312226542,1.951992011,-1.609850732,3.997905588,-0.522187865,-1.426545319,-2.537387306,1.391657248,-2.770089277,-2.772272145,3.202033207,-2.899907388,-0.595221881,-4.289253782,0.38972412,-1.14074718,-2.830055675,-0.016822468,0.416955705,0.126910559,0.517232371,-0.035049369,-0.465211076,0.320198199,0.044519167,0.177839798,0.261145003,-0.143275875,0.0,1
484,-0.928087753,0.39819407,1.74113125,0.182672744,0.966386863,-0.901003797,0.879016073,-0.156589871,-0.142117461,-0.57477527,-0.478181307,-0.426852484,-1.493425843,0.187920732,-0.282355216,-0.648149999,-0.019449062,-0.782172208,-1.194998469,-0.118283445,0.066353416,0.281377527,-0.257966139,0.385383833,0.391117133,-0.453853317,-0.104448024,-0.125765409,1.0,1
484,-0.928087753,0.39819407,1.74113125,0.182672744,0.966386863,-0.901003797,0.879016073,-0.156589871,-0.142117461,-0.57477527,-0.478181307,-0.426852484,-1.493425843,0.187920732,-0.282355216,-0.648149999,-0.019449062,-0.782172208,-1.194998469,-0.118283445,0.066353416,0.281377527,-0.257966139,0.385383833,0.391117133,-0.453853317,-0.104448024,-0.125765409,1.0,1
406,-2.312226542,1.951992011,-1.609850732,3.997905588,-0.522187865,-1.426545319,-2.537387306,1.391657248,-2.770089277,-2.772272145,3.202033207,-2.899907388,-0.595221881,-4.289253782,0.38972412,-1.14074718,-2.830055675,-0.016822468,0.416955705,0.126910559,0.517232371,-0.035049369,-0.465211076,0.320198199,0.044519167,0.177839798,0.261145003,-0.143275875,0.0,1
406,-2.312226542,1.951992011,-1.609850732,3.997905588,-0.522187865,-1.426545319,-2.537387306,1.391657248,-2.770089277,-2.772272145,3.202033207,-2.899907388,-0.595221881,-4.289253782,0.38972412,-1.14074718,-2.830055675,-0.016822468,0.416955705,0.126910559,0.517232371,-0.035049369,-0.465211076,0.320198199,0.044519167,0.177839798,0.261145003,-0.143275875,0.0,1
406,-2.312226542,1.951992011,-1.609850732,3.997905588,-0.522187865,-1.426545319,-2.537387306,1.391657248,-2.770089277,-2.772272145,3.202033207,-2.899907388,-0.595221881,-4.289253782,0.38972412,-1.14074718,-2.830055675,-0.016822468,0.416955705,0.126910559,0.517232371,-0.035049369,-0.465211076,0.320198199,0.044519167,0.177839798,0.261145003,-0.143275875,0.0,1
484,-0.928087753,0.39819407,1.74113125,0.182672744,0.966386863,-0.901003797,0.879016073,-0.156589871,-0.142117461,-0.57477527,-0.478181307,-0.426852484,-1.493425843,0.187920732,-0.282355216,-0.648149999,-0.019449062,-0.782172208,-1.194998469,-0.118283445,0.066353416,0.281377527,-0.257966139,0.385383833,0.391117133,-0.453853317,-0.104448024,-0.125765409,1.0,1
406,-2.312226542,1.951992011,-1.609850732,3.997905588,-0.522187865,-1.426545319,-2.537387306,1.391657248,-2.770089277,-2.772272145,3.202033207,-2.899907388,-0.595221881,-4.289253782,0.38972412,-1.14074718,-2.830055675,-0.016822468,0.416955705,0.126910559,0.517232371,-0.035049369,-0.465211076,0.320198199,0.044519167,0.177839798,0.261145003,-0.143275875,0.0,1
484,-0.928087753,0.39819407,1.74113125,0.182672744,0.966386863,-0.901003797,0.879016073,-0.156589871,-0.142117461,-0.57477527,-0.478181307,-0.426852484,-1.493425843,0.187920732,-0.282355216,-0.648149999,-0.019449062,-0.782172208,-1.194998469,-0.118283445,0.066353416,0.281377527,-0.257966139,0.385383833,0.391117133,-0.453853317,-0.104448024,-0.125765409,1.0,1
484,-0.928087753,0.39819407,1.74113125,0.182672744,0.966386863,-0.901003797,0.879016073,-0.156589871,-0.142117461,-0.57477527,-0.478181307,-0.426852484,-1.493425843,0.187920732,-0.282355216,-0.648149999,-0.019449062,-0.782172208,-1.194998469,-0.118283445,0.066353416,0.281377527,-0.257966139,0.385383833,0.391117133,-0.453853317,-0.104448024,-0.125765409,1.0,1
484,-0.928087753,0.39819407,1.74113125,0.182672744,0.966386863,-0.901003797,0.879016073,-0.156589871,-0.142117461,-0.57477527,-0.478181307,-0.426852484,-1.493425843,0.187920732,-0.282355216,-0.648149999,-0.019449062,-0.782172208,-1.194998469,-0.118283445,0.066353416,0.281377527,-0.257966139,0.385383833,0.391117133,-0.453853317,-0.104448024,-0.125765409,1.0,1
406,-2.312226542,1.951992011,-1.609850732,3.997905588,-0.522187865,-1.426545319,-2.537387306,1.391657248,-2.770089277,-2.772272145,3.202033207,-2.899907388,-0.595221881,-4.289253782,0.38972412,-1.14074718,-2.830055675,-0.016822468,0.416955705,0.126910559,0.517232371,-0.035049369,-0.465211076,0.320198199,0.044519167,0.177839798,0.261145003,-0.143275875,0.0,1
484,-0.928087753,0.39819407,1.74113125,0.182672744,0.966386863,-0.901003797,0.879016073,-0.156589871,-0.142117461,-0.57477527,-0.478181307,-0.426852484,-1.493425843,0.187920732,-0.282355216,-0.648149999,-0.019449062,-0.782172208,-1.194998469,-0.118283445,0.066353416,0.281377527,-0.257966139,0.385383833,0.391117133,-0.453853317,-0.104448024,-0.125765409,1.0,1
484,-0.928087753,0.39819407,1.74113125,0.182672744,0.966386863,-0.901003797,0.879016073,-0.156589871,-0.142117461,-0.57477527,-0.478181307,-0.426852484,-1.493425843,0.187920732,-0.282355216,-0.648149999,-0.019449062,-0.782172208,-1.194998469,-0.118283445,0.066353416,0.281377527,-0.257966139,0.385383833,0.391117133,-0.453853317,-0.104448024,-0.125765409,1.0,1
484,-0.928087753,0.39819407,1.74113125,0.182672744,0.966386863,-0.901003797,0.879016073,-0.156589871,-0.142117461,-0.57477527,-0.478181307,-0.426852484,-1.493425843,0.187920732,-0.282355216,-0.648149999,-0.019449062,-0.782172208,-1.194998469,-0.118283445,0.066353416,0.281377527,-0.257966139,0.385383833,0.391117133,-0.453853317,-0.104448024,-0.125765409,1.0,1
406,-2.312226542,1.951992011,-1.609850732,3.997905588,-0.522187865,-1.426545319,-2.537387306,1.391657248,-2.770089277,-2.772272145,3.202033207,-2.899907388,-0.595221881,-4.289253782,0.38972412,-1.14074718,-2.830055675,-0.016822468,0.416955705,0.126910559,0.517232371,-0.035049369,-0.465211076,0.320198199,0.044519167,0.177839798,0.261145003,-0.143275875,0.0,1
484,-0.928087753,0.39819407,1.74113125,0.182672744,0.966386863,-0.901003797,0.879016073,-0.156589871,-0.142117461,-0.57477527,-0.478181307,-0.426852484,-1.493425843,0.187920732,-0.282355216,-0.648149999,-0.019449062,-0.782172208,-1.194998469,-0.118283445,0.066353416,0.281377527,-0.257966139,0.385383833,0.391117133,-0.453853317,-0.104448024,-0.125765409,1.0,1
406,-2.312226542,1.951992011,-1.609850732,3.997905588,-0.522187865,-1.426545319,-2.537387306,1.391657248,-2.770089277,-2.772272145,3.202033207,-2.899907388,-0.595221881,-4.289253782,0.38972412,-1.14074718,-2.830055675,-0.016822468,0.416955705,0.126910559,0.517232371,-0.035049369,-0.465211076,0.320198199,0.044519167,0.177839798,0.261145003,-0.143275875,0.0,1
484,-0.928087753,0.39819407,1.74113125,0.182672744,0.966386863,-0.901003797,0.879016073,-0.156589871,-0.142117461,-0.57477527,-0.478181307,-0.426852484,-1.493425843,0.187920732,-0.282355216,-0.648149999,-0.019449062,-0.782172208,-1.194998469,-0.118283445,0.066353416,0.281377527,-0.257966139,0.385383833,0.391117133,-0.453853317,-0.104448024,-0.125765409,1.0,1
406,-2.312226542,1.951992011,-1.609850732,3.997905588,-0.522187865,-1.426545319,-2.537387306,1.391657248,-2.770089277,-2.772272145,3.202033207,-2.899907388,-0.595221881,-4.289253782,0.38972412,-1.14074718,-2.830055675,-0.016822468,0.416955705,0.126910559,0.517232371,-0.035049369,-0.465211076,0.320198199,0.044519167,0.177839798,0.261145003,-0.143275875,0.0,1
406,-2.312226542,1.951992011,-1.609850732,3.997905588,-0.522187865,-1.426545319,-2.537387306,1.391657248,-2.770089277,-2.772272145,3.202033207,-2.899907388,-0.595221881,-4.289253782,0.38972412,-1.14074718,-2.830055675,-0.016822468,0.416955705,0.126910559,0.517232371,-0.035049369,-0.465211076,0.320198199,0.044519167,0.177839798,0.261145003,-0.143275875,0.0,1
484,-0.928087753,0.39819407,1.74113125,0.182672744,0.966386863,-0.901003797,0.879016073,-0.156589871,-0.142117461,-0.57477527,-0.478181307,-0.426852484,-1.493425843,0.187920732,-0.282355216,-0.648149999,-0.019449062,-0.782172208,-1.194998469,-0.118283445,0.066353416,0.281377527,-0.257966139,0.385383833,0.391117133,-0.453853317,-0.104448024,-0.125765409,1.0,1
406,-2.312226542,1.951992011,-1.609850732,3.997905588,-0.522187865,-1.426545319,-2.537387306,1.391657248,-2.770089277,-2.772272145,3.202033207,-2.899907388,-0.595221881,-4.289253782,0.38972412,-1.14074718,-2.830055675,-0.016822468,0.416955705,0.126910559,0.517232371,-0.035049369,-0.465211076,0.320198199,0.044519167,0.177839798,0.261145003,-0.143275875,0.0,1
484,-0.928087753,0.39819407,1.74113125,0.182672744,0.966386863,-0.901003797,0.879016073,-0.156589871,-0.142117461,-0.57477527,-0.478181307,-0.426852484,-1.493425843,0.187920732,-0.282355216,-0.648149999,-0.019449062,-0.782172208,-1.194998469,-0.118283445,0.066353416,0.281377527,-0.257966139,0.385383833,0.391117133,-0.453853317,-0.104448024,-0.125765409,1.0,1
484,-0.928087753,0.39819407,1.74113125,0.182672744,0.966386863,-0.901003797,0.879016073,-0.156589871,-0.142117461,-0.57477527,-0.478181307,-0.426852484,-1.493425843,0.187920732,-0.282355216,-0.648149999,-0.019449062,-0.782172208,-1.194998469,-0.118283445,0.066353416,0.281377527,-0.257966139,0.385383833,0.391117133,-0.453853317,-0.104448024,-0.125765409,1.0,1
406,-2.312226542,1.951992011,-1.609850732,3.997905588,-0.522187865,-1.426545319,-2.537387306,1.391657248,-2.770089277,-2.772272145,3.202033207,-2.899907388,-0.595221881,-4.289253782,0.38972412,-1.14074718,-2.830055675,-0.016822468,0.416955705,0.126910559,0.517232371,-0.035049369,-0.465211076,0.320198199,0.044519167,0.177839798,0.261145003,-0.143275875,0.0,1
406,-2.312226542,1.951992011,-1.609850732,3.997905588,-0.522187865,-1.426545319,-2.537387306,1.391657248,-2.770089277,-2.772272145,3.202033207,-2.899907388,-0.595221881,-4.289253782,0.38972412,-1.14074718,-2.830055675,-0.016822468,0.416955705,0.126910559,0.517232371,-0.035049369,-0.465211076,0.320198199,0.044519167,0.177839798,0.261145003,-0.143275875,0.0,1
406,-2.312226542,1.951992011,-1.609850732,3.997905588,-0.522187865,-1.426545319,-2.537387306,1.391657248,-2.770089277,-2.772272145,3.202033207,-2.899907388,-0.595221881,-4.289253782,0.38972412,-1.14074718,-2.830055675,-0.016822468,0.416955705,0.126910559,0.517232371,-0.035049369,-0.465211076,0.320198199,0.044519167,0.177839798,0.261145003,-0.143275875,0.0,1
484,-0.928087753,0.39819407,1.74113125,0.182672744,0.966386863,-0.901003797,0.879016073,-0.156589871,-0.142117461,-0.57477527,-0.478181307,-0.426852484,-1.493425843,0.187920732,-0.282355216,-0.648149999,-0.019449062,-0.782172208,-1.194998469,-0.118283445,0.066353416,0.281377527,-0.257966139,0.385383833,0.391117133,-0.453853317,-0.104448024,-0.125765409,1.0,1
484,-0.928087753,0.39819407,1.74113125,0.182672744,0.966386863,-0.901003797,0.879016073,-0.156589871,-0.142117461,-0.57477527,-0.478181307,-0.426852484,-1.493425843,0.187920732,-0.282355216,-0.648149999,-0.019449062,-0.782172208,-1.194998469,-0.118283445,0.066353416,0.281377527,-0.257966139,0.385383833,0.391117133,-0.453853317,-0.104448024,-0.125765409,1.0,1
406,-2.312226542,1.951992011,-1.609850732,3.997905588,-0.522187865,-1.426545319,-2.537387306,1.391657248,-2.770089277,-2.772272145,3.202033207,-2.899907388,-0.595221881,-4.289253782,0.38972412,-1.14074718,-2.830055675,-0.016822468,0.416955705,0.126910559,0.517232371,-0.035049369,-0.465211076,0.320198199,0.044519167,0.177839798,0.261145003,-0.143275875,0.0,1
406,-2.312226542,1.951992011,-1.609850732,3.997905588,-0.522187865,-1.426545319,-2.537387306,1.391657248,-2.770089277,-2.772272145,3.202033207,-2.899907388,-0.595221881,-4.289253782,0.38972412,-1.14074718,-2.830055675,-0.016822468,0.416955705,0.126910559,0.517232371,-0.035049369,-0.465211076,0.320198199,0.044519167,0.177839798,0.261145003,-0.143275875,0.0,1
406,-2.312226542,1.951992011,-1.609850732,3.997905588,-0.522187865,-1.426545319,-2.537387306,1.391657248,-2.770089277,-2.772272145,3.202033207,-2.899907388,-0.595221881,-4.289253782,0.38972412,-1.14074718,-2.830055675,-0.016822468,0.416955705,0.126910559,0.517232371,-0.035049369,-0.465211076,0.320198199,0.044519167,0.177839798,0.261145003,-0.143275875,0.0,1
406,-2.312226542,1.951992011,-1.609850732,3.997905588,-0.522187865,-1.426545319,-2.537387306,1.391657248,-2.770089277,-2.772272145,3.202033207,-2.899907388,-0.595221881,-4.289253782,0.38972412,-1.14074718,-2.830055675,-0.016822468,0.416955705,0.126910559,0.517232371,-0.035049369,-0.465211076,0.320198199,0.044519167,0.177839798,0.261145003,-0.143275875,0.0,1
406,-2.312226542,1.951992011,-1.609850732,3.997905588,-0.522187865,-1.426545319,-2.537387306,1.391657248,-2.770089277,-2.772272145,3.202033207,-2.899907388,-0.595221881,-4.289253782,0.38972412,-1.14074718,-2.830055675,-0.016822468,0.416955705,0.126910559,0.517232371,-0.035049369,-0.465211076,0.320198199,0.044519167,0.177839798,0.261145003,-0.143275875,0.0,1
406,-2.312226542,1.951992011,-1.609850732,3.997905588,-0.522187865,-1.426545319,-2.537387306,1.391657248,-2.770089277,-2.772272145,3.202033207,-2.899907388,-0.595221881,-4.289253782,0.38972412,-1.14074718,-2.830055675,-0.016822468,0.416955705,0.126910559,0.517232371,-0.035049369,-0.465211076,0.320198199,0.044519167,0.177839798,0.261145003,-0.143275875,0.0,1
484,-0.928087753,0.39819407,1.74113125,0.182672744,0.966386863,-0.901003797,0.879016073,-0.156589871,-0.142117461,-0.57477527,-0.478181307,-0.426852484,-1.493425843,0.187920732,-0.282355216,-0.648149999,-0.019449062,-0.782172208,-1.194998469,-0.118283445,0.066353416,0.281377527,-0.257966139,0.385383833,0.391117133,-0.453853317,-0.104448024,-0.125765409,1.0,1
406,-2.312226542,1.951992011,-1.609850732,3.997905588,-0.522187865,-1.426545319,-2.537387306,1.391657248,-2.770089277,-2.772272145,3.202033207,-2.899907388,-0.595221881,-4.289253782,0.38972412,-1.14074718,-2.830055675,-0.016822468,0.416955705,0.126910559,0.517232371,-0.035049369,-0.465211076,0.320198199,0.044519167,0.177839798,0.261145003,-0.143275875,0.0,1
484,-0.928087753,0.39819407,1.74113125,0.182672744,0.966386863,-0.901003797,0.879016073,-0.156589871,-0.142117461,-0.57477527,-0.478181307,-0.426852484,-1.493425843,0.187920732,-0.282355216,-0.648149999,-0.019449062,-0.782172208,-1.194998469,-0.118283445,0.066353416,0.281377527,-0.257966139,0.385383833,0.391117133,-0.453853317,-0.104448024,-0.125765409,1.0,1
484,-0.928087753,0.39819407,1.74113125,0.182672744,0.966386863,-0.901003797,0.879016073,-0.156589871,-0.142117461,-0.57477527,-0.478181307,-0.426852484,-1.493425843,0.187920732,-0.282355216,-0.648149999,-0.019449062,-0.782172208,-1.194998469,-0.118283445,0.066353416,0.281377527,-0.257966139,0.385383833,0.391117133,-0.453853317,-0.104448024,-0.125765409,1.0,1
484,-0.928087753,0.39819407,1.74113125,0.182672744,0.966386863,-0.901003797,0.879016073,-0.156589871,-0.142117461,-0.57477527,-0.478181307,-0.426852484,-1.493425843,0.187920732,-0.282355216,-0.648149999,-0.019449062,-0.782172208,-1.194998469,-0.118283445,0.066353416,0.281377527,-0.257966139,0.385383833,0.391117133,-0.453853317,-0.104448024,-0.125765409,1.0,1
484,-0.928087753,0.39819407,1.74113125,0.182672744,0.966386863,-0.901003797,0.879016073,-0.156589871,-0.142117461,-0.57477527,-0.478181307,-0.426852484,-1.493425843,0.187920732,-0.282355216,-0.648149999,-0.019449062,-0.782172208,-1.194998469,-0.118283445,0.066353416,0.281377527,-0.257966139,0.385383833,0.391117133,-0.453853317,-0.104448024,-0.125765409,1.0,1
406,-2.312226542,1.951992011,-1.609850732,3.997905588,-0.522187865,-1.426545319,-2.537387306,1.391657248,-2.770089277,-2.772272145,3.202033207,-2.899907388,-0.595221881,-4.289253782,0.38972412,-1.14074718,-2.830055675,-0.016822468,0.416955705,0.126910559,0.517232371,-0.035049369,-0.465211076,0.320198199,0.044519167,0.177839798,0.261145003,-0.143275875,0.0,1
484,-0.928087753,0.39819407,1.74113125,0.182672744,0.966386863,-0.901003797,0.879016073,-0.156589871,-0.142117461,-0.57477527,-0.478181307,-0.426852484,-1.493425843,0.187920732,-0.282355216,-0.648149999,-0.019449062,-0.782172208,-1.194998469,-0.118283445,0.066353416,0.281377527,-0.257966139,0.385383833,0.391117133,-0.453853317,-0.104448024,-0.125765409,1.0,1
484,-0.928087753,0.39819407,1.74113125,0.182672744,0.966386863,-0.901003797,0.879016073,-0.156589871,-0.142117461,-0.57477527,-0.478181307,-0.426852484,-1.493425843,0.187920732,-0.282355216,-0.648149999,-0.019449062,-0.782172208,-1.194998469,-0.118283445,0.066353416,0.281377527,-0.257966139,0.385383833,0.391117133,-0.453853317,-0.104448024,-0.125765409,1.0,1
484,-0.928087753,0.39819407,1.74113125,0.182672744,0.966386863,-0.901003797,0.879016073,-0.156589871,-0.142117461,-0.57477527,-0.478181307,-0.426852484,-1.493425843,0.187920732,-0.282355216,-0.648149999,-0.019449062,-0.782172208,-1.194998469,-0.118283445,0.066353416,0.281377527,-0.257966139,0.385383833,0.391117133,-0.453853317,-0.104448024,-0.125765409,1.0,1
484,-0.928087753,0.39819407,1.74113125,0.182672744,0.966386863,-0.901003797,0.879016073,-0.156589871,-0.142117461,-0.57477527,-0.478181307,-0.426852484,-1.493425843,0.187920732,-0.282355216,-0.648149999,-0.019449062,-0.782172208,-1.194998469,-0.118283445,0.066353416,0.281377527,-0.257966139,0.385383833,0.391117133,-0.453853317,-0.104448024,-0.125765409,1.0,1
484,-0.928087753,0.39819407,1.74113125,0.182672744,0.966386863,-0.901003797,0.879016073,-0.156589871,-0.142117461,-0.57477527,-0.478181307,-0.426852484,-1.493425843,0.187920732,-0.282355216,-0.648149999,-0.019449062,-0.782172208,-1.194998469,-0.118283445,0.066353416,0.281377527,-0.257966139,0.385383833,0.391117133,-0.453853317,-0.104448024,-0.125765409,1.0,1
406,-2.312226542,1.951992011,-1.609850732,3.997905588,-0.522187865,-1.426545319,-2.537387306,1.391657248,-2.770089277,-2.772272145,3.202033207,-2.899907388,-0.595221881,-4.289253782,0.38972412,-1.14074718,-2.830055675,-0.016822468,0.416955705,0.126910559,0.517232371,-0.035049369,-0.465211076,0.320198199,0.044519167,0.177839798,0.261145003,-0.143275875,0.0,1
406,-2.312226542,1.951992011,-1.609850732,3.997905588,-0.522187865,-1.426545319,-2.537387306,1.391657248,-2.770089277,-2.772272145,3.202033207,-2.899907388,-0.595221881,-4.289253782,0.38972412,-1.14074718,-2.830055675,-0.016822468,0.416955705,0.126910559,0.517232371,-0.035049369,-0.465211076,0.320198199,0.044519167,0.177839798,0.261145003,-0.143275875,0.0,1
406,-2.312226542,1.951992011,-1.609850732,3.997905588,-0.522187865,-1.426545319,-2.537387306,1.391657248,-2.770089277,-2.772272145,3.202033207,-2.899907388,-0.595221881,-4.289253782,0.38972412,-1.14074718,-2.830055675,-0.016822468,0.416955705,0.126910559,0.517232371,-0.035049369,-0.465211076,0.320198199,0.044519167,0.177839798,0.261145003,-0.143275875,0.0,1
484,-0.928087753,0.39819407,1.74113125,0.182672744,0.966386863,-0.901003797,0.879016073,-0.156589871,-0.142117461,-0.57477527,-0.478181307,-0.426852484,-1.493425843,0.187920732,-0.282355216,-0.648149999,-0.019449062,-0.782172208,-1.194998469,-0.118283445,0.066353416,0.281377527,-0.257966139,0.385383833,0.391117133,-0.453853317,-0.104448024,-0.125765409,1.0,1
484,-0.928087753,0.39819407,1.74113125,0.182672744,0.966386863,-0.901003797,0.879016073,-0.156589871,-0.142117461,-0.57477527,-0.478181307,-0.426852484,-1.493425843,0.187920732,-0.282355216,-0.648149999,-0.019449062,-0.782172208,-1.194998469,-0.118283445,0.066353416,0.281377527,-0.257966139,0.385383833,0.391117133,-0.453853317,-0.104448024,-0.125765409,1.0,1
484,-0.928087753,0.39819407,1.74113125,0.182672744,0.966386863,-0.901003797,0.879016073,-0.156589871,-0.142117461,-0.57477527,-0.478181307,-0.426852484,-1.493425843,0.187920732,-0.282355216,-0.648149999,-0.019449062,-0.782172208,-1.194998469,-0.118283445,0.066353416,0.281377527,-0.257966139,0.385383833,0.391117133,-0.453853317,-0.104448024,-0.125765409,1.0,1
484,-0.928087753,0.39819407,1.74113125,0.182672744,0.966386863,-0.901003797,0.879016073,-0.156589871,-0.142117461,-0.57477527,-0.478181307,-0.426852484,-1.493425843,0.187920732,-0.282355216,-0.648149999,-0.019449062,-0.782172208,-1.194998469,-0.118283445,0.066353416,0.281377527,-0.257966139,0.385383833,0.391117133,-0.453853317,-0.104448024,-0.125765409,1.0,1
484,-0.928087753,0.39819407,1.74113125,0.182672744,0.966386863,-0.901003797,0.879016073,-0.156589871,-0.142117461,-0.57477527,-0.478181307,-0.426852484,-1.493425843,0.187920732,-0.282355216,-0.648149999,-0.019449062,-0.782172208,-1.194998469,-0.118283445,0.066353416,0.281377527,-0.257966139,0.385383833,0.391117133,-0.453853317,-0.104448024,-0.125765409,1.0,1
406,-2.312226542,1.951992011,-1.609850732,3.997905588,-0.522187865,-1.426545319,-2.537387306,1.391657248,-2.770089277,-2.772272145,3.202033207,-2.899907388,-0.595221881,-4.289253782,0.38972412,-1.14074718,-2.830055675,-0.016822468,0.416955705,0.126910559,0.517232371,-0.035049369,-0.465211076,0.320198199,0.044519167,0.177839798,0.261145003,-0.143275875,0.0,1
406,-2.312226542,1.951992011,-1.609850732,3.997905588,-0.522187865,-1.426545319,-2.537387306,1.391657248,-2.770089277,-2.772272145,3.202033207,-2.899907388,-0.595221881,-4.289253782,0.38972412,-1.14074718,-2.830055675,-0.016822468,0.416955705,0.126910559,0.517232371,-0.035049369,-0.465211076,0.320198199,0.044519167,0.177839798,0.261145003,-0.143275875,0.0,1
484,-0.928087753,0.39819407,1.74113125,0.182672744,0.966386863,-0.901003797,0.879016073,-0.156589871,-0.142117461,-0.57477527,-0.478181307,-0.426852484,-1.493425843,0.187920732,-0.282355216,-0.648149999,-0.019449062,-0.782172208,-1.194998469,-0.118283445,0.066353416,0.281377527,-0.257966139,0.385383833,0.391117133,-0.453853317,-0.104448024,-0.125765409,1.0,1
484,-0.928087753,0.39819407,1.74113125,0.182672744,0.966386863,-0.901003797,0.879016073,-0.156589871,-0.142117461,-0.57477527,-0.478181307,-0.426852484,-1.493425843,0.187920732,-0.282355216,-0.648149999,-0.019449062,-0.782172208,-1.194998469,-0.118283445,0.066353416,0.281377527,-0.257966139,0.385383833,0.391117133,-0.453853317,-0.104448024,-0.125765409,1.0,1
484,-0.928087753,0.39819407,1.74113125,0.182672744,0.966386863,-0.901003797,0.879016073,-0.156589871,-0.142117461,-0.57477527,-0.478181307,-0.426852484,-1.493425843,0.187920732,-0.282355216,-0.648149999,-0.019449062,-0.782172208,-1.194998469,-0.118283445,0.066353416,0.281377527,-0.257966139,0.385383833,0.391117133,-0.453853317,-0.104448024,-0.125765409,1.0,1
