Time,V1,V2,V3,V4,V5,V6,V7,V8,V9,V10,V11,V12,V13,V14,V15,V16,V17,V18,V19,V20,V21,V22,V23,V24,V25,V26,V27,V28,Amount,Class
7,-0.644269442,1.417963545,1.074380376,-0.492199018,0.948934095,0.428118463,1.120631358,-3.807864239,0.615374731,1.249376178,-0.619467796,0.291474353,1.757964214,-1.32386522,0.686132504,-0.076126999,-1.222127345,-0.35822157,0.324504731,-0.156741852,1.94346534,-1.01545471,0.05750353,-0.649709006,-0.415266566,-0.051634297,-1.206921081,-1.085339188,40.8,0
114,1.194066271,-0.072582233,0.635285626,0.768616206,-0.735584338,-0.673465653,-0.146299157,-0.065652615,0.646047714,-0.211574202,-0.757756838,0.131821519,-0.691698421,0.014078327,-0.053359478,-0.144321695,0.047621205,-0.662116209,0.255441031,-0.120276616,-0.300560759,-0.770991059,0.074443654,0.397712516,0.285947051,0.286760297,-0.031033455,0.01705188,23.88,0
93,-0.853806864,0.127391777,1.267277185,0.678584065,-1.029850621,-0.487613778,1.836070565,-0.298566311,-0.922127302,-0.64565555,-0.026260655,0.029031527,0.407479906,0.230361856,1.127553329,-0.256717551,0.008375432,-0.11739981,0.426384999,0.776141055,0.252358332,0.179724847,0.47674443,0.724705289,0.526797802,0.50270065,-0.159465352,0.002761222,322.44,0
35,-1.063235679,1.418190626,1.086672863,1.2414396,0.002306126,0.045901581,0.514120897,0.241252403,-0.154499951,0.280672622,-0.531948028,0.589857529,0.555086956,-0.116357329,0.165886171,-1.237210027,0.638414233,-0.776070595,0.69280589,0.235008926,-0.05722847,0.314152998,-0.129862928,0.114283708,-0.027812477,-0.259937016,0.11875364,-0.008956298,20.22,0
167,-0.827464823,1.248569678,1.023826113,0.618081105,0.191093732,-0.208733095,0.964715393,-0.139165792,-0.625848231,0.427322433,1.028719649,0.423747719,-0.242314729,0.424507637,0.368675207,-0.012839339,-0.585486705,0.157830764,1.149651403,-0.090658006,-0.35518984,-0.947556835,0.135053864,-0.074104631,-0.732005556,-0.943677906,-0.649288686,-0.368764974,44.2,0
1,-0.966271712,-0.185226008,1.79299334,-0.863291275,-0.01030888,1.247203168,0.23760894,0.377435875,-1.387024063,-0.054951922,-0.226487264,0.178228226,0.50775687,-0.287923745,-0.631418118,-1.059647245,-0.684092786,1.965775003,-1.23262197,-0.208037781,-0.108300452,0.005273597,-0.190320519,-1.175575332,0.647376035,-0.221928844,0.062722849,0.061457629,123.5,0
580,1.267030288,-0.071113542,0.037680489,0.512683226,0.242391583,0.705212477,-0.226581594,0.109482807,0.657564537,-0.276917772,-1.731615029,0.353942246,0.640629838,-0.354726378,-0.075235937,-0.241936026,-0.178459086,-0.616666831,0.35214989,-0.06698994,-0.164468136,-0.177225223,-0.222918293,-1.245504755,0.678360338,0.525059338,0.002920467,-0.003333233,12.36,0
322,1.202007182,0.108213477,0.591724235,0.566078555,-0.641573116,-0.816974062,-0.127402593,0.004375489,-0.026147821,0.142130857,1.437540384,0.414104282,-1.142816179,0.7143189,0.463185991,0.502347844,-0.523033517,0.050445838,0.102606242,-0.174502715,-0.207683231,-0.703843603,0.165350247,0.493735717,0.114822059,0.068947381,-0.041349711,0.008040785,1.79,0
280,0.878794493,-0.266909198,0.409706011,1.509808074,-0.487798048,0.376829476,-0.389288343,0.33136114,0.702727615,-0.574106367,1.111967187,0.599725186,-1.234587532,-1.028018411,-0.780626425,-0.081814287,0.97970005,0.385091634,-0.240107937,-0.001707997,0.025055821,0.110526605,-0.191237157,-0.059199193,0.504350122,-0.271526148,0.059099556,0.053500821,109.15,0
564,-0.203836964,0.532746629,-0.339856733,-0.730934261,2.728162575,3.535881818,0.263680184,0.919169088,-0.194501262,-0.585054306,-0.802375304,-0.014147022,-0.375816523,0.038238141,-0.85273953,0.107166834,-0.806489194,0.004004115,-0.292566028,-0.089162785,-0.082087318,-0.271636333,-0.157777907,0.989457904,0.228821132,-0.545155553,0.058120066,0.035573006,12.9,0
29,1.110880342,0.168716771,0.51714396,1.32540692,-0.191573354,0.019503723,-0.031849108,0.11761992,0.017664721,0.044864791,1.345074799,1.286339621,-0.252267066,0.274457682,-0.810394372,-0.587005063,0.087451074,-0.550473628,-0.154749355,-0.190119711,-0.037708654,0.095701462,-0.048197647,0.232114939,0.606200749,-0.342096829,0.036769605,0.007479961,6.54,0
547,1.192703611,0.412559039,0.74632827,1.293552563,-0.513108357,-1.024284222,0.146295719,-0.19979394,-0.09899583,0.010692081,0.047170099,0.596836889,0.390578617,0.272596763,0.929280078,0.184700512,-0.400393074,-0.586813383,-0.422458287,-0.119803844,-0.294073762,-0.865145786,0.200925257,0.667838302,0.242188414,-0.734883537,0.02686507,0.0369286,6.85,0
446,1.063317136,-0.795950552,1.268758719,0.646969513,-1.420886231,0.438476165,-1.104652827,0.370816662,-0.492432437,0.848072167,1.015804719,0.331884964,-0.849556126,0.083997348,0.081860961,-1.301215728,0.009884154,1.505688522,-1.319173115,-0.520121074,-0.272118839,-0.356985567,0.093598869,0.157000597,0.082894975,-0.399380833,0.087401897,0.039421401,64.0,0
209,-5.852465108,5.26737615,-1.761894935,-1.441250063,-0.988528968,-0.672186732,0.075759669,0.774198153,3.580112198,6.510779226,1.276495686,0.837057429,0.377257168,-1.614809223,0.534728164,0.416673221,-0.54182781,0.228258298,-0.243878982,2.983262081,-0.910910332,-1.204988487,0.215766032,-0.498065935,1.125918008,0.201449737,2.468867101,1.573083584,8.97,0
484,-0.928087753,0.39819407,1.74113125,0.182672744,0.966386863,-0.901003797,0.879016073,-0.156589871,-0.142117461,-0.57477527,-0.478181307,-0.426852484,-1.493425843,0.187920732,-0.282355216,-0.648149999,-0.019449062,-0.782172208,-1.194998469,-0.118283445,0.066353416,0.281377527,-0.257966139,0.385383833,0.391117133,-0.453853317,-0.104448024,-0.125765409,1.0,1
442,-0.627616604,0.841973755,0.840727941,-1.351059291,0.182650198,-0.484541136,0.465109911,0.181787935,-0.074016234,-0.774766938,-0.766203498,-0.093228403,-0.021442939,0.156260711,0.677262209,0.382874055,-0.470945218,-0.710725214,-0.847331912,-0.215993808,-0.022654182,-0.101469263,-0.083594161,-0.387957909,-0.298916136,0.771189614,-0.467112727,-0.27108443,2.23,0
388,0.19948941,0.705635829,1.39811485,1.21964719,0.149196139,-0.69893233,-0.551005698,-0.872024284,-0.370323732,-0.032175636,0.506833954,0.94959832,0.689685777,0.394380416,1.412828788,-0.52131921,0.241034972,-0.989513274,-0.326511552,-0.203632497,0.640890367,-0.701341255,-0.757939045,0.639510058,0.147695933,-0.544985958,0.274527786,0.28055474,9.99,0
98,1.027114369,-1.272542866,0.673656443,-0.747435801,-1.299107061,0.29365621,-1.05419978,0.234899955,-0.574990848,0.680725594,1.218348281,-0.247881782,-0.242920245,-0.103666777,0.767171902,1.523141917,-0.000751675,-0.604428956,0.234460533,0.34587566,0.522112894,1.101911506,-0.248747022,-0.259413925,0.296057688,-0.030995605,0.018464852,0.033481841,159.0,0
525,1.089846258,-0.602779584,0.924389347,-0.0770385,-1.275907271,-0.420567142,-0.634844057,0.118674459,0.838481454,-0.230708526,1.120999843,0.824766092,-0.703517201,-0.039087335,-0.446295786,0.174678978,-0.118278753,0.121266968,0.495021596,0.012891371,0.112487796,0.364386099,-0.087886252,0.644572121,0.192433295,1.421351596,-0.084481019,0.003383413,59.9,0
248,-0.216866831,0.900896218,1.502850277,0.812492451,0.193952498,-0.031488309,0.490795205,0.120990624,-0.907335774,-0.10626925,1.750771741,1.11954386,0.592076069,0.364704377,0.611496991,-0.349770202,-0.174297109,-0.026468492,0.23571838,0.023362317,0.14749652,0.463469893,-0.045123866,0.22412587,-0.275401644,-0.415338771,0.108635141,0.052980915,10.0,0
113,1.147553856,0.543491091,0.504579173,2.517929914,-0.123554818,-0.611119916,0.273075896,-0.173271031,-0.809549379,0.692369323,-0.547658436,-0.100281311,0.054655307,0.333657163,0.436718096,0.593333948,-0.593651498,-0.289229423,-1.014089992,-0.097837514,0.025973073,-0.00828733,-0.081624079,0.379390351,0.558205979,0.033755503,-0.022230603,0.024045332,31.17,0
204,-0.938225555,0.104717344,1.309641702,-0.867536533,0.450685256,-1.437502176,0.650603583,0.028359911,-0.58867849,-0.556394135,1.156113141,-0.218437377,-2.049263205,0.896911813,-0.276749044,0.463415472,-0.500606336,-0.221200835,0.012236949,0.004380235,-0.237085534,-1.150829278,0.262462123,0.475206184,-0.516789844,0.426883032,-0.058198038,0.107995679,39.94,0
460,-2.4002607,-1.383753644,1.61015057,-2.452648773,-0.592391692,-0.041593492,-0.554246548,0.090479125,-1.85285952,1.689143393,1.006714441,-0.585982253,0.456055352,-0.726728834,0.023941397,0.067992058,-0.031857859,0.496252941,-0.80427288,-0.69353715,-0.223479925,0.484415963,0.31886613,-0.326228443,0.587977512,-0.126953962,0.123829712,0.485188936,79.0,0
533,-1.233534503,0.145320255,-0.0672273,-1.750577238,-0.801068748,-0.381652222,1.561095202,0.320172435,0.231378946,-1.751103813,1.386493232,1.813678651,0.410059645,0.59293554,-0.659026858,-0.968179075,0.037303887,-0.163562329,-0.075087302,0.460897165,0.395250314,0.868590414,0.554971899,0.243594286,-0.034702366,-0.829909171,0.234284579,0.190521392,291.36,0
356,1.586092522,-1.169090734,-1.350476708,-2.504579946,1.106389336,3.135281691,-1.351528738,0.690932116,-2.090697434,1.523080007,-0.246097975,-1.06161533,0.466127462,-0.092296784,0.684725301,-0.190604933,0.044771226,0.39335432,0.128788919,-0.20272267,-0.200366156,-0.325402427,-0.071104246,0.996898296,0.681092671,-0.100189962,0.022118296,0.009259482,15.0,0
130,-0.485237731,0.658496594,1.949966622,1.249694748,0.42641029,0.231512687,0.585115384,0.029162991,-0.520297446,0.055911475,1.265311092,0.521276565,-0.830439424,0.157454834,-0.365074566,-1.14218704,0.409601003,-0.204876492,1.010483163,0.089377727,0.007290122,0.328243726,-0.232563155,0.225572061,0.025891679,-0.24739542,-0.025381021,-0.11856465,5.97,0
141,1.180458002,0.33426698,0.395177877,1.190753197,-0.092157628,-0.388137645,0.104290922,-0.098731553,-0.115804498,-2.69e-05,-0.08721366,0.597891163,0.667519134,0.22858245,1.118738777,-0.172510381,-0.231202879,-0.596696978,-0.83938832,-0.120379331,0.108715301,0.417283268,-0.092111375,0.10852482,0.620831436,-0.254117486,0.037871707,0.021077628,9.9,0
155,1.171953522,0.311213252,0.313605078,0.51923042,-0.058032111,-0.258768685,-0.043842811,0.039598889,-0.344226883,-0.179727145,1.979015769,1.406746264,0.871995167,-0.212157236,0.563275934,0.348119863,-0.021623118,-0.343891188,-0.271035656,-0.054283414,-0.200153106,-0.541916273,0.137491127,-0.001739462,0.139121263,0.104375917,-0.005414212,0.018728013,1.29,0
346,1.077078564,0.284980217,0.007731383,1.657073001,0.052020241,0.446388674,-0.407036166,0.355703888,0.62603923,-0.929087138,1.094165108,0.579564773,-0.862188896,-2.224427562,-1.109870742,0.172381839,1.723548144,0.697990293,-0.153582743,-0.142799025,-0.174336982,-0.174160503,-0.153375332,-0.466331259,0.611000886,-0.25287057,0.090374657,0.054820384,10.99,0
9,-0.338261752,1.119593376,1.044366552,-0.222187277,0.499360806,-0.246761101,0.651583206,0.069538587,-0.736727316,-0.366845639,1.017614468,0.83638957,1.006843514,-0.443522817,0.150219101,0.739452777,-0.540979922,0.47667726,0.451772964,0.203711455,-0.246913937,-0.633752642,-0.120794084,-0.385049925,-0.069733046,0.094198834,0.246219305,0.083075649,3.68,0
394,1.293053468,0.457969173,-1.940450108,0.173148862,2.609569767,3.014117069,-0.269414758,0.754420441,-0.221009097,-0.62079986,0.348748433,-0.296104948,-0.118735703,-1.192582007,1.278393499,0.923267817,0.39537938,1.039037697,-0.252923896,0.025020076,-0.121125632,-0.427753296,-0.159335695,0.857134711,0.850054899,-0.311685063,0.037536213,0.05061751,1.0,0
231,-0.961507377,0.743351362,1.173581813,-0.222593449,0.740528101,1.739958789,0.313012828,0.699418767,0.354715619,-0.333261451,-0.566075416,-0.408623499,-1.512209778,0.106308676,0.878588667,-1.476939479,1.134323103,-2.143362147,-0.98179817,0.005876782,-0.152861743,-0.011971042,-0.039393923,-1.504440108,-0.248248131,0.411290562,0.497315299,0.207499416,26.98,0
27,-1.452187279,1.765123739,0.611668541,1.176824984,-0.445979892,0.246826452,-0.257566156,1.092472497,-0.607524461,0.047155553,0.783726853,1.096385674,-0.268094206,0.76864804,-0.524367354,-0.808816147,0.710386067,-0.118368787,0.979287836,0.008713334,0.082279817,0.325782191,-0.069107391,0.020961997,-0.044668488,-0.243441392,0.149180325,0.120556908,1.8,0
289,-1.782116492,-0.326079244,2.282092285,-0.381814268,1.06129006,2.666354871,0.311426142,0.364125231,1.08038229,0.652494125,1.218281878,0.121397526,-0.952894279,-0.90558715,0.803764247,-0.971253016,0.209509728,-1.225339357,-0.726363603,0.17908676,-0.316547016,0.480398017,0.193990708,-1.867208192,0.145657701,0.491213315,0.248133117,-0.504044675,74.47,0
312,-0.987858067,0.475771323,1.672621633,1.178044407,0.730281776,-0.403391397,0.308013825,0.254682319,-1.045605931,0.155400733,1.793724813,0.702015057,-0.319470483,0.685309695,0.877367283,-0.447055742,0.096461648,-0.395179065,0.795531561,0.392655542,-0.319191925,-1.132127554,0.233566095,0.140308782,0.072812502,-0.637664641,0.231877129,0.062719054,33.26,0
115,-0.182928163,-0.920683415,1.818758315,-2.450936159,-1.247559721,0.147436004,0.218628573,-0.407289576,-2.023879319,1.410939705,1.67241866,-0.103321234,1.082281463,-1.04409871,-0.319321725,-0.255877673,-0.104802035,0.221478486,-1.240284853,-0.242809951,0.030806233,0.848899151,0.120259065,0.219241129,-0.441860048,-0.386686835,-0.291553177,-0.448051362,137.0,0
184,-0.143256003,0.743648518,1.534072207,1.062170094,0.20818678,-0.838622933,0.524151228,-0.294660552,-0.478855844,-0.006096561,-0.121309696,-0.564296679,-0.352630239,-0.336510143,1.8800621,-0.3236776,0.541293199,0.139300206,1.592842932,0.271422691,-0.205014457,-0.460893452,0.0474066,0.339242969,-0.77943859,0.234456216,-0.024124929,-0.049897532,1.98,0
513,1.255258037,0.075190219,0.225733321,0.881766282,0.154508082,0.631959783,-0.385968299,0.189492814,0.447979748,0.012620576,-1.584470112,-0.532828309,-0.246747952,0.180213787,1.624271422,0.575279005,-0.804792917,0.308130543,-0.467710922,-0.148843144,0.088456833,0.321205579,-0.235167006,-1.32503342,0.643129201,-0.133690224,0.05306861,0.012483689,7.0,0
12,-0.752417043,0.345485415,2.057322913,-1.468643298,-1.15839368,-0.077849829,-0.608581418,0.003603484,-0.436166984,0.747730827,-0.793980603,-0.770406729,1.047626997,-1.066603681,1.106953457,1.660113557,-0.279265373,-0.419994141,0.432535349,0.263450864,0.499624955,1.353650486,-0.25657328,-0.065083708,-0.039124354,-0.087086473,-0.1809975,0.129394059,15.99,0
76,-1.024576049,0.522289106,1.787699074,0.202672107,-1.140802866,-0.137830806,-0.336555477,0.670704378,0.071670264,-0.518978194,0.687066404,0.249020266,-1.248619947,0.343492962,-0.236299743,0.528667673,-0.291314514,0.847538604,0.129468112,-0.278965958,0.315867516,0.847564794,0.148876568,0.549790591,-0.585130614,0.325840743,-0.068871446,0.059713185,50.0,0
164,-0.433211486,1.020835125,2.019730198,3.00326068,0.031307656,0.187063045,0.850856483,-0.143932449,-0.918042964,0.886323094,-0.811858292,-0.338453439,-0.064504281,-0.275189337,0.055224685,-0.646152559,0.313931819,-0.295943212,1.177882592,0.471102989,-0.177297913,-0.180259507,0.00776031,0.382658023,-0.187192964,0.100067113,0.204038588,-0.018150303,65.26,0
483,1.039673932,-0.329295605,1.073431252,1.547480277,-0.595509891,1.0909697,-0.703762628,0.511730095,1.176991531,-0.22026736,0.113149673,0.986915066,-1.375333303,-0.347843185,-2.260051576,-0.802281887,0.466460194,-0.616351615,0.591883086,-0.236055894,-0.391770227,-0.761527649,0.035646187,-0.329861818,0.399210416,-0.50425953,0.078070407,0.014682973,20.74,0
355,0.019255812,0.471698112,0.868060279,-1.239124163,0.54789788,-0.502661073,0.808516316,-0.247667131,0.130741129,-0.484993915,-0.702094465,-0.213445399,-0.048713337,-0.065306992,0.658810334,0.168525657,-0.621303531,-0.690750497,-0.697036043,-0.107129889,0.021429648,0.265056733,0.06660763,-0.381752337,-1.305170563,0.64604938,-0.013624944,-0.011984806,2.61,0
22,-2.074294672,-0.121481799,1.32202063,0.410007514,0.295197546,-0.95953723,0.543985491,-0.104626728,0.475664018,0.149450615,-0.856566364,-0.180523156,-0.65523293,-0.279796856,-0.211667955,-0.33332061,0.010751094,-0.488472666,0.505751034,-0.386693573,-0.403639499,-0.227404004,0.742434864,0.398534855,0.249212161,0.274404274,0.359969356,0.243231672,26.43,0
196,1.198658495,-0.420333822,0.014599158,-0.270792868,-0.471074009,-0.384610465,-0.083890427,-0.077569983,-1.537507819,0.846368149,1.512576055,0.858692689,0.410549917,0.529565298,0.147448385,-1.573951028,0.024288477,0.499010405,-0.739676178,-0.401552282,-0.630205815,-1.504431997,0.19377055,-0.017458024,0.058386912,0.145372852,-0.034903837,0.011037036,63.9,0
539,-1.738582309,0.052739517,1.187056991,-0.656652482,0.920623229,-0.291788033,0.269083076,0.14063145,0.023463959,-0.066407321,1.061539347,1.112409002,0.43115247,-0.164533388,-0.677748783,-0.064626327,-0.466099342,-0.53737844,-0.140597965,0.002974475,-0.179545429,-0.192035836,-0.261879413,-0.237476585,-0.335040252,0.24032254,-0.345129311,-0.383563251,1.0,1
490,0.716661837,-1.097811768,0.629443205,1.939510396,-0.494739457,1.819964773,-0.624840257,0.482657355,0.783612238,0.20710545,-1.392283097,0.330364031,-0.57491995,-0.737417142,-2.643564121,0.604757884,-0.450969427,0.219756713,0.96777979,0.388817774,-0.263285966,-0.978692921,-0.359243985,-1.3320205,0.296656318,0.937425204,-0.068357016,0.032838929,254.41,0
257,-0.599318041,0.88752482,1.57921402,-0.113727896,0.304991227,-0.182828895,0.503722003,0.241375357,-0.722595859,-0.627363824,1.465896903,-0.014762902,-1.229367808,0.102504309,0.589320458,0.308128256,0.135025333,0.09120458,-0.039248801,-0.088090563,-0.137630842,-0.524585959,-0.057729284,-0.058980064,-0.3203422,0.089180092,0.058978533,0.098448491,1.98,0
293,1.123311065,-0.170142078,0.89877308,1.572445488,-0.727420685,0.226641226,-0.522651385,0.285406758,1.173965438,-0.194914859,-1.19210081,-0.395355037,-2.213834341,0.005351154,-0.485688847,-0.727260384,0.554140338,-0.645275882,-0.241630845,-0.334909443,-0.109955073,-0.0321972,-0.044257324,0.042350136,0.547189708,-0.250555676,0.060740833,0.017699872,5.0,0
105,1.175094093,0.408263222,0.552145163,1.255067744,-0.196661847,-0.565605334,0.133973044,-0.146201793,-0.214154854,-0.011309922,0.290717394,0.975735119,1.117978842,0.144788242,1.037953972,-0.292528573,-0.142180748,-0.767216349,-0.96271067,-0.116438814,0.130585107,0.523639842,-0.050124737,0.448133322,0.597867268,-0.275067087,0.043308091,0.023923557,1.0,0
352,-0.703183201,1.210704416,0.713730882,1.146380787,0.196790068,0.468059751,0.204977374,0.627388835,-0.296261347,-0.309000902,-1.645999365,-0.351982851,-0.683077622,0.429833357,0.320010811,-0.819032099,0.536239037,-0.27700935,1.038315088,0.015528735,-0.052939376,0.044338996,-0.184853448,-0.77643909,0.021547683,-0.166426753,0.29789193,0.128380902,13.99,0
103,-0.94089284,1.074154764,1.759398089,-0.601445607,0.101693491,-0.188519563,0.455755575,-3.46068234,0.44152478,0.91781802,0.877285383,0.338268788,0.64625002,-0.828662236,1.464951783,-0.915166509,0.17166524,-1.054133457,0.27680146,-0.209017984,2.270069053,-0.143518425,0.153907529,0.700926779,-0.413235123,1.374031211,-0.996161004,-0.836300917,9.99,0
123,0.968783929,-0.501798126,-1.333558486,0.38880429,2.036091383,3.661714319,-0.236794991,0.809585634,0.15450052,-0.089282955,-0.540149745,0.242408384,-0.195637009,0.225998642,-0.131979387,-0.081190327,-0.506312224,-0.045090703,0.314876311,0.271697268,-0.091052102,-0.561280312,-0.260982812,1.017700137,0.837224847,-0.342889063,-0.003467402,0.03900378,160.86,0
139,0.951278276,-0.657729594,1.701883533,1.809667283,-1.360162109,0.953857646,-1.134803282,0.52856971,1.914403557,-0.413425803,-1.488815805,0.105980334,-1.65017861,-0.765610812,-1.182670988,-0.739282377,0.676979259,-0.483801273,-0.188162502,-0.192796373,-0.027596028,0.284121154,-0.092093054,0.091899788,0.418136114,-0.195826728,0.106816908,0.040880532,58.0,0
509,1.166591755,0.124033374,0.38199894,1.40355582,-0.254472682,-0.209577143,-0.016416583,0.054509544,0.47564672,-0.088238501,-0.744388317,-0.118819739,-1.350503218,0.308071727,0.039626479,-0.666137669,0.333222414,-0.828916718,-0.359029045,-0.271210355,-0.116682247,-0.1554965,-0.04608533,0.061415534,0.622486699,-0.308574764,0.03217297,0.013178495,6.99,0
184,1.199277668,0.365737836,0.428155251,0.617732707,-0.342609669,-0.845869259,0.041919491,-0.114616737,-0.360599588,-0.137369319,1.948868194,1.410297427,0.894622281,-0.235688937,0.292096329,0.578699331,-0.227218792,0.03313026,0.009131636,-0.025317734,-0.213354871,-0.615516879,0.132390788,0.517044673,0.185487336,0.061686036,-0.021503871,0.024434217,1.98,0
343,1.004760475,0.423991945,0.579929072,2.476753568,-0.124375473,-0.363935716,0.297698306,-0.104341837,-1.23123939,0.812425561,1.494111353,1.158898825,0.885675592,0.36481075,-0.376461022,0.692184194,-0.823169344,0.033325544,-0.82172495,0.058049522,0.128929307,0.19525388,-0.119653756,0.557572858,0.516517677,-0.004221007,-0.028054501,0.025728617,75.83,0
44,-0.714764019,0.514968589,1.821675627,0.616433633,0.848775615,-0.111938137,1.505617082,-0.798167298,0.244756559,0.264554167,-1.108114043,-0.359860225,-0.163471395,-0.783996855,-0.367152827,-0.65311889,-0.504299997,-0.26056036,0.435251052,0.107321716,-0.220075388,-0.01784471,-0.431938292,-0.130458459,0.337158592,-0.440041535,-0.674526157,-0.473217566,59.9,0
87,-5.101877144,1.897021804,-3.458033555,-1.277542766,-5.517757922,2.098366221,3.329603449,1.250966334,0.27150055,-0.305482722,-1.473383079,0.272913238,0.649418935,0.899810726,0.874542743,1.471752735,-0.144793357,-0.725518955,-0.698935585,-1.270478014,-0.871743638,-0.678879497,-0.555899893,-0.761660256,0.066611133,0.767227443,0.731633869,-0.860309778,919.6,0
297,1.171487938,0.111366524,0.358993728,0.210843613,-0.560816078,-1.408542432,0.35458449,-0.353311276,-0.118270105,-0.226567181,0.309148612,0.849664697,0.795538192,0.269098467,0.902375108,0.073092262,-0.193528125,-1.161157825,0.121038185,0.058719037,-0.454727402,-1.451831422,0.265728759,0.715639989,-0.033476548,0.285188411,-0.080931336,0.024925088,54.75,0
190,0.075749698,1.026985684,0.83489051,1.208912537,0.107553957,0.465977242,-0.330959329,-1.6198728,-0.436603913,0.060715025,-0.431212703,0.537036416,0.942512348,0.3189698,1.596569045,-0.327721027,0.016979641,-0.407591354,0.243005097,-0.258697272,1.490696075,-0.532413829,-0.17976515,-0.422716907,0.774770005,-0.172429221,0.265078248,0.23001619,20.0,0
493,1.219725093,-0.481148941,-0.324350971,-1.552562458,-0.25835656,-0.519341605,-0.035457768,-0.117824448,1.267125148,-1.068542481,-0.638446071,0.352484877,0.060428419,0.33282311,1.999235669,-0.505570625,-0.160606032,-0.332377621,0.646091265,0.035717841,-0.040427515,-0.106937606,-0.171757701,-0.721597142,0.525567582,0.084212262,-0.001620871,0.011865904,67.94,0
155,-0.546215295,0.878083882,1.523176388,-0.242853437,0.323931242,0.371851983,0.446595387,0.37007704,-0.631359033,-0.229069503,1.714119743,0.6938391,-0.316152534,0.440567026,0.678386647,-0.184842427,-0.068411129,-0.734662412,-0.420404254,0.036354025,-0.120936486,-0.268618467,0.036313229,-0.312671175,-0.37805085,0.113659844,0.292120546,0.103729797,6.45,0
441,-0.42133565,0.84537344,-0.18005264,-1.194077184,2.737800401,3.293114329,0.375298829,0.66092351,-0.31958809,-0.128709364,0.041619202,-0.436775846,-0.108979575,-0.467947208,1.084601233,0.583542647,-0.600490434,0.313820307,0.321886397,0.278626157,-0.309462385,-0.836050684,-0.053805028,0.940154624,-0.395774107,-0.006256453,0.060371028,-0.013897008,9.27,0
34,-0.762255666,0.127767752,2.650056386,-1.875662771,-0.893356398,-0.268714889,-0.419863597,0.146233407,-0.86963529,-0.038651669,-0.686124387,-0.502910879,1.380826322,-1.039124606,0.652842089,1.898747563,-0.458413549,-0.559803243,-0.29510264,0.359392906,0.433349642,1.260402664,-0.404700036,0.094945523,0.480975977,-0.09068468,0.319222973,0.135599925,15.99,0
230,-0.420269748,0.814760402,1.513242393,1.292782097,0.138053047,0.223342242,1.08808368,-0.150282357,-0.216385801,0.036197394,-0.489127253,0.181306518,0.083521781,-0.23630839,0.223610259,-1.300535658,0.506323814,-0.711513697,0.708409608,0.369869323,-0.043948199,0.313610073,-0.033527354,0.097487277,-0.080281832,-0.255178709,0.244130619,-0.013383768,79.18,0
298,1.331411728,-0.715870868,-0.005992864,-0.528407613,-0.880105464,-0.676409912,-0.461655958,-0.043281841,-0.439032422,0.589483701,-0.635633933,-1.54550629,-2.159738505,0.261961108,0.257745517,0.33509239,1.024395804,-1.84506456,0.461944146,-0.072710183,0.168776114,0.416170152,-0.131544599,0.068375393,0.633619313,-0.030737332,-0.011574789,0.000254394,36.0,0
117,0.805681804,-0.220451375,2.371309722,4.075817303,-0.844073265,2.546394311,-1.435114382,0.942047784,0.330467789,0.83188054,0.312992575,1.017932332,-0.439618033,-1.000777226,-2.431499257,0.09885644,0.261188186,-0.496635746,-1.518757006,-0.197553784,0.185844215,0.916782936,-0.075910693,-0.243419838,0.246029362,0.283514652,0.113704225,0.031696818,37.89,0
147,0.912979151,-0.652999555,0.298165153,0.209546164,-0.197230544,0.971099946,-0.449460773,0.281896488,0.262492646,-0.06059498,0.422922489,0.693403324,0.664749674,0.093629227,1.039034011,0.965015289,-1.050953826,0.487147394,0.015452642,0.299062225,0.089258076,-0.077306408,-0.237706651,-1.301414873,0.179598999,0.469956018,-0.024738667,0.028338314,170.43,0
38,0.158331782,0.872687435,0.965524582,1.802127161,0.139021981,0.1108631,0.559079186,-0.029070932,-0.394912254,0.03267448,-0.5009189,0.631916038,0.754693617,-0.047655469,0.348217617,-1.493526805,0.757230632,-0.684369216,1.303358759,0.089837783,0.116269966,0.691685039,0.12111283,0.116142168,-1.112725012,-0.303369145,0.327532804,0.255621383,21.76,0
13,-0.436905071,0.918966213,0.924590774,-0.727219054,0.915678718,-0.127867352,0.707641607,0.087962355,-0.665271354,-0.737979824,0.324097813,0.277192107,0.252624256,-0.29189646,-0.184520169,1.143173707,-0.928709263,0.680469593,0.025436462,-0.047021282,-0.194795824,-0.672637997,-0.156857514,-0.888386321,-0.342413219,-0.049026729,0.079692399,0.131023789,0.89,0
442,-0.753360379,0.547357465,0.632549899,-1.728279505,0.937092114,-1.065110962,1.511596058,-0.279074252,-0.59172695,-1.132870047,-1.179867508,0.086923349,0.617976648,0.102907426,-0.502361524,0.794452668,-1.164664857,-0.795370991,-1.004457978,0.03288824,-0.266659525,-1.073148848,0.092292015,-0.437549393,-0.146386702,0.387433541,-0.061505403,0.110388389,77.98,0
425,-0.367058186,1.035851243,1.108064492,-0.065458503,0.366305902,-0.322658467,0.596340239,0.109671602,-0.318671089,-0.543920665,-0.373580024,-0.304509058,-0.200768918,-0.349963399,1.212177704,0.211685137,0.177026862,-0.42545461,-0.311541957,0.073949915,-0.262880963,-0.671306969,-0.022586639,-0.347484866,-0.197109969,0.125082546,0.258795723,0.090689242,3.59,0
42,-0.249361328,0.399227373,0.068009334,-1.060618826,2.410399171,3.736573916,0.31644608,0.672296306,0.015140168,-0.269501562,-0.49512045,-0.16150583,-0.274214413,-0.276190768,-0.17240874,-0.118962106,-0.550002391,-0.14805164,0.771761783,0.107676349,-0.257662841,-0.61676229,-0.156668822,1.031134943,0.120617108,0.310494067,-0.288298624,-0.223964274,32.51,0
380,-1.29983679,0.881817464,1.452841879,-1.293698332,-0.025104981,-1.170102626,0.861610195,-0.193933516,0.592000947,0.241978858,0.144973301,-0.583891284,-1.595345315,0.032612886,0.752833857,-0.094286374,-0.163427019,-1.111176014,-1.12402459,0.06597901,-0.272562732,-0.360853038,0.223911215,0.598929622,-0.397704638,0.637140781,0.234872284,0.021378793,0.0,0
558,-0.439880215,0.630450501,1.942590731,-0.798746628,0.261324547,-0.617938632,1.224288085,-0.844640653,0.211259338,0.263396921,0.504980366,0.041331099,0.317095641,-0.64158957,1.219668195,-0.537746854,-0.245160887,-1.040388908,-0.226828062,0.129802568,-0.085055613,0.177107018,-0.142910325,0.46689651,-0.438533285,0.803908754,-0.907361843,-0.614642305,17.68,0
406,-1.645008604,-2.090799133,1.592566836,-1.38885259,1.732899192,-1.631058781,-0.922859376,0.01381445,1.760777056,-1.270164278,-1.401053239,0.35601814,0.191579696,-0.473274886,0.707895259,-0.179083043,-0.816905117,0.631246543,0.309446502,0.564245803,0.248155008,0.415496484,0.293293937,-0.463425038,-0.40517536,-0.92410328,0.00658569,0.018683011,46.68,0
518,-0.743470571,0.943604281,1.486463579,-0.179574516,-0.190966051,-0.29555862,0.35243803,0.354957946,-0.110108413,0.192907493,1.307387559,-0.504472042,-2.563325991,0.797243884,0.669556102,0.137928677,-0.160212771,-0.088096919,-0.145002414,0.03510964,-0.19523868,-0.55350292,0.055945704,0.134418523,-0.356894601,0.083846355,0.372062065,0.162030629,4.45,0
95,1.31617765,-0.105593976,-0.246480374,-1.185714675,-0.119566417,-0.613399043,0.007358513,-0.136794233,0.84782674,-0.784714586,0.875526045,1.28025633,0.568554208,0.443198996,0.941475179,-0.193448215,-0.789121824,0.782232083,1.082948099,-0.042238372,0.093118364,0.404571088,-0.282550626,-0.456798918,0.89536755,-0.561880178,0.044794342,0.003180613,7.21,0
83,-1.897330739,0.955626146,0.052542631,1.27665559,-3.323084064,3.229910789,1.029631148,1.515606764,-0.059626603,-1.461402639,-0.246684066,0.921560835,-0.196534711,0.505960635,0.705137678,-1.328623104,1.915145604,-1.935425902,-0.930024249,-0.832629516,0.128416132,0.776077579,0.477536785,-0.608981285,-1.120892414,-0.41385055,0.061399324,-0.187963516,552.18,0
426,-0.42412602,0.943261997,1.133353827,-0.16633779,0.387243438,-0.030381616,0.466044813,0.275040959,-0.527931832,-0.364996705,1.294315627,0.212521564,-0.633655364,-0.082418374,0.547718126,0.415066881,-0.042596778,0.102803553,-0.031698784,0.068551247,-0.211157825,-0.582126077,-0.021226912,-0.379103827,-0.241854063,0.106795711,0.25181094,0.080462097,4.95,0
236,-0.438337379,1.028363751,1.455501718,-0.230274702,0.198899418,-0.358325092,0.659132798,0.059987619,-0.74186332,-0.167485718,1.123057123,0.906575443,0.717445968,0.177484339,0.094041711,0.459450111,-0.805969584,0.165908019,0.422937724,0.1736051,-0.187515799,-0.485441649,-0.07413842,-0.002585504,-0.153928467,0.071891188,0.264233311,0.109265075,7.14,0
308,1.103870214,-0.379364955,0.699437059,0.174333313,-0.918020872,-0.41844461,-0.394105947,0.061586476,0.436487428,-0.084439474,1.110035662,0.807998816,-0.417074931,0.142484339,-0.181188757,0.352516919,-0.362178329,0.108860713,0.395958232,0.020978644,0.008219646,-0.016349949,-0.050821198,0.398893636,0.202283177,0.992403516,-0.074168939,0.006682107,60.0,0
510,-2.14951704,2.351163547,0.992990515,0.692643265,0.231641732,-0.020506517,1.086606315,-0.445825206,1.88011037,3.317525158,-0.163521122,-0.081915393,-0.33702241,-1.224884326,0.454536333,-1.654970787,0.245135609,-0.899635212,0.467840858,1.466181921,-0.469893026,0.144642963,-0.182026648,0.061734404,0.289829571,-0.267336869,0.875690582,0.121174957,1.99,0
80,-0.655264276,0.409898543,1.289156438,-0.325043259,0.545669467,-0.349810664,0.648240482,0.036062882,0.078701416,-0.829167268,-1.781658732,-0.412806783,-0.62622029,-0.113361055,-0.714754633,0.120701514,-0.474281674,-0.24059467,0.040823476,-0.03477599,-0.155727059,-0.477390318,-0.126524993,-0.443627777,-0.012118142,0.143172915,0.049782585,0.118280287,32.51,0
271,1.196192808,0.245161003,0.631947468,0.642940902,-0.413132655,-0.699728161,0.01953274,-0.112500121,-0.047057144,-0.12271147,0.371980575,0.794397765,0.674412675,0.20015868,1.21188268,-0.105518258,-0.050858411,-1.151578693,-0.603069525,-0.109478011,-0.203867812,-0.533641292,0.201929024,0.406872401,0.11613734,0.102674899,-0.009121198,0.019700457,0.89,0
491,-0.946412464,0.609499782,1.201709877,0.113073601,-0.210131918,-0.954008503,0.130324684,0.293270485,-0.579075668,-0.756168253,-0.627039606,0.49505732,0.646681098,0.227178565,0.319771674,-0.368820829,0.38636519,-0.537638434,1.125067906,0.144103916,-0.036420632,-0.266529055,-0.038868894,0.481942597,-0.277006005,0.949985189,-0.07961597,-0.016606233,18.45,0
514,-1.045042067,0.957420517,1.38802294,0.195389153,-0.327384625,-0.643709664,0.521262101,0.174238412,0.063057537,-0.373987704,-0.957853647,-0.049541262,-0.576466834,-0.013987189,-0.359348978,-0.359774745,0.143462772,-0.467880697,0.389909226,0.022504672,-0.182403257,-0.311953306,-0.14026762,0.400592003,-0.050206934,0.201239891,-0.092265455,-0.134806458,30.49,0
117,-1.010266597,-0.540014019,2.518624344,-2.270148851,-0.15736243,0.168700264,0.538239087,-0.37931912,-0.166360693,-0.226265168,-1.508661547,-0.471080666,0.939453138,-1.842080673,-1.799797423,1.333032557,-0.495358915,-1.463652046,-0.249813792,0.132299491,-0.103949956,0.153838761,-0.235265746,-0.424549401,0.679215833,-0.49709419,-0.364735609,-0.417094391,82.29,0
118,1.431053409,-0.648101141,-0.331663901,-1.207382602,-0.012785943,0.704439954,-0.732125588,0.183138872,-0.878334384,0.767906431,0.057419274,-0.591459259,0.004513538,0.048051278,0.442391701,1.531116542,-0.325105204,-0.724348778,1.099845784,0.100777424,0.112748785,0.222295604,-0.244590547,-1.688158107,0.609778218,-0.088365973,0.010437801,-0.014498611,20.0,0
98,-0.646513324,1.004198501,1.61622395,-0.099628002,-0.122476851,-0.671326722,0.656183051,0.009755091,-0.635963292,-0.047364094,1.530937521,0.82408411,0.148016384,0.266959456,0.120395389,0.319464747,-0.593328286,0.044223291,0.232081458,0.09319056,-0.147934497,-0.420045847,0.0614244,0.52099708,-0.238845351,0.030135102,0.140480524,0.101163285,14.98,0
298,1.218417038,0.077792309,0.533943622,0.84384943,-0.536021561,-0.702280581,0.006655632,-0.153410746,0.421584058,-0.204985941,-0.615400833,0.62096018,0.238575293,-0.122444262,-0.240002498,-0.294719416,0.016760295,-0.746129181,0.214192945,-0.087688523,-0.224557949,-0.466722158,0.003663041,0.438025581,0.460759606,0.267055847,-0.021915861,0.014811763,13.99,0
258,1.130932761,0.178069339,0.533439524,1.478955262,-0.342933189,-0.379986284,0.063252924,-0.022391243,0.312977804,-0.118844723,-0.294393905,0.480791964,-0.484192622,0.145854431,-0.085468494,-0.804316603,0.39991977,-1.047994367,-0.490789193,-0.209400586,-0.080364138,-0.022293001,-0.023433163,0.40043391,0.607259257,-0.332017201,0.037440813,0.01952664,13.79,0
26,-0.529912284,0.873891581,1.347247329,0.145456677,0.414208858,0.100223094,0.711206083,0.176065957,-0.286716935,-0.484687683,0.87248959,0.85163586,-0.571745303,0.100974273,-1.519771833,-0.284375978,-0.310523585,-0.404247869,-0.823373524,-0.290347611,0.046949067,0.208104855,-0.185548347,0.00103066,0.098815701,-0.552903603,-0.073288084,0.023307045,6.14,0
125,-2.807064506,1.183098325,2.974779375,2.801477073,-0.475110201,3.217829256,-0.401608122,0.384394771,2.408675091,3.351079324,0.106956336,0.367099045,-0.150262631,-2.44967118,0.18205704,-2.372316461,1.614255302,-2.013090598,-0.5721837,0.829196888,-0.20178206,1.461535075,-0.000330283,-0.581133078,-0.101784852,0.529386142,0.36241057,0.237647042,43.71,0
472,1.017054969,-0.185048783,1.181666067,1.073490204,-0.550586426,0.971826768,-0.806451931,0.484792244,0.517268097,-0.060123955,1.446990443,1.19801346,-0.070890784,0.006577366,0.432215271,-0.149872874,-0.090841394,-0.195277245,-0.870040664,-0.164292863,0.239286567,0.875847991,-0.053457579,-0.269918491,0.328906924,-0.217332072,0.096207619,0.020796223,17.57,0
409,-0.544922216,0.595407358,1.813260912,-1.344669741,0.016864248,-0.601397515,0.660875856,-0.058977945,0.317033236,-0.523190104,-0.386483889,-0.716843483,-1.307211536,0.018265901,0.926463709,0.282247864,-0.427226014,-0.671667526,-1.032118142,-0.016848168,-0.123047852,-0.1482281,-0.07607547,0.074036189,-0.486633189,0.724548696,0.104294235,-0.055109568,0.77,0
284,-1.167211884,1.263647809,-0.109848779,-0.783619311,-1.472694028,-0.212799326,1.732682501,-0.882945356,-0.331912327,-0.832908392,-0.697049652,0.780408852,1.026319901,0.049649169,-0.748250094,0.031018491,-0.124821126,-0.736029681,-0.336145556,-0.368898737,0.770748067,0.105265468,0.127679768,0.509605861,-0.401950569,0.835236317,0.286015332,0.067264395,302.1,0
309,1.031380762,-0.089444068,0.421362451,0.620874595,0.330241872,1.351988288,-0.28790071,0.41209358,0.313047407,-0.414255784,0.440656268,1.313518637,0.767262485,-0.122085165,0.783837863,-1.587345934,1.184230788,-2.76226609,-1.338868857,-0.184405762,-0.098008329,0.077084403,0.122697564,-0.898893585,0.166942752,0.393915678,0.053320049,0.001398365,14.6,0
133,0.709335678,-0.011679155,-0.530212955,0.236330632,1.611749862,4.091915383,-0.862138243,1.083973069,0.786795681,0.112887484,-0.653232103,0.173266864,0.037866802,-0.38781279,0.37489296,0.210211547,-0.644749399,0.554854578,0.622384226,-0.04155149,0.006775256,0.09003256,0.271773416,0.986547281,-0.809943468,-0.52965954,-0.065886904,-0.125002177,35.97,0
549,0.033854225,-1.818312576,1.077334392,3.350537205,-1.292194792,1.546079873,-0.282520328,0.402054975,0.928263324,-0.011706167,-1.801164398,0.092264738,-0.871234304,-0.757440246,-1.72000126,-0.204209739,0.428463579,-0.689307478,-0.677380464,0.809244652,0.108767896,-0.451007512,-0.475113296,-0.261082091,0.181752576,0.025918539,-0.019035002,0.117563605,530.85,0
260,1.075229011,-0.335339468,1.680467942,1.192098388,-1.270530762,0.313498288,-0.871024862,0.235401729,1.315260839,-0.478206972,-0.370612661,1.506748861,0.848506498,-1.067779363,-1.105966076,-0.941599861,0.710495612,-1.057347979,-0.295389514,-0.113252987,0.092929517,0.815226885,-0.05455139,0.731148708,0.431464973,0.580189202,0.062528164,0.025628072,5.46,0
421,1.166912908,-0.023366852,0.624394005,0.781790994,-0.655556509,-0.516613674,-0.158570236,0.033648116,0.287207004,-0.007955633,1.108448051,0.888833105,-0.79916611,0.268056441,-0.855117913,-0.11493611,-0.107878796,-0.205175062,0.434435323,-0.148654803,-0.172050074,-0.390215268,0.030233312,0.562816175,0.373739791,0.24042808,-0.030838517,0.004149227,10.69,0
46,-1.923213204,-0.870482324,2.320169629,1.988775801,0.417090785,-0.380013723,0.47213927,-0.557333241,-0.64907905,1.410888883,-0.517736958,-0.985201773,-0.400594745,-0.830664636,0.338009486,0.029924176,0.371150311,-1.054318672,1.890363924,-0.369227398,-0.686487767,-0.779267566,1.086055019,0.518863427,-0.363712018,3.065575697,-0.589022175,-0.396109823,35.0,0
32,1.24905472,-0.624727077,-0.710588904,-0.991600361,1.429973192,3.692977019,-1.090208641,0.967290815,0.850148519,-0.307081112,-0.456245308,0.22998135,-0.0169131,-0.220846086,0.362417699,0.315222304,-0.512265445,0.118994619,0.57472016,0.097852692,-0.006292714,0.009200225,-0.129463201,1.11297017,0.500382109,1.196549199,-0.048220435,0.005093622,29.89,0
218,-0.3917246,1.106354995,0.787765451,0.510525488,0.832968319,0.151659326,0.588154973,0.312914373,-0.772828747,-0.868831246,1.881226155,0.062618666,-1.070830467,-0.701764788,0.742399218,0.045569359,1.016696072,0.305578304,-0.865471674,-0.155767007,0.122192274,0.365017683,-0.213949885,-0.421854377,0.045355497,-0.323299425,0.080658833,0.037889138,1.0,0
187,0.066060772,0.8762634,1.093992968,1.556150516,-0.07231813,-0.671902296,0.569707156,-0.143791231,-0.609469493,0.122388483,-0.477548435,-0.348544455,-0.275911532,0.469809094,1.619878123,-0.637980697,0.179422142,0.263764793,1.332689558,0.126786432,0.159757256,0.497796845,-0.043265755,0.397922925,-0.358151033,-0.186331411,0.135738679,0.098839653,23.32,0
362,-0.692698818,0.291548412,1.575227626,-1.219400412,-0.30225748,0.670790163,0.333059413,0.15387472,1.198541231,-1.473882056,-1.390194371,-0.021875819,-0.242528636,-0.273344546,1.328582304,-1.160033353,0.280766892,0.320173091,1.58853181,0.02336118,0.128170493,0.679178968,-0.516104883,-0.869866017,0.643627801,-0.297472032,0.063828161,0.042908436,79.0,0
263,1.143648911,0.128210203,0.407255475,1.160950092,-0.504531514,-0.904842966,0.111993062,-0.151667475,0.180408481,0.001026601,-0.51175531,-0.233763135,-0.814985243,0.513246951,1.12110997,0.219196916,-0.42402828,-0.052362219,-0.3820374,-0.102034097,-0.036000502,-0.221754206,-0.049749745,0.345483344,0.495657728,-0.440443319,0.008208615,0.03168921,49.99,0
171,-0.365531734,1.006931845,1.108303668,-0.428693695,0.590512808,0.105473838,0.602926227,0.132309557,-0.636397654,-0.152232191,0.324882084,0.469855522,0.556565352,0.187392784,0.187945749,0.715895776,-1.09137979,0.472923128,0.740916147,0.165872526,-0.250030582,-0.663325224,-0.189398624,-0.845682201,-0.055759557,0.124844713,0.263524606,0.099578934,0.89,0
313,-1.038356228,0.756121842,0.719941776,0.988401807,-0.237289725,-0.378861992,0.413667984,0.436786746,-0.448178491,-0.346581608,-0.786498013,-0.999026789,-1.968015268,1.049901672,1.489075793,-0.372646824,0.350349838,-0.035845284,0.110459559,-0.344187258,0.189549653,0.477872319,0.298491951,0.029367906,-0.30041994,-0.294100311,-0.009904639,0.038860559,68.0,0
140,-3.222745011,-1.932775704,2.923241828,0.143573531,0.948116817,-1.076456006,0.81122633,-1.170683067,1.363753299,0.675724118,-0.033947335,-0.308436203,-0.03534893,-1.655009828,0.505014048,0.264900661,-1.001585618,-0.217746153,-0.394364058,-1.786736343,-0.657896819,0.983985425,1.304693094,0.804413958,0.686028186,0.455320508,-0.373341969,-1.325164299,11.0,0
42,-0.522666281,1.009923002,0.276469595,1.475289459,-0.707012563,0.355242552,1.559848787,-0.399578612,-0.479812994,0.516352275,0.034330459,0.589225512,1.426909802,0.020510249,1.651336367,-0.961342569,0.246360059,-0.407537297,0.917399012,-0.013016021,0.172401477,1.01154336,0.069666273,0.157819741,-1.109224318,-0.302369335,0.318170337,0.31690956,243.66,0
405,-0.844953413,1.396043654,1.325803627,0.503092093,0.005609212,-0.727816054,0.692731867,0.251971712,-1.442764248,-0.447368654,-0.643129261,0.631724159,1.567940373,0.044909739,-0.50405649,1.075011647,-0.821382487,-0.58549476,-1.584579958,-0.146557732,0.096803633,0.069220604,0.025521572,0.450555651,-0.402727525,0.607588239,-0.091073522,0.080906059,27.13,0
164,0.073496706,0.55103296,0.451890424,0.114963844,0.822946501,0.251480314,0.296318524,0.139496907,-0.123050186,-0.142616897,-1.652948209,-0.908371307,-0.653478668,0.40930989,1.490617839,0.104649349,-0.402916543,-0.113269881,0.777332618,-0.043919723,-0.128758266,-0.381932362,0.151011582,-1.363967289,-1.389079168,0.075412285,0.231749598,0.230170991,0.99,1
220,1.219112097,0.053694134,-0.18032073,0.680940922,0.521583985,0.893232536,-0.201393423,0.333033499,0.100312094,0.194016376,-0.233573338,-0.442221838,-1.488922355,0.803478551,0.866548282,0.789377988,-0.996282868,0.394383089,0.29186127,-0.179394879,-0.364700154,-1.198737848,-0.024732532,-1.82484141,0.334878475,-0.589181095,0.019988218,0.00053203,22.58,0
483,-0.792724453,0.946688236,2.245148851,1.167397635,-0.625404979,-0.449979152,0.157625069,0.015378797,0.26978081,-0.021303961,-0.375566786,0.478017712,0.287826285,-0.473543981,0.127463784,-0.680594038,0.223910777,0.014716509,0.365766882,0.114467314,0.223031587,0.926664762,-0.170298346,0.972432282,-0.115297629,-0.229900137,0.156609796,0.252310084,4.42,0
574,-1.062129079,-0.618573509,0.615387802,-3.335833611,0.746649119,-0.54053065,0.705931946,0.032525275,1.334180767,-2.326388615,-1.277858363,0.068233813,-0.194686301,0.309083013,1.902638446,-0.513264466,-0.567202425,0.068316321,0.762924821,0.311058829,-0.114268577,-0.661121961,0.136249609,-1.377245041,0.263819893,-1.115515585,0.079212743,0.116637851,131.37,0
554,0.270554106,0.521380385,0.572349435,1.19170405,0.448293353,1.226614504,-0.158828984,-0.555250576,-0.260997249,0.03871233,0.111648971,0.600396735,-0.246067447,0.378191107,-0.245332499,-0.535907685,-0.003625426,0.083869191,1.22236,-0.086865385,0.664678218,-0.406255524,-0.354155747,-1.12643172,1.005675209,-0.069796559,0.20092506,0.200621687,35.95,0
490,-0.215043036,0.65219023,1.107882384,1.265935183,2.3663003,4.393731587,-0.412468839,0.96064414,-0.914003137,0.745978882,-0.38845497,-0.683481233,0.174721788,-0.197216822,1.423125625,0.906269734,-1.0866268,0.90702392,0.226867374,0.266120252,0.103830156,0.304199138,-0.127454562,0.994760541,-0.501053401,0.039003168,0.024135224,-0.056240968,3.44,0
127,1.356489323,-0.221355461,-1.236995618,-1.246835117,1.907808836,3.103911314,-0.603383826,0.762840713,0.118338734,-0.129794116,0.009451766,0.04066435,0.063020383,0.375077354,1.322871713,0.5818758,-0.803959847,-0.054106283,0.443846399,0.052996903,-0.163828604,-0.6026876,0.011113262,1.063844582,0.400725554,0.975861962,-0.081220092,-0.003314497,1.54,0
525,-0.755011344,-0.517761009,1.760091301,-0.65420591,-0.039142998,-0.492846593,-0.047344674,0.118935991,0.734444258,-1.053517176,-1.229568532,0.736010638,0.860724522,-0.879886872,-1.067432119,0.141057448,-0.332026321,-0.509743395,-0.067227131,0.239908157,-0.04960775,-0.20090406,0.268931258,0.108086908,-0.468659525,0.729549275,-0.017461817,0.077163317,79.54,0
140,1.007947057,-1.289492351,0.666740851,-0.741321189,-1.290523451,0.302172443,-1.026907052,0.220562032,-0.607464702,0.669997285,1.25373975,-0.137544139,-0.034447261,-0.142536713,0.745752448,1.514765448,-0.012266385,-0.627738477,0.229871143,0.379483006,0.530548638,1.113561074,-0.260041909,-0.253241804,0.299379405,-0.032754761,0.017926566,0.035666923,169.0,0
26,-0.529912284,0.873891581,1.347247329,0.145456677,0.414208858,0.100223094,0.711206083,0.176065957,-0.286716935,-0.484687683,0.87248959,0.85163586,-0.571745303,0.100974273,-1.519771833,-0.284375978,-0.310523585,-0.404247869,-0.823373524,-0.290347611,0.046949067,0.208104855,-0.185548347,0.00103066,0.098815701,-0.552903603,-0.073288084,0.023307045,6.14,0
557,1.173584576,0.25065007,0.839630919,1.066308709,-0.365090385,-0.161886964,-0.230310151,-0.012302211,0.123302038,-0.100170385,0.011508453,0.963486763,1.390433686,-0.10317913,1.350645279,0.038158764,-0.38708977,-0.404589222,-0.936492373,-0.084331509,0.17183413,0.659724677,-0.064482707,0.1253293,0.506080661,-0.270853949,0.069603772,0.030001201,1.0,0
378,-0.460445587,0.720560639,0.24783576,-0.687521024,-0.627671057,-1.12970975,0.426560471,0.055194973,-2.063462067,-0.278732165,-0.051371388,-0.375334671,1.281990091,-0.877698923,0.543343782,0.874039943,1.428132849,-0.933302845,1.239625199,0.344737648,0.329564677,0.705109685,0.037092678,0.373316311,-0.176941784,-0.156161346,0.01163128,0.116359292,85.25,0
430,1.331282331,-0.460775041,0.201621104,-0.582847533,-0.81535767,-0.863856547,-0.272425285,-0.228813916,-1.194788866,0.710580257,1.571596524,0.833851266,0.95213481,-0.198454513,-1.062829114,0.613136796,0.385393201,-1.362581492,1.013423236,0.157204637,0.23953179,0.71803022,-0.181652195,0.617561424,0.760130741,-0.10063481,-0.009469163,0.001406803,30.0,0
455,1.179162173,0.2053271,0.704970594,0.697812464,-0.566141305,-0.830944299,-0.013823924,-0.093148378,0.026188575,-0.106550027,0.457637827,0.555107409,0.060747017,0.32774635,1.260356312,-0.138325278,0.057051161,-1.147650132,-0.677127622,-0.15095067,-0.196311623,-0.543614542,0.233358607,0.597346018,0.068705699,0.091725263,-0.012834438,0.020737611,1.98,0
85,-4.25759744,1.649489166,-1.591241672,-1.374316771,-1.180135992,-0.331039534,-0.117991556,1.592032179,0.415995685,0.159163277,-1.516288413,0.37406457,0.42717436,0.803874467,0.713170739,0.915793497,-0.134021723,-0.693337258,-0.63956757,-0.271984946,-0.452567807,-0.671702517,0.001422276,-0.876376518,0.07009822,0.729582299,-0.002942371,-0.481496958,124.67,0
549,1.422461023,-0.547421898,-0.147437554,-0.615979102,-0.677018284,-0.825597404,-0.295487346,-0.237954141,-0.639154188,0.590816282,-1.034475933,-0.957039625,-0.476744725,-0.111483291,-0.131444285,0.698355602,0.474285433,-1.427977927,0.99971622,0.064030586,0.122827206,0.34216069,-0.236404067,-0.07752817,0.828617608,-0.034126116,-0.017270501,0.000945628,30.0,0
559,-0.689943486,0.115395704,0.619567779,-2.256788626,0.985793004,-0.667985526,1.631148138,-0.939184051,1.896689959,0.237535561,0.408860571,-0.303664904,-1.945099033,-0.3608614,-0.36750995,-0.786716246,-1.076618447,0.606707637,0.779207926,0.082788378,-0.200851366,0.485565476,-0.427692142,-0.510044263,-0.10932988,-0.906514444,-0.318317115,-0.599254815,50.2,0
222,1.081026808,-0.13945451,0.483881152,0.642056748,-0.186845482,0.538283349,-0.302749466,0.315920498,0.277327557,-0.102328981,1.396865139,1.050423758,-0.703592689,0.295139625,-0.344873194,-0.651014515,0.376377131,-1.056711907,-0.21632355,-0.187038936,-0.124039027,-0.190064258,0.05789595,-0.269353556,0.253835253,0.311885576,0.001591344,-0.003467797,17.24,0
438,1.287086796,-0.392364105,0.513359804,-1.237321915,-0.402555693,0.474908019,-0.793082017,0.146590333,1.676342149,-1.089981154,-1.053329656,0.91300034,1.741552097,-0.418637364,2.45109142,0.102132451,-0.824644922,0.58823897,0.278219131,0.015737001,0.220590211,0.90136048,-0.276483934,-1.249997022,0.646934733,-0.440129994,0.127178484,0.027224189,8.49,0
513,0.166862234,1.667709184,-2.095558662,1.835206043,0.876544698,-1.481720551,-0.323575309,-2.866381524,-0.573338456,-1.838309835,0.473700797,-0.860334859,-1.247989675,-2.921127892,1.105823277,1.0635578,3.006908567,1.67817505,-0.516481336,0.491173419,-1.383097788,0.207548689,0.550348381,-0.006634696,-0.554034464,-0.421467746,0.007827453,-0.039903618,1.0,0
251,1.071812684,-0.249927203,0.189825005,0.19110892,-0.615778945,-1.074104296,0.213633076,-0.322513461,0.046084009,-0.192352281,-0.145525136,0.57166102,0.891624283,0.108958561,0.977413551,0.209149364,-0.34836972,-0.459603714,-0.087733531,0.214073657,0.095917506,0.089348763,-0.159514355,0.487008617,0.365901029,1.0560726,-0.101425335,0.022797105,120.0,0
423,1.161123361,0.654049832,0.211965676,2.521864464,0.156581564,-0.58346052,0.442846699,-0.120914394,-0.959400586,0.715869481,-0.155990226,-0.354074282,-0.917180464,0.727635502,0.521758013,-0.021360119,-0.033509525,-0.958702429,-1.363450555,-0.258545519,0.025278231,0.046085116,-0.025789304,0.377011773,0.585969722,0.080867982,-0.028148258,0.008323383,3.75,0
209,-0.742877146,0.563251743,1.207243263,0.912388004,1.053790705,0.574722633,0.215632907,0.253663165,-0.434722396,-0.048010517,0.252837088,0.43242893,-0.429693555,0.210474809,-0.529153893,-0.654788127,-0.011331644,0.075368494,1.08980618,-0.118911674,-0.007178015,0.166434241,-0.370094052,-0.793211476,-0.014647417,-0.251252202,0.086312821,0.089217379,1.19,0
341,1.021665092,0.11057523,0.449479939,1.041424036,-0.213918613,-0.230678545,0.102705847,0.038497306,-0.319166006,0.076002919,1.805147524,1.255820937,0.173115239,0.558926834,0.443839463,-0.032558611,-0.348034416,-0.377364643,-0.443546588,-0.03309198,-0.043694069,-0.234765199,0.032891088,0.198345136,0.330583923,-0.559348705,0.022827897,0.025341789,62.63,0
346,-0.928193196,0.671758012,1.924615958,0.273754663,1.041108482,0.136930115,0.361483192,0.143336968,-0.682134253,-0.650820411,-0.789520226,0.429949661,1.441283484,-0.130724906,1.209469053,0.11751407,-0.576289738,-0.331699927,-0.162684482,0.163521074,-0.115034384,-0.424493888,-0.194916247,-0.783830053,0.310156308,-0.512783097,0.084721084,0.082172614,5.0,0
29,0.996369532,-0.122588787,0.546819473,0.706579541,0.134559557,1.156995112,-0.294561331,0.407429099,0.337862664,-0.408150493,0.682646124,1.253719685,0.391917044,-0.037510858,0.795301519,-1.668210591,1.322994882,-2.830035229,-1.463431688,-0.20346121,-0.076301837,0.108866913,0.16223094,-0.575624048,0.109794915,0.373813367,0.050552197,0.005105559,20.53,0
282,-0.426029991,1.04118389,1.063793175,-0.407920575,0.077615125,-0.810862242,0.620734095,-1.048588849,-0.416712414,-0.5752461,-0.465570977,0.662807869,0.974220943,-0.156006298,-0.253610097,-0.434466385,0.066692182,-0.720718703,0.415395581,-0.139565465,0.758833898,-0.107203543,-0.139569167,0.500354815,0.165606516,1.052250429,-0.024388206,0.008397503,2.0,0
150,-0.399879707,1.051965788,1.390802023,0.093131865,-0.007699357,-0.717558971,0.588094752,0.085932097,-0.310721777,-0.533284651,0.177463377,-0.272661629,-0.686154329,-0.237325713,1.201248848,0.028713397,0.44691801,-0.605909619,-0.566862927,0.0182527,-0.224926323,-0.573765956,0.057041383,0.329354096,-0.302724006,0.083882806,0.258834227,0.096336674,0.89,0
353,0.150998914,-3.002119874,0.824301406,0.231721086,-2.621415263,0.128843083,-0.755233269,0.09595558,0.638218706,0.096462297,-1.221419517,-0.993401341,-1.331911432,-0.75366868,-0.565549542,0.934498499,0.805874339,-0.950142236,0.640846634,1.180050225,0.52171897,0.320296979,-0.591253399,0.447557233,0.16408041,-0.131896902,-0.047546926,0.130266352,611.76,0
211,0.263523486,-1.812896806,-0.311086762,0.412929594,-0.794605397,0.196364792,0.416625915,-0.062991181,0.345392201,-0.363639666,0.379691153,0.911096513,0.133218505,0.118926728,-0.674517208,0.337849604,-0.450552,-0.001172858,0.858372836,1.010958119,0.002672337,-1.04234241,-0.480537703,-0.414742512,0.111705661,0.819589851,-0.168906284,0.07820301,526.96,0
80,-3.007739051,0.929514494,-0.423720855,-1.39295162,0.082246782,-0.515781701,0.104713792,0.825310566,0.38545311,0.064000225,-1.293106712,0.062199943,0.271107013,0.328058801,0.724097629,0.638389444,-0.430082218,-0.723590224,-0.562830693,-0.15171423,-0.40924608,-0.588831627,0.068045089,-0.890869739,-0.047641093,0.717616985,-0.054093659,-0.424259718,39.95,0
511,-0.25996089,0.998645786,1.437974634,0.038031353,0.125405256,-0.957775359,0.899757796,-0.270158696,-0.186834244,-0.291502974,-0.191254239,-0.391187004,-0.323257609,-0.554284134,0.970133367,0.319800381,-0.071469772,-0.113045968,-0.085893058,0.171634954,-0.316534843,-0.69753402,-0.035227576,0.322387428,-0.198796568,0.044629923,0.077317705,-0.125134869,8.93,0
78,-1.760402481,0.221924153,0.579949898,-1.413194092,0.804876249,-0.353324324,0.869655641,-0.031477112,0.317739047,-0.118295038,-1.053730462,-0.296843762,0.13136414,-0.170066569,0.748794675,0.410891393,-0.749974772,-0.745597186,-0.487556885,-0.105203803,-0.403692059,-0.478169343,0.261137612,-0.903294971,-0.130708919,0.713907127,-0.028134479,-0.410876701,62.92,0
513,-0.632437925,-0.363984347,2.354708784,0.301992767,-0.212087776,0.982642078,-0.371441753,0.222823592,-1.105982647,0.813368793,-0.387012785,-0.690924506,-0.583113877,-0.267240461,0.371260358,-1.19477913,-0.453557053,2.689761856,0.760637141,-0.047421326,-0.354383588,-0.531434427,-0.16589749,-0.904713904,0.159311924,-0.187616384,-0.048368597,-0.136024051,64.0,0
561,1.214872411,0.307969625,0.278628885,0.642981278,-0.185160762,-0.603602499,0.006881251,-0.064238914,0.030872046,-0.325988093,0.152765125,0.313114993,0.192869624,-0.256773924,1.347208799,0.186606634,0.273776501,-0.746653388,-0.556363656,-0.115172396,-0.26068152,-0.716148032,0.159803767,0.033516461,0.143169689,0.124258957,-0.006506053,0.027226192,0.89,0
449,-0.856525101,0.583290076,1.389013774,-0.344699052,0.267594321,-0.951375413,0.523116935,-0.049229333,-0.076944017,-0.405757624,-0.161189306,-0.225299018,-0.912194069,0.300952261,0.654658694,0.107401491,-0.281286183,-0.889231512,-1.184941297,-0.330847383,-0.056911357,-0.309940139,0.167010356,0.359246439,-0.969651014,-0.185793258,-0.136897052,0.233671762,10.2,0
259,1.095067418,-0.014392712,1.408552105,1.266545955,-0.944750549,0.029577856,-0.598514656,0.175290621,0.48523098,-0.059239308,1.2399886,1.703944421,0.789333518,-0.325086572,-0.633020578,0.174004833,-0.474895384,0.259108435,-0.004693564,-0.072112865,0.01310708,0.248009414,-0.002563725,0.570099686,0.387136518,-0.442319387,0.074530611,0.03221469,9.99,0
480,1.039079055,1.158034045,-1.5551738,1.500270163,1.556148236,0.036028434,0.499064735,0.148227153,-0.603040247,-1.764475591,2.202819852,0.409272033,0.497219181,-3.39121307,2.052265129,-0.361773653,3.986288833,-0.811839159,-2.516962882,-0.135221946,-0.060671555,0.113741574,-0.049554735,-0.940147945,0.525324406,-0.188411062,0.116878405,0.087124516,0.75,0
77,-0.427190854,0.745708409,1.761811025,-0.165130479,0.058297688,-0.213413376,0.64732325,0.073464184,-0.291863986,0.064799525,1.527191695,-0.131505745,-1.696914001,0.48212119,0.586417588,0.034541375,-0.306278167,-0.206029884,-0.118938855,0.05282757,-0.201680708,-0.432070051,0.01316424,0.161606289,-0.401310006,0.047423416,0.102549224,-0.11657148,9.12,0
331,1.2201635,0.330421329,0.518020385,0.823178968,-0.680718692,-1.391443264,0.058431285,-0.205429665,0.082093921,-0.26636034,0.312675843,0.108577575,-0.434927117,-0.142860341,1.117223599,0.349959637,0.220439327,-0.403224419,-0.394698311,-0.13617482,-0.259713108,-0.778004929,0.2026852,0.86214906,0.126258565,0.063437904,-0.025916895,0.034840344,0.89,0
311,1.090348628,-0.270145648,1.235910645,0.702070766,-0.856229171,0.485168554,-0.804133733,0.359129905,0.673893646,-0.115228174,1.178923569,1.192034978,-0.102568517,-0.172839145,-0.244323224,0.069196556,-0.144427638,-0.183645837,-0.109383536,-0.119165021,-0.011401814,0.152460567,0.046069796,0.052707338,0.149042153,0.329247897,0.028873279,0.013953986,11.5,0
84,1.119272304,-0.669639047,0.803807372,-0.651693123,-1.395665978,-0.800698087,-0.601604892,0.014390356,2.019905427,-1.067542331,-0.672739778,0.116007769,-1.125379587,0.055688194,1.414561469,-0.396080396,-0.090654809,0.504404193,0.460238548,-0.060359767,0.16368691,0.546516454,-0.176835651,0.402555517,0.563401812,-0.534236042,0.075046569,0.042000798,67.3,0
391,-0.829932199,0.430250426,1.303707673,1.040559371,0.822209791,0.844830135,0.589865275,0.045790744,-0.14864457,0.310522867,0.178932311,-0.314635572,-1.510059288,0.182331208,-0.157713527,-0.783954374,0.037390761,0.242676949,1.442092948,-0.058815781,-0.075178971,0.096038166,-0.139414587,-0.859739201,0.12123541,-0.204961889,-0.292247194,-0.058995507,27.7,0
41,1.154312117,0.265462317,0.384870524,0.57500704,-0.217475465,-0.391519648,-0.081488957,0.06278949,-0.260583324,-0.161677217,2.052927777,1.130825934,0.189484506,-0.070792612,0.619345198,0.318582897,0.090232112,-0.331450412,-0.344721213,-0.099579746,-0.193213341,-0.557685063,0.169492069,0.186862704,0.089251983,0.09362623,-0.00963264,0.019667693,2.67,0
24,1.23742903,0.061042584,0.38052588,0.761564111,-0.35977071,-0.49408415,0.006494218,-0.13386238,0.438809737,-0.207358046,-0.929182115,0.527106061,0.348675901,-0.152535139,-0.21838563,-0.191551818,-0.116580603,-0.633790817,0.348415801,-0.066351335,-0.245682498,-0.530900256,-0.044265397,0.079168029,0.50913569,0.288857834,-0.022704982,0.011836231,17.28,0
103,-1.409009452,0.563492506,3.350717448,-0.436893036,-1.123467357,0.256345114,-0.253389869,-0.795814176,1.421953536,-0.681589992,-0.680795735,1.398463162,1.114929155,-1.894594557,-2.189146682,-0.640207206,0.334833424,-0.835911605,-0.070619892,-0.028601231,0.665585415,0.170281349,-0.231556647,1.067220198,0.279905967,0.988255366,-0.105953908,-0.073779112,23.27,0
55,-4.575092608,-4.429183775,3.402585004,0.90391468,3.002223774,-0.491077708,-2.705393163,0.666451302,1.922216172,-0.614312027,0.384926577,1.194403452,-1.020718454,-1.246829406,-2.348673437,-0.213437533,-0.100221745,-0.406073073,-1.637572519,-0.960962934,-0.047365029,0.853359935,-0.971600429,-0.114861639,0.408300392,-0.304576466,0.547784789,-0.456296829,200.01,0
171,-0.957819798,0.247979463,3.772856852,3.311385046,-1.305427246,1.668378567,-0.671931223,0.453987296,0.555107073,0.785059045,0.018821779,-0.383684431,-2.207123113,-0.949910909,-1.530399654,-0.477740069,0.562765743,0.919277229,1.556736793,-0.065313461,0.107106383,0.866859294,-0.43198589,0.581400454,-0.015714579,0.462414335,-0.179223585,-0.17154364,71.69,0
26,-0.535387763,0.865267808,1.351076288,0.147575474,0.433680212,0.086982938,0.693039311,0.179742261,-0.285641861,-0.482474471,0.87179958,0.853447435,-0.571821891,0.102252103,-1.519991203,-0.285912497,-0.309633387,-0.403901993,-0.823742994,-0.283263782,0.049525687,0.206536543,-0.18710807,0.000753014,0.098116606,-0.553470969,-0.078305502,0.025427378,1.77,0
74,1.038370334,0.127486127,0.184455888,1.109949791,0.4416989,0.945282527,-0.036714604,0.350995,0.11894954,-0.24328924,0.578062601,0.67472982,-0.534230568,0.446601378,1.122884672,-1.768000514,1.241156963,-2.449499863,-1.747255172,-0.335519851,0.102519797,0.60508853,0.023092156,-0.626462661,0.479120272,-0.166936836,0.081246718,0.001191576,1.18,0
499,-0.860625554,-0.109136995,2.112474001,-1.400567214,0.180269368,1.329655549,0.431000859,0.317760791,0.5937619,-0.987304417,-0.309226998,0.067845743,-0.84181499,-0.609413345,-1.189737597,0.329120749,-0.627299224,0.012316203,0.257628143,0.157200811,-0.197635169,-0.436535273,-0.194840239,-1.236873499,0.218667524,0.902383235,-0.210194686,-0.190458298,92.82,0
138,-0.986639536,0.054619774,0.89218939,1.238546301,1.153949202,-0.443156858,1.158792971,-0.234932879,-0.748284316,0.19999764,-0.377070284,-0.086545898,0.217167156,0.314289834,1.295545516,-0.818801496,0.059642158,-0.68956288,0.684420234,0.744324727,-0.15608398,-0.590576405,0.432953111,-0.337631423,-0.272390765,-0.551474596,0.171669591,0.012712389,148.81,0
251,1.206637834,0.143344829,-0.131755553,0.902486189,0.21954724,-0.028155258,0.099294716,0.002019829,0.166709162,-0.014765734,-1.072737799,-0.471208191,-0.752133516,0.548864046,1.333077291,0.046136123,-0.401576804,-0.213131374,-0.415565039,-0.149144771,0.00641446,-0.000173222,-0.186809603,-0.77728434,0.686914708,-0.246619858,0.018175927,0.011323876,31.8,0
164,0.073496706,0.55103296,0.451890424,0.114963844,0.822946501,0.251480314,0.296318524,0.139496907,-0.123050186,-0.142616897,-1.652948209,-0.908371307,-0.653478668,0.40930989,1.490617839,0.104649349,-0.402916543,-0.113269881,0.777332618,-0.043919723,-0.128758266,-0.381932362,0.151011582,-1.363967289,-1.389079168,0.075412285,0.231749598,0.230170991,0.99,1
539,-1.738582309,0.052739517,1.187056991,-0.656652482,0.920623229,-0.291788033,0.269083076,0.14063145,0.023463959,-0.066407321,1.061539347,1.112409002,0.43115247,-0.164533388,-0.677748783,-0.064626327,-0.466099342,-0.53737844,-0.140597965,0.002974475,-0.179545429,-0.192035836,-0.261879413,-0.237476585,-0.335040252,0.24032254,-0.345129311,-0.383563251,1.0,1
484,-0.928087753,0.39819407,1.74113125,0.182672744,0.966386863,-0.901003797,0.879016073,-0.156589871,-0.142117461,-0.57477527,-0.478181307,-0.426852484,-1.493425843,0.187920732,-0.282355216,-0.648149999,-0.019449062,-0.782172208,-1.194998469,-0.118283445,0.066353416,0.281377527,-0.257966139,0.385383833,0.391117133,-0.453853317,-0.104448024,-0.125765409,1.0,1
539,-1.738582309,0.052739517,1.187056991,-0.656652482,0.920623229,-0.291788033,0.269083076,0.14063145,0.023463959,-0.066407321,1.061539347,1.112409002,0.43115247,-0.164533388,-0.677748783,-0.064626327,-0.466099342,-0.53737844,-0.140597965,0.002974475,-0.179545429,-0.192035836,-0.261879413,-0.237476585,-0.335040252,0.24032254,-0.345129311,-0.383563251,1.0,1
164,0.073496706,0.55103296,0.451890424,0.114963844,0.822946501,0.251480314,0.296318524,0.139496907,-0.123050186,-0.142616897,-1.652948209,-0.908371307,-0.653478668,0.40930989,1.490617839,0.104649349,-0.402916543,-0.113269881,0.777332618,-0.043919723,-0.128758266,-0.381932362,0.151011582,-1.363967289,-1.389079168,0.075412285,0.231749598,0.230170991,0.99,1
484,-0.928087753,0.39819407,1.74113125,0.182672744,0.966386863,-0.901003797,0.879016073,-0.156589871,-0.142117461,-0.57477527,-0.478181307,-0.426852484,-1.493425843,0.187920732,-0.282355216,-0.648149999,-0.019449062,-0.782172208,-1.194998469,-0.118283445,0.066353416,0.281377527,-0.257966139,0.385383833,0.391117133,-0.453853317,-0.104448024,-0.125765409,1.0,1
164,0.073496706,0.55103296,0.451890424,0.114963844,0.822946501,0.251480314,0.296318524,0.139496907,-0.123050186,-0.142616897,-1.652948209,-0.908371307,-0.653478668,0.40930989,1.490617839,0.104649349,-0.402916543,-0.113269881,0.777332618,-0.043919723,-0.128758266,-0.381932362,0.151011582,-1.363967289,-1.389079168,0.075412285,0.231749598,0.230170991,0.99,1
484,-0.928087753,0.39819407,1.74113125,0.182672744,0.966386863,-0.901003797,0.879016073,-0.156589871,-0.142117461,-0.57477527,-0.478181307,-0.426852484,-1.493425843,0.187920732,-0.282355216,-0.648149999,-0.019449062,-0.782172208,-1.194998469,-0.118283445,0.066353416,0.281377527,-0.257966139,0.385383833,0.391117133,-0.453853317,-0.104448024,-0.125765409,1.0,1
539,-1.738582309,0.052739517,1.187056991,-0.656652482,0.920623229,-0.291788033,0.269083076,0.14063145,0.023463959,-0.066407321,1.061539347,1.112409002,0.43115247,-0.164533388,-0.677748783,-0.064626327,-0.466099342,-0.53737844,-0.140597965,0.002974475,-0.179545429,-0.192035836,-0.261879413,-0.237476585,-0.335040252,0.24032254,-0.345129311,-0.383563251,1.0,1
539,-1.738582309,0.052739517,1.187056991,-0.656652482,0.920623229,-0.291788033,0.269083076,0.14063145,0.023463959,-0.066407321,1.061539347,1.112409002,0.43115247,-0.164533388,-0.677748783,-0.064626327,-0.466099342,-0.53737844,-0.140597965,0.002974475,-0.179545429,-0.192035836,-0.261879413,-0.237476585,-0.335040252,0.24032254,-0.345129311,-0.383563251,1.0,1
164,0.073496706,0.55103296,0.451890424,0.114963844,0.822946501,0.251480314,0.296318524,0.139496907,-0.123050186,-0.142616897,-1.652948209,-0.908371307,-0.653478668,0.40930989,1.490617839,0.104649349,-0.402916543,-0.113269881,0.777332618,-0.043919723,-0.128758266,-0.381932362,0.151011582,-1.363967289,-1.389079168,0.075412285,0.231749598,0.230170991,0.99,1
484,-0.928087753,0.39819407,1.74113125,0.182672744,0.966386863,-0.901003797,0.879016073,-0.156589871,-0.142117461,-0.57477527,-0.478181307,-0.426852484,-1.493425843,0.187920732,-0.282355216,-0.648149999,-0.019449062,-0.782172208,-1.194998469,-0.118283445,0.066353416,0.281377527,-0.257966139,0.385383833,0.391117133,-0.453853317,-0.104448024,-0.125765409,1.0,1
539,-1.738582309,0.052739517,1.187056991,-0.656652482,0.920623229,-0.291788033,0.269083076,0.14063145,0.023463959,-0.066407321,1.061539347,1.112409002,0.43115247,-0.164533388,-0.677748783,-0.064626327,-0.466099342,-0.53737844,-0.140597965,0.002974475,-0.179545429,-0.192035836,-0.261879413,-0.237476585,-0.335040252,0.24032254,-0.345129311,-0.383563251,1.0,1
164,0.073496706,0.55103296,0.451890424,0.114963844,0.822946501,0.251480314,0.296318524,0.139496907,-0.123050186,-0.142616897,-1.652948209,-0.908371307,-0.653478668,0.40930989,1.490617839,0.104649349,-0.402916543,-0.113269881,0.777332618,-0.043919723,-0.128758266,-0.381932362,0.151011582,-1.363967289,-1.389079168,0.075412285,0.231749598,0.230170991,0.99,1
484,-0.928087753,0.39819407,1.74113125,0.182672744,0.966386863,-0.901003797,0.879016073,-0.156589871,-0.142117461,-0.57477527,-0.478181307,-0.426852484,-1.493425843,0.187920732,-0.282355216,-0.648149999,-0.019449062,-0.782172208,-1.194998469,-0.118283445,0.066353416,0.281377527,-0.257966139,0.385383833,0.391117133,-0.453853317,-0.104448024,-0.125765409,1.0,1
484,-0.928087753,0.39819407,1.74113125,0.182672744,0.966386863,-0.901003797,0.879016073,-0.156589871,-0.142117461,-0.57477527,-0.478181307,-0.426852484,-1.493425843,0.187920732,-0.282355216,-0.648149999,-0.019449062,-0.782172208,-1.194998469,-0.118283445,0.066353416,0.281377527,-0.257966139,0.385383833,0.391117133,-0.453853317,-0.104448024,-0.125765409,1.0,1
484,-0.928087753,0.39819407,1.74113125,0.182672744,0.966386863,-0.901003797,0.879016073,-0.156589871,-0.142117461,-0.57477527,-0.478181307,-0.426852484,-1.493425843,0.187920732,-0.282355216,-0.648149999,-0.019449062,-0.782172208,-1.194998469,-0.118283445,0.066353416,0.281377527,-0.257966139,0.385383833,0.391117133,-0.453853317,-0.104448024,-0.125765409,1.0,1
164,0.073496706,0.55103296,0.451890424,0.114963844,0.822946501,0.251480314,0.296318524,0.139496907,-0.123050186,-0.142616897,-1.652948209,-0.908371307,-0.653478668,0.40930989,1.490617839,0.104649349,-0.402916543,-0.113269881,0.777332618,-0.043919723,-0.128758266,-0.381932362,0.151011582,-1.363967289,-1.389079168,0.075412285,0.231749598,0.230170991,0.99,1
164,0.073496706,0.55103296,0.451890424,0.114963844,0.822946501,0.251480314,0.296318524,0.139496907,-0.123050186,-0.142616897,-1.652948209,-0.908371307,-0.653478668,0.40930989,1.490617839,0.104649349,-0.402916543,-0.113269881,0.777332618,-0.043919723,-0.128758266,-0.381932362,0.151011582,-1.363967289,-1.389079168,0.075412285,0.231749598,0.230170991,0.99,1
164,0.073496706,0.55103296,0.451890424,0.114963844,0.822946501,0.251480314,0.296318524,0.139496907,-0.123050186,-0.142616897,-1.652948209,-0.908371307,-0.653478668,0.40930989,1.490617839,0.104649349,-0.402916543,-0.113269881,0.777332618,-0.043919723,-0.128758266,-0.381932362,0.151011582,-1.363967289,-1.389079168,0.075412285,0.231749598,0.230170991,0.99,1
539,-1.738582309,0.052739517,1.187056991,-0.656652482,0.920623229,-0.291788033,0.269083076,0.14063145,0.023463959,-0.066407321,1.061539347,1.112409002,0.43115247,-0.164533388,-0.677748783,-0.064626327,-0.466099342,-0.53737844,-0.140597965,0.002974475,-0.179545429,-0.192035836,-0.261879413,-0.237476585,-0.335040252,0.24032254,-0.345129311,-0.383563251,1.0,1
164,0.073496706,0.55103296,0.451890424,0.114963844,0.822946501,0.251480314,0.296318524,0.139496907,-0.123050186,-0.142616897,-1.652948209,-0.908371307,-0.653478668,0.40930989,1.490617839,0.104649349,-0.402916543,-0.113269881,0.777332618,-0.043919723,-0.128758266,-0.381932362,0.151011582,-1.363967289,-1.389079168,0.075412285,0.231749598,0.230170991,0.99,1
484,-0.928087753,0.39819407,1.74113125,0.182672744,0.966386863,-0.901003797,0.879016073,-0.156589871,-0.142117461,-0.57477527,-0.478181307,-0.426852484,-1.493425843,0.187920732,-0.282355216,-0.648149999,-0.019449062,-0.782172208,-1.194998469,-0.118283445,0.066353416,0.281377527,-0.257966139,0.385383833,0.391117133,-0.453853317,-0.104448024,-0.125765409,1.0,1
484,-0.928087753,0.39819407,1.74113125,0.182672744,0.966386863,-0.901003797,0.879016073,-0.156589871,-0.142117461,-0.57477527,-0.478181307,-0.426852484,-1.493425843,0.187920732,-0.282355216,-0.648149999,-0.019449062,-0.782172208,-1.194998469,-0.118283445,0.066353416,0.281377527,-0.257966139,0.385383833,0.391117133,-0.453853317,-0.104448024,-0.125765409,1.0,1
484,-0.928087753,0.39819407,1.74113125,0.182672744,0.966386863,-0.901003797,0.879016073,-0.156589871,-0.142117461,-0.57477527,-0.478181307,-0.426852484,-1.493425843,0.187920732,-0.282355216,-0.648149999,-0.019449062,-0.782172208,-1.194998469,-0.118283445,0.066353416,0.281377527,-0.257966139,0.385383833,0.391117133,-0.453853317,-0.104448024,-0.125765409,1.0,1
484,-0.928087753,0.39819407,1.74113125,0.182672744,0.966386863,-0.901003797,0.879016073,-0.156589871,-0.142117461,-0.57477527,-0.478181307,-0.426852484,-1.493425843,0.187920732,-0.282355216,-0.648149999,-0.019449062,-0.782172208,-1.194998469,-0.118283445,0.066353416,0.281377527,-0.257966139,0.385383833,0.391117133,-0.453853317,-0.104448024,-0.125765409,1.0,1
539,-1.738582309,0.052739517,1.187056991,-0.656652482,0.920623229,-0.291788033,0.269083076,0.14063145,0.023463959,-0.066407321,1.061539347,1.112409002,0.43115247,-0.164533388,-0.677748783,-0.064626327,-0.466099342,-0.53737844,-0.140597965,0.002974475,-0.179545429,-0.192035836,-0.261879413,-0.237476585,-0.335040252,0.24032254,-0.345129311,-0.383563251,1.0,1
164,0.073496706,0.55103296,0.451890424,0.114963844,0.822946501,0.251480314,0.296318524,0.139496907,-0.123050186,-0.142616897,-1.652948209,-0.908371307,-0.653478668,0.40930989,1.490617839,0.104649349,-0.402916543,-0.113269881,0.777332618,-0.043919723,-0.128758266,-0.381932362,0.151011582,-1.363967289,-1.389079168,0.075412285,0.231749598,0.230170991,0.99,1
539,-1.738582309,0.052739517,1.187056991,-0.656652482,0.920623229,-0.291788033,0.269083076,0.14063145,0.023463959,-0.066407321,1.061539347,1.112409002,0.43115247,-0.164533388,-0.677748783,-0.064626327,-0.466099342,-0.53737844,-0.140597965,0.002974475,-0.179545429,-0.192035836,-0.261879413,-0.237476585,-0.335040252,0.24032254,-0.345129311,-0.383563251,1.0,1
484,-0.928087753,0.39819407,1.74113125,0.182672744,0.966386863,-0.901003797,0.879016073,-0.156589871,-0.142117461,-0.57477527,-0.478181307,-0.426852484,-1.493425843,0.187920732,-0.282355216,-0.648149999,-0.019449062,-0.782172208,-1.194998469,-0.118283445,0.066353416,0.281377527,-0.257966139,0.385383833,0.391117133,-0.453853317,-0.104448024,-0.125765409,1.0,1
484,-0.928087753,0.39819407,1.74113125,0.182672744,0.966386863,-0.901003797,0.879016073,-0.156589871,-0.142117461,-0.57477527,-0.478181307,-0.426852484,-1.493425843,0.187920732,-0.282355216,-0.648149999,-0.019449062,-0.782172208,-1.194998469,-0.118283445,0.066353416,0.281377527,-0.257966139,0.385383833,0.391117133,-0.453853317,-0.104448024,-0.125765409,1.0,1
484,-0.928087753,0.39819407,1.74113125,0.182672744,0.966386863,-0.901003797,0.879016073,-0.156589871,-0.142117461,-0.57477527,-0.478181307,-0.426852484,-1.493425843,0.187920732,-0.282355216,-0.648149999,-0.019449062,-0.782172208,-1.194998469,-0.118283445,0.066353416,0.281377527,-0.257966139,0.385383833,0.391117133,-0.453853317,-0.104448024,-0.125765409,1.0,1
484,-0.928087753,0.39819407,1.74113125,0.182672744,0.966386863,-0.901003797,0.879016073,-0.156589871,-0.142117461,-0.57477527,-0.478181307,-0.426852484,-1.493425843,0.187920732,-0.282355216,-0.648149999,-0.019449062,-0.782172208,-1.194998469,-0.118283445,0.066353416,0.281377527,-0.257966139,0.385383833,0.391117133,-0.453853317,-0.104448024,-0.125765409,1.0,1
164,0.073496706,0.55103296,0.451890424,0.114963844,0.822946501,0.251480314,0.296318524,0.139496907,-0.123050186,-0.142616897,-1.652948209,-0.908371307,-0.653478668,0.40930989,1.490617839,0.104649349,-0.402916543,-0.113269881,0.777332618,-0.043919723,-0.128758266,-0.381932362,0.151011582,-1.363967289,-1.389079168,0.075412285,0.231749598,0.230170991,0.99,1
539,-1.738582309,0.052739517,1.187056991,-0.656652482,0.920623229,-0.291788033,0.269083076,0.14063145,0.023463959,-0.066407321,1.061539347,1.112409002,0.43115247,-0.164533388,-0.677748783,-0.064626327,-0.466099342,-0.53737844,-0.140597965,0.002974475,-0.179545429,-0.192035836,-0.261879413,-0.237476585,-0.335040252,0.24032254,-0.345129311,-0.383563251,1.0,1
484,-0.928087753,0.39819407,1.74113125,0.182672744,0.966386863,-0.901003797,0.879016073,-0.156589871,-0.142117461,-0.57477527,-0.478181307,-0.426852484,-1.493425843,0.187920732,-0.282355216,-0.648149999,-0.019449062,-0.782172208,-1.194998469,-0.118283445,0.066353416,0.281377527,-0.257966139,0.385383833,0.391117133,-0.453853317,-0.104448024,-0.125765409,1.0,1
539,-1.738582309,0.052739517,1.187056991,-0.656652482,0.920623229,-0.291788033,0.269083076,0.14063145,0.023463959,-0.066407321,1.061539347,1.112409002,0.43115247,-0.164533388,-0.677748783,-0.064626327,-0.466099342,-0.53737844,-0.140597965,0.002974475,-0.179545429,-0.192035836,-0.261879413,-0.237476585,-0.335040252,0.24032254,-0.345129311,-0.383563251,1.0,1
539,-1.738582309,0.052739517,1.187056991,-0.656652482,0.920623229,-0.291788033,0.269083076,0.14063145,0.023463959,-0.066407321,1.061539347,1.112409002,0.43115247,-0.164533388,-0.677748783,-0.064626327,-0.466099342,-0.53737844,-0.140597965,0.002974475,-0.179545429,-0.192035836,-0.261879413,-0.237476585,-0.335040252,0.24032254,-0.345129311,-0.383563251,1.0,1
539,-1.738582309,0.052739517,1.187056991,-0.656652482,0.920623229,-0.291788033,0.269083076,0.14063145,0.023463959,-0.066407321,1.061539347,1.112409002,0.43115247,-0.164533388,-0.677748783,-0.064626327,-0.466099342,-0.53737844,-0.140597965,0.002974475,-0.179545429,-0.192035836,-0.261879413,-0.237476585,-0.335040252,0.24032254,-0.345129311,-0.383563251,1.0,1
164,0.073496706,0.55103296,0.451890424,0.114963844,0.822946501,0.251480314,0.296318524,0.139496907,-0.123050186,-0.142616897,-1.652948209,-0.908371307,-0.653478668,0.40930989,1.490617839,0.104649349,-0.402916543,-0.113269881,0.777332618,-0.043919723,-0.128758266,-0.381932362,0.151011582,-1.363967289,-1.389079168,0.075412285,0.231749598,0.230170991,0.99,1
484,-0.928087753,0.39819407,1.74113125,0.182672744,0.966386863,-0.901003797,0.879016073,-0.156589871,-0.142117461,-0.57477527,-0.478181307,-0.426852484,-1.493425843,0.187920732,-0.282355216,-0.648149999,-0.019449062,-0.782172208,-1.194998469,-0.118283445,0.066353416,0.281377527,-0.257966139,0.385383833,0.391117133,-0.453853317,-0.104448024,-0.125765409,1.0,1
539,-1.738582309,0.052739517,1.187056991,-0.656652482,0.920623229,-0.291788033,0.269083076,0.14063145,0.023463959,-0.066407321,1.061539347,1.112409002,0.43115247,-0.164533388,-0.677748783,-0.064626327,-0.466099342,-0.53737844,-0.140597965,0.002974475,-0.179545429,-0.192035836,-0.261879413,-0.237476585,-0.335040252,0.24032254,-0.345129311,-0.383563251,1.0,1
539,-1.738582309,0.052739517,1.187056991,-0.656652482,0.920623229,-0.291788033,0.269083076,0.14063145,0.023463959,-0.066407321,1.061539347,1.112409002,0.43115247,-0.164533388,-0.677748783,-0.064626327,-0.466099342,-0.53737844,-0.140597965,0.002974475,-0.179545429,-0.192035836,-0.261879413,-0.237476585,-0.335040252,0.24032254,-0.345129311,-0.383563251,1.0,1
484,-0.928087753,0.39819407,1.74113125,0.182672744,0.966386863,-0.901003797,0.879016073,-0.156589871,-0.142117461,-0.57477527,-0.478181307,-0.426852484,-1.493425843,0.187920732,-0.282355216,-0.648149999,-0.019449062,-0.782172208,-1.194998469,-0.118283445,0.066353416,0.281377527,-0.257966139,0.385383833,0.391117133,-0.453853317,-0.104448024,-0.125765409,1.0,1
164,0.073496706,0.55103296,0.451890424,0.114963844,0.822946501,0.251480314,0.296318524,0.139496907,-0.123050186,-0.142616897,-1.652948209,-0.908371307,-0.653478668,0.40930989,1.490617839,0.104649349,-0.402916543,-0.113269881,0.777332618,-0.043919723,-0.128758266,-0.381932362,0.151011582,-1.363967289,-1.389079168,0.075412285,0.231749598,0.230170991,0.99,1
164,0.073496706,0.55103296,0.451890424,0.114963844,0.822946501,0.251480314,0.296318524,0.139496907,-0.123050186,-0.142616897,-1.652948209,-0.908371307,-0.653478668,0.40930989,1.490617839,0.104649349,-0.402916543,-0.113269881,0.777332618,-0.043919723,-0.128758266,-0.381932362,0.151011582,-1.363967289,-1.389079168,0.075412285,0.231749598,0.230170991,0.99,1
164,0.073496706,0.55103296,0.451890424,0.114963844,0.822946501,0.251480314,0.296318524,0.139496907,-0.123050186,-0.142616897,-1.652948209,-0.908371307,-0.653478668,0.40930989,1.490617839,0.104649349,-0.402916543,-0.113269881,0.777332618,-0.043919723,-0.128758266,-0.381932362,0.151011582,-1.363967289,-1.389079168,0.075412285,0.231749598,0.230170991,0.99,1
539,-1.738582309,0.052739517,1.187056991,-0.656652482,0.920623229,-0.291788033,0.269083076,0.14063145,0.023463959,-0.066407321,1.061539347,1.112409002,0.43115247,-0.164533388,-0.677748783,-0.064626327,-0.466099342,-0.53737844,-0.140597965,0.002974475,-0.179545429,-0.192035836,-0.261879413,-0.237476585,-0.335040252,0.24032254,-0.345129311,-0.383563251,1.0,1
484,-0.928087753,0.39819407,1.74113125,0.182672744,0.966386863,-0.901003797,0.879016073,-0.156589871,-0.142117461,-0.57477527,-0.478181307,-0.426852484,-1.493425843,0.187920732,-0.282355216,-0.648149999,-0.019449062,-0.782172208,-1.194998469,-0.118283445,0.066353416,0.281377527,-0.257966139,0.385383833,0.391117133,-0.453853317,-0.104448024,-0.125765409,1.0,1
164,0.073496706,0.55103296,0.451890424,0.114963844,0.822946501,0.251480314,0.296318524,0.139496907,-0.123050186,-0.142616897,-1.652948209,-0.908371307,-0.653478668,0.40930989,1.490617839,0.104649349,-0.402916543,-0.113269881,0.777332618,-0.043919723,-0.128758266,-0.381932362,0.151011582,-1.363967289,-1.389079168,0.075412285,0.231749598,0.230170991,0.99,1
484,-0.928087753,0.39819407,1.74113125,0.182672744,0.966386863,-0.901003797,0.879016073,-0.156589871,-0.142117461,-0.57477527,-0.478181307,-0.426852484,-1.493425843,0.187920732,-0.282355216,-0.648149999,-0.019449062,-0.782172208,-1.194998469,-0.118283445,0.066353416,0.281377527,-0.257966139,0.385383833,0.391117133,-0.453853317,-0.104448024,-0.125765409,1.0,1
539,-1.738582309,0.052739517,1.187056991,-0.656652482,0.920623229,-0.291788033,0.269083076,0.14063145,0.023463959,-0.066407321,1.061539347,1.112409002,0.43115247,-0.164533388,-0.677748783,-0.064626327,-0.466099342,-0.53737844,-0.140597965,0.002974475,-0.179545429,-0.192035836,-0.261879413,-0.237476585,-0.335040252,0.24032254,-0.345129311,-0.383563251,1.0,1
484,-0.928087753,0.39819407,1.74113125,0.182672744,0.966386863,-0.901003797,0.879016073,-0.156589871,-0.142117461,-0.57477527,-0.478181307,-0.426852484,-1.493425843,0.187920732,-0.282355216,-0.648149999,-0.019449062,-0.782172208,-1.194998469,-0.118283445,0.066353416,0.281377527,-0.257966139,0.385383833,0.391117133,-0.453853317,-0.104448024,-0.125765409,1.0,1
484,-0.928087753,0.39819407,1.74113125,0.182672744,0.966386863,-0.901003797,0.879016073,-0.156589871,-0.142117461,-0.57477527,-0.478181307,-0.426852484,-1.493425843,0.187920732,-0.282355216,-0.648149999,-0.019449062,-0.782172208,-1.194998469,-0.118283445,0.066353416,0.281377527,-0.257966139,0.385383833,0.391117133,-0.453853317,-0.104448024,-0.125765409,1.0,1
539,-1.738582309,0.052739517,1.187056991,-0.656652482,0.920623229,-0.291788033,0.269083076,0.14063145,0.023463959,-0.066407321,1.061539347,1.112409002,0.43115247,-0.164533388,-0.677748783,-0.064626327,-0.466099342,-0.53737844,-0.140597965,0.002974475,-0.179545429,-0.192035836,-0.261879413,-0.237476585,-0.335040252,0.24032254,-0.345129311,-0.383563251,1.0,1
539,-1.738582309,0.052739517,1.187056991,-0.656652482,0.920623229,-0.291788033,0.269083076,0.14063145,0.023463959,-0.066407321,1.061539347,1.112409002,0.43115247,-0.164533388,-0.677748783,-0.064626327,-0.466099342,-0.53737844,-0.140597965,0.002974475,-0.179545429,-0.192035836,-0.261879413,-0.237476585,-0.335040252,0.24032254,-0.345129311,-0.383563251,1.0,1
164,0.073496706,0.55103296,0.451890424,0.114963844,0.822946501,0.251480314,0.296318524,0.139496907,-0.123050186,-0.142616897,-1.652948209,-0.908371307,-0.653478668,0.40930989,1.490617839,0.104649349,-0.402916543,-0.113269881,0.777332618,-0.043919723,-0.128758266,-0.381932362,0.151011582,-1.363967289,-1.389079168,0.075412285,0.231749598,0.230170991,0.99,1
164,0.073496706,0.55103296,0.451890424,0.114963844,0.822946501,0.251480314,0.296318524,0.139496907,-0.123050186,-0.142616897,-1.652948209,-0.908371307,-0.653478668,0.40930989,1.490617839,0.104649349,-0.402916543,-0.113269881,0.777332618,-0.043919723,-0.128758266,-0.381932362,0.151011582,-1.363967289,-1.389079168,0.075412285,0.231749598,0.230170991,0.99,1
164,0.073496706,0.55103296,0.451890424,0.114963844,0.822946501,0.251480314,0.296318524,0.139496907,-0.123050186,-0.142616897,-1.652948209,-0.908371307,-0.653478668,0.40930989,1.490617839,0.104649349,-0.402916543,-0.113269881,0.777332618,-0.043919723,-0.128758266,-0.381932362,0.151011582,-1.363967289,-1.389079168,0.075412285,0.231749598,0.230170991,0.99,1
164,0.073496706,0.55103296,0.451890424,0.114963844,0.822946501,0.251480314,0.296318524,0.139496907,-0.123050186,-0.142616897,-1.652948209,-0.908371307,-0.653478668,0.40930989,1.490617839,0.104649349,-0.402916543,-0.113269881,0.777332618,-0.043919723,-0.128758266,-0.381932362,0.151011582,-1.363967289,-1.389079168,0.075412285,0.231749598,0.230170991,0.99,1
539,-1.738582309,0.052739517,1.187056991,-0.656652482,0.920623229,-0.291788033,0.269083076,0.14063145,0.023463959,-0.066407321,1.061539347,1.112409002,0.43115247,-0.164533388,-0.677748783,-0.064626327,-0.466099342,-0.53737844,-0.140597965,0.002974475,-0.179545429,-0.192035836,-0.261879413,-0.237476585,-0.335040252,0.24032254,-0.345129311,-0.383563251,1.0,1
164,0.073496706,0.55103296,0.451890424,0.114963844,0.822946501,0.251480314,0.296318524,0.139496907,-0.123050186,-0.142616897,-1.652948209,-0.908371307,-0.653478668,0.40930989,1.490617839,0.104649349,-0.402916543,-0.113269881,0.777332618,-0.043919723,-0.128758266,-0.381932362,0.151011582,-1.363967289,-1.389079168,0.075412285,0.231749598,0.230170991,0.99,1
539,-1.738582309,0.052739517,1.187056991,-0.656652482,0.920623229,-0.291788033,0.269083076,0.14063145,0.023463959,-0.066407321,1.061539347,1.112409002,0.43115247,-0.164533388,-0.677748783,-0.064626327,-0.466099342,-0.53737844,-0.140597965,0.002974475,-0.179545429,-0.192035836,-0.261879413,-0.237476585,-0.335040252,0.24032254,-0.345129311,-0.383563251,1.0,1
164,0.073496706,0.55103296,0.451890424,0.114963844,0.822946501,0.251480314,0.296318524,0.139496907,-0.123050186,-0.142616897,-1.652948209,-0.908371307,-0.653478668,0.40930989,1.490617839,0.104649349,-0.402916543,-0.113269881,0.777332618,-0.043919723,-0.128758266,-0.381932362,0.151011582,-1.363967289,-1.389079168,0.075412285,0.231749598,0.230170991,0.99,1
484,-0.928087753,0.39819407,1.74113125,0.182672744,0.966386863,-0.901003797,0.879016073,-0.156589871,-0.142117461,-0.57477527,-0.478181307,-0.426852484,-1.493425843,0.187920732,-0.282355216,-0.648149999,-0.019449062,-0.782172208,-1.194998469,-0.118283445,0.066353416,0.281377527,-0.257966139,0.385383833,0.391117133,-0.453853317,-0.104448024,-0.125765409,1.0,1
164,0.073496706,0.55103296,0.451890424,0.114963844,0.822946501,0.251480314,0.296318524,0.139496907,-0.123050186,-0.142616897,-1.652948209,-0.908371307,-0.653478668,0.40930989,1.490617839,0.104649349,-0.402916543,-0.113269881,0.777332618,-0.043919723,-0.128758266,-0.381932362,0.151011582,-1.363967289,-1.389079168,0.075412285,0.231749598,0.230170991,0.99,1
539,-1.738582309,0.052739517,1.187056991,-0.656652482,0.920623229,-0.291788033,0.269083076,0.14063145,0.023463959,-0.066407321,1.061539347,1.112409002,0.43115247,-0.164533388,-0.677748783,-0.064626327,-0.466099342,-0.53737844,-0.140597965,0.002974475,-0.179545429,-0.192035836,-0.261879413,-0.237476585,-0.335040252,0.24032254,-0.345129311,-0.383563251,1.0,1
164,0.073496706,0.55103296,0.451890424,0.114963844,0.822946501,0.251480314,0.296318524,0.139496907,-0.123050186,-0.142616897,-1.652948209,-0.908371307,-0.653478668,0.40930989,1.490617839,0.104649349,-0.402916543,-0.113269881,0.777332618,-0.043919723,-0.128758266,-0.381932362,0.151011582,-1.363967289,-1.389079168,0.075412285,0.231749598,0.230170991,0.99,1
164,0.073496706,0.55103296,0.451890424,0.114963844,0.822946501,0.251480314,0.296318524,0.139496907,-0.123050186,-0.142616897,-1.652948209,-0.908371307,-0.653478668,0.40930989,1.490617839,0.104649349,-0.402916543,-0.113269881,0.777332618,-0.043919723,-0.128758266,-0.381932362,0.151011582,-1.363967289,-1.389079168,0.075412285,0.231749598,0.230170991,0.99,1
164,0.073496706,0.55103296,0.451890424,0.114963844,0.822946501,0.251480314,0.296318524,0.139496907,-0.123050186,-0.142616897,-1.652948209,-0.908371307,-0.653478668,0.40930989,1.490617839,0.104649349,-0.402916543,-0.113269881,0.777332618,-0.043919723,-0.128758266,-0.381932362,0.151011582,-1.363967289,-1.389079168,0.075412285,0.231749598,0.230170991,0.99,1
164,0.073496706,0.55103296,0.451890424,0.114963844,0.822946501,0.251480314,0.296318524,0.139496907,-0.123050186,-0.142616897,-1.652948209,-0.908371307,-0.653478668,0.40930989,1.490617839,0.104649349,-0.402916543,-0.113269881,0.777332618,-0.043919723,-0.128758266,-0.381932362,0.151011582,-1.363967289,-1.389079168,0.075412285,0.231749598,0.230170991,0.99,1
164,0.073496706,0.55103296,0.451890424,0.114963844,0.822946501,0.251480314,0.296318524,0.139496907,-0.123050186,-0.142616897,-1.652948209,-0.908371307,-0.653478668,0.40930989,1.490617839,0.104649349,-0.402916543,-0.113269881,0.777332618,-0.043919723,-0.128758266,-0.381932362,0.151011582,-1.363967289,-1.389079168,0.075412285,0.231749598,0.230170991,0.99,1
484,-0.928087753,0.39819407,1.74113125,0.182672744,0.966386863,-0.901003797,0.879016073,-0.156589871,-0.142117461,-0.57477527,-0.478181307,-0.426852484,-1.493425843,0.187920732,-0.282355216,-0.648149999,-0.019449062,-0.782172208,-1.194998469,-0.118283445,0.066353416,0.281377527,-0.257966139,0.385383833,0.391117133,-0.453853317,-0.104448024,-0.125765409,1.0,1
164,0.073496706,0.55103296,0.451890424,0.114963844,0.822946501,0.251480314,0.296318524,0.139496907,-0.123050186,-0.142616897,-1.652948209,-0.908371307,-0.653478668,0.40930989,1.490617839,0.104649349,-0.402916543,-0.113269881,0.777332618,-0.043919723,-0.128758266,-0.381932362,0.151011582,-1.363967289,-1.389079168,0.075412285,0.231749598,0.230170991,0.99,1
539,-1.738582309,0.052739517,1.187056991,-0.656652482,0.920623229,-0.291788033,0.269083076,0.14063145,0.023463959,-0.066407321,1.061539347,1.112409002,0.43115247,-0.164533388,-0.677748783,-0.064626327,-0.466099342,-0.53737844,-0.140597965,0.002974475,-0.179545429,-0.192035836,-0.261879413,-0.237476585,-0.335040252,0.24032254,-0.345129311,-0.383563251,1.0,1
484,-0.928087753,0.39819407,1.74113125,0.182672744,0.966386863,-0.901003797,0.879016073,-0.156589871,-0.142117461,-0.57477527,-0.478181307,-0.426852484,-1.493425843,0.187920732,-0.282355216,-0.648149999,-0.019449062,-0.782172208,-1.194998469,-0.118283445,0.066353416,0.281377527,-0.257966139,0.385383833,0.391117133,-0.453853317,-0.104448024,-0.125765409,1.0,1
539,-1.738582309,0.052739517,1.187056991,-0.656652482,0.920623229,-0.291788033,0.269083076,0.14063145,0.023463959,-0.066407321,1.061539347,1.112409002,0.43115247,-0.164533388,-0.677748783,-0.064626327,-0.466099342,-0.53737844,-0.140597965,0.002974475,-0.179545429,-0.192035836,-0.261879413,-0.237476585,-0.335040252,0.24032254,-0.345129311,-0.383563251,1.0,1
539,-1.738582309,0.052739517,1.187056991,-0.656652482,0.920623229,-0.291788033,0.269083076,0.14063145,0.023463959,-0.066407321,1.061539347,1.112409002,0.43115247,-0.164533388,-0.677748783,-0.064626327,-0.466099342,-0.53737844,-0.140597965,0.002974475,-0.179545429,-0.192035836,-0.261879413,-0.237476585,-0.335040252,0.24032254,-0.345129311,-0.383563251,1.0,1
539,-1.738582309,0.052739517,1.187056991,-0.656652482,0.920623229,-0.291788033,0.269083076,0.14063145,0.023463959,-0.066407321,1.061539347,1.112409002,0.43115247,-0.164533388,-0.677748783,-0.064626327,-0.466099342,-0.53737844,-0.140597965,0.002974475,-0.179545429,-0.192035836,-0.261879413,-0.237476585,-0.335040252,0.24032254,-0.345129311,-0.383563251,1.0,1
164,0.073496706,0.55103296,0.451890424,0.114963844,0.822946501,0.251480314,0.296318524,0.139496907,-0.123050186,-0.142616897,-1.652948209,-0.908371307,-0.653478668,0.40930989,1.490617839,0.104649349,-0.402916543,-0.113269881,0.777332618,-0.043919723,-0.128758266,-0.381932362,0.151011582,-1.363967289,-1.389079168,0.075412285,0.231749598,0.230170991,0.99,1
484,-0.928087753,0.39819407,1.74113125,0.182672744,0.966386863,-0.901003797,0.879016073,-0.156589871,-0.142117461,-0.57477527,-0.478181307,-0.426852484,-1.493425843,0.187920732,-0.282355216,-0.648149999,-0.019449062,-0.782172208,-1.194998469,-0.118283445,0.066353416,0.281377527,-0.257966139,0.385383833,0.391117133,-0.453853317,-0.104448024,-0.125765409,1.0,1
484,-0.928087753,0.39819407,1.74113125,0.182672744,0.966386863,-0.901003797,0.879016073,-0.156589871,-0.142117461,-0.57477527,-0.478181307,-0.426852484,-1.493425843,0.187920732,-0.282355216,-0.648149999,-0.019449062,-0.782172208,-1.194998469,-0.118283445,0.066353416,0.281377527,-0.257966139,0.385383833,0.391117133,-0.453853317,-0.104448024,-0.125765409,1.0,1
539,-1.738582309,0.052739517,1.187056991,-0.656652482,0.920623229,-0.291788033,0.269083076,0.14063145,0.023463959,-0.066407321,1.061539347,1.112409002,0.43115247,-0.164533388,-0.677748783,-0.064626327,-0.466099342,-0.53737844,-0.140597965,0.002974475,-0.179545429,-0.192035836,-0.261879413,-0.237476585,-0.335040252,0.24032254,-0.345129311,-0.383563251,1.0,1
164,0.073496706,0.55103296,0.451890424,0.114963844,0.822946501,0.251480314,0.296318524,0.139496907,-0.123050186,-0.142616897,-1.652948209,-0.908371307,-0.653478668,0.40930989,1.490617839,0.104649349,-0.402916543,-0.113269881,0.777332618,-0.043919723,-0.128758266,-0.381932362,0.151011582,-1.363967289,-1.389079168,0.075412285,0.231749598,0.230170991,0.99,1
484,-0.928087753,0.39819407,1.74113125,0.182672744,0.966386863,-0.901003797,0.879016073,-0.156589871,-0.142117461,-0.57477527,-0.478181307,-0.426852484,-1.493425843,0.187920732,-0.282355216,-0.648149999,-0.019449062,-0.782172208,-1.194998469,-0.118283445,0.066353416,0.281377527,-0.257966139,0.385383833,0.391117133,-0.453853317,-0.104448024,-0.125765409,1.0,1
539,-1.738582309,0.052739517,1.187056991,-0.656652482,0.920623229,-0.291788033,0.269083076,0.14063145,0.023463959,-0.066407321,1.061539347,1.112409002,0.43115247,-0.164533388,-0.677748783,-0.064626327,-0.466099342,-0.53737844,-0.140597965,0.002974475,-0.179545429,-0.192035836,-0.261879413,-0.237476585,-0.335040252,0.24032254,-0.345129311,-0.383563251,1.0,1
539,-1.738582309,0.052739517,1.187056991,-0.656652482,0.920623229,-0.291788033,0.269083076,0.14063145,0.023463959,-0.066407321,1.061539347,1.112409002,0.43115247,-0.164533388,-0.677748783,-0.064626327,-0.466099342,-0.53737844,-0.140597965,0.002974475,-0.179545429,-0.192035836,-0.261879413,-0.237476585,-0.335040252,0.24032254,-0.345129311,-0.383563251,1.0,1
164,0.073496706,0.55103296,0.451890424,0.114963844,0.822946501,0.251480314,0.296318524,0.139496907,-0.123050186,-0.142616897,-1.652948209,-0.908371307,-0.653478668,0.40930989,1.490617839,0.104649349,-0.402916543,-0.113269881,0.777332618,-0.043919723,-0.128758266,-0.381932362,0.151011582,-1.363967289,-1.389079168,0.075412285,0.231749598,0.230170991,0.99,1
539,-1.738582309,0.052739517,1.187056991,-0.656652482,0.920623229,-0.291788033,0.269083076,0.14063145,0.023463959,-0.066407321,1.061539347,1.112409002,0.43115247,-0.164533388,-0.677748783,-0.064626327,-0.466099342,-0.53737844,-0.140597965,0.002974475,-0.179545429,-0.192035836,-0.261879413,-0.237476585,-0.335040252,0.24032254,-0.345129311,-0.383563251,1.0,1
484,-0.928087753,0.39819407,1.74113125,0.182672744,0.966386863,-0.901003797,0.879016073,-0.156589871,-0.142117461,-0.57477527,-0.478181307,-0.426852484,-1.493425843,0.187920732,-0.282355216,-0.648149999,-0.019449062,-0.782172208,-1.194998469,-0.118283445,0.066353416,0.281377527,-0.257966139,0.385383833,0.391117133,-0.453853317,-0.104448024,-0.125765409,1.0,1
539,-1.738582309,0.052739517,1.187056991,-0.656652482,0.920623229,-0.291788033,0.269083076,0.14063145,0.023463959,-0.066407321,1.061539347,1.112409002,0.43115247,-0.164533388,-0.677748783,-0.064626327,-0.466099342,-0.53737844,-0.140597965,0.002974475,-0.179545429,-0.192035836,-0.261879413,-0.237476585,-0.335040252,0.24032254,-0.345129311,-0.383563251,1.0,1
164,0.073496706,0.55103296,0.451890424,0.114963844,0.822946501,0.251480314,0.296318524,0.139496907,-0.123050186,-0.142616897,-1.652948209,-0.908371307,-0.653478668,0.40930989,1.490617839,0.104649349,-0.402916543,-0.113269881,0.777332618,-0.043919723,-0.128758266,-0.381932362,0.151011582,-1.363967289,-1.389079168,0.075412285,0.231749598,0.230170991,0.99,1
164,0.073496706,0.55103296,0.451890424,0.114963844,0.822946501,0.251480314,0.296318524,0.139496907,-0.123050186,-0.142616897,-1.652948209,-0.908371307,-0.653478668,0.40930989,1.490617839,0.104649349,-0.402916543,-0.113269881,0.777332618,-0.043919723,-0.128758266,-0.381932362,0.151011582,-1.363967289,-1.389079168,0.075412285,0.231749598,0.230170991,0.99,1
539,-1.738582309,0.052739517,1.187056991,-0.656652482,0.920623229,-0.291788033,0.269083076,0.14063145,0.023463959,-0.066407321,1.061539347,1.112409002,0.43115247,-0.164533388,-0.677748783,-0.064626327,-0.466099342,-0.53737844,-0.140597965,0.002974475,-0.179545429,-0.192035836,-0.261879413,-0.237476585,-0.335040252,0.24032254,-0.345129311,-0.383563251,1.0,1
539,-1.738582309,0.052739517,1.187056991,-0.656652482,0.920623229,-0.291788033,0.269083076,0.14063145,0.023463959,-0.066407321,1.061539347,1.112409002,0.43115247,-0.164533388,-0.677748783,-0.064626327,-0.466099342,-0.53737844,-0.140597965,0.002974475,-0.179545429,-0.192035836,-0.261879413,-0.237476585,-0.335040252,0.24032254,-0.345129311,-0.383563251,1.0,1
484,-0.928087753,0.39819407,1.74113125,0.182672744,0.966386863,-0.901003797,0.879016073,-0.156589871,-0.142117461,-0.57477527,-0.478181307,-0.426852484,-1.493425843,0.187920732,-0.282355216,-0.648149999,-0.019449062,-0.782172208,-1.194998469,-0.118283445,0.066353416,0.281377527,-0.257966139,0.385383833,0.391117133,-0.453853317,-0.104448024,-0.125765409,1.0,1
484,-0.928087753,0.39819407,1.74113125,0.182672744,0.966386863,-0.901003797,0.879016073,-0.156589871,-0.142117461,-0.57477527,-0.478181307,-0.426852484,-1.493425843,0.187920732,-0.282355216,-0.648149999,-0.019449062,-0.782172208,-1.194998469,-0.118283445,0.066353416,0.281377527,-0.257966139,0.385383833,0.391117133,-0.453853317,-0.104448024,-0.125765409,1.0,1
539,-1.738582309,0.052739517,1.187056991,-0.656652482,0.920623229,-0.291788033,0.269083076,0.14063145,0.023463959,-0.066407321,1.061539347,1.112409002,0.43115247,-0.164533388,-0.677748783,-0.064626327,-0.466099342,-0.53737844,-0.140597965,0.002974475,-0.179545429,-0.192035836,-0.261879413,-0.237476585,-0.335040252,0.24032254,-0.345129311,-0.383563251,1.0,1
164,0.073496706,0.55103296,0.451890424,0.114963844,0.822946501,0.251480314,0.296318524,0.139496907,-0.123050186,-0.142616897,-1.652948209,-0.908371307,-0.653478668,0.40930989,1.490617839,0.104649349,-0.402916543,-0.113269881,0.777332618,-0.043919723,-0.128758266,-0.381932362,0.151011582,-1.363967289,-1.389079168,0.075412285,0.231749598,0.230170991,0.99,1
164,0.073496706,0.55103296,0.451890424,0.114963844,0.822946501,0.251480314,0.296318524,0.139496907,-0.123050186,-0.142616897,-1.652948209,-0.908371307,-0.653478668,0.40930989,1.490617839,0.104649349,-0.402916543,-0.113269881,0.777332618,-0.043919723,-0.128758266,-0.381932362,0.151011582,-1.363967289,-1.389079168,0.075412285,0.231749598,0.230170991,0.99,1
164,0.073496706,0.55103296,0.451890424,0.114963844,0.822946501,0.251480314,0.296318524,0.139496907,-0.123050186,-0.142616897,-1.652948209,-0.908371307,-0.653478668,0.40930989,1.490617839,0.104649349,-0.402916543,-0.113269881,0.777332618,-0.043919723,-0.128758266,-0.381932362,0.151011582,-1.363967289,-1.389079168,0.075412285,0.231749598,0.230170991,0.99,1
484,-0.928087753,0.39819407,1.74113125,0.182672744,0.966386863,-0.901003797,0.879016073,-0.156589871,-0.142117461,-0.57477527,-0.478181307,-0.426852484,-1.493425843,0.187920732,-0.282355216,-0.648149999,-0.019449062,-0.782172208,-1.194998469,-0.118283445,0.066353416,0.281377527,-0.257966139,0.385383833,0.391117133,-0.453853317,-0.104448024,-0.125765409,1.0,1
484,-0.928087753,0.39819407,1.74113125,0.182672744,0.966386863,-0.901003797,0.879016073,-0.156589871,-0.142117461,-0.57477527,-0.478181307,-0.426852484,-1.493425843,0.187920732,-0.282355216,-0.648149999,-0.019449062,-0.782172208,-1.194998469,-0.118283445,0.066353416,0.281377527,-0.257966139,0.385383833,0.391117133,-0.453853317,-0.104448024,-0.125765409,1.0,1
164,0.073496706,0.55103296,0.451890424,0.114963844,0.822946501,0.251480314,0.296318524,0.139496907,-0.123050186,-0.142616897,-1.652948209,-0.908371307,-0.653478668,0.40930989,1.490617839,0.104649349,-0.402916543,-0.113269881,0.777332618,-0.043919723,-0.128758266,-0.381932362,0.151011582,-1.363967289,-1.389079168,0.075412285,0.231749598,0.230170991,0.99,1
484,-0.928087753,0.39819407,1.74113125,0.182672744,0.966386863,-0.901003797,0.879016073,-0.156589871,-0.142117461,-0.57477527,-0.478181307,-0.426852484,-1.493425843,0.187920732,-0.282355216,-0.648149999,-0.019449062,-0.782172208,-1.194998469,-0.118283445,0.066353416,0.281377527,-0.257966139,0.385383833,0.391117133,-0.453853317,-0.104448024,-0.125765409,1.0,1
539,-1.738582309,0.052739517,1.187056991,-0.656652482,0.920623229,-0.291788033,0.269083076,0.14063145,0.023463959,-0.066407321,1.061539347,1.112409002,0.43115247,-0.164533388,-0.677748783,-0.064626327,-0.466099342,-0.53737844,-0.140597965,0.002974475,-0.179545429,-0.192035836,-0.261879413,-0.237476585,-0.335040252,0.24032254,-0.345129311,-0.383563251,1.0,1
539,-1.738582309,0.052739517,1.187056991,-0.656652482,0.920623229,-0.291788033,0.269083076,0.14063145,0.023463959,-0.066407321,1.061539347,1.112409002,0.43115247,-0.164533388,-0.677748783,-0.064626327,-0.466099342,-0.53737844,-0.140597965,0.002974475,-0.179545429,-0.192035836,-0.261879413,-0.237476585,-0.335040252,0.24032254,-0.345129311,-0.383563251,1.0,1
164,0.073496706,0.55103296,0.451890424,0.114963844,0.822946501,0.251480314,0.296318524,0.139496907,-0.123050186,-0.142616897,-1.652948209,-0.908371307,-0.653478668,0.40930989,1.490617839,0.104649349,-0.402916543,-0.113269881,0.777332618,-0.043919723,-0.128758266,-0.381932362,0.151011582,-1.363967289,-1.389079168,0.075412285,0.231749598,0.230170991,0.99,1
539,-1.738582309,0.052739517,1.187056991,-0.656652482,0.920623229,-0.291788033,0.269083076,0.14063145,0.023463959,-0.066407321,1.061539347,1.112409002,0.43115247,-0.164533388,-0.677748783,-0.064626327,-0.466099342,-0.53737844,-0.140597965,0.002974475,-0.179545429,-0.192035836,-0.261879413,-0.237476585,-0.335040252,0.24032254,-0.345129311,-0.383563251,1.0,1
484,-0.928087753,0.39819407,1.74113125,0.182672744,0.966386863,-0.901003797,0.879016073,-0.156589871,-0.142117461,-0.57477527,-0.478181307,-0.426852484,-1.493425843,0.187920732,-0.282355216,-0.648149999,-0.019449062,-0.782172208,-1.194998469,-0.118283445,0.066353416,0.281377527,-0.257966139,0.385383833,0.391117133,-0.453853317,-0.104448024,-0.125765409,1.0,1
164,0.073496706,0.55103296,0.451890424,0.114963844,0.822946501,0.251480314,0.296318524,0.139496907,-0.123050186,-0.142616897,-1.652948209,-0.908371307,-0.653478668,0.40930989,1.490617839,0.104649349,-0.402916543,-0.113269881,0.777332618,-0.043919723,-0.128758266,-0.381932362,0.151011582,-1.363967289,-1.389079168,0.075412285,0.231749598,0.230170991,0.99,1
164,0.073496706,0.55103296,0.451890424,0.114963844,0.822946501,0.251480314,0.296318524,0.139496907,-0.123050186,-0.142616897,-1.652948209,-0.908371307,-0.653478668,0.40930989,1.490617839,0.104649349,-0.402916543,-0.113269881,0.777332618,-0.043919723,-0.128758266,-0.381932362,0.151011582,-1.363967289,-1.389079168,0.075412285,0.231749598,0.230170991,0.99,1
539,-1.738582309,0.052739517,1.187056991,-0.656652482,0.920623229,-0.291788033,0.269083076,0.14063145,0.023463959,-0.066407321,1.061539347,1.112409002,0.43115247,-0.164533388,-0.677748783,-0.064626327,-0.466099342,-0.53737844,-0.140597965,0.002974475,-0.179545429,-0.192035836,-0.261879413,-0.237476585,-0.335040252,0.24032254,-0.345129311,-0.383563251,1.0,1
484,-0.928087753,0.39819407,1.74113125,0.182672744,0.966386863,-0.901003797,0.879016073,-0.156589871,-0.142117461,-0.57477527,-0.478181307,-0.426852484,-1.493425843,0.187920732,-0.282355216,-0.648149999,-0.019449062,-0.782172208,-1.194998469,-0.118283445,0.066353416,0.281377527,-0.257966139,0.385383833,0.391117133,-0.453853317,-0.104448024,-0.125765409,1.0,1
484,-0.928087753,0.39819407,1.74113125,0.182672744,0.966386863,-0.901003797,0.879016073,-0.156589871,-0.142117461,-0.57477527,-0.478181307,-0.426852484,-1.493425843,0.187920732,-0.282355216,-0.648149999,-0.019449062,-0.782172208,-1.194998469,-0.118283445,0.066353416,0.281377527,-0.257966139,0.385383833,0.391117133,-0.453853317,-0.104448024,-0.125765409,1.0,1
484,-0.928087753,0.39819407,1.74113125,0.182672744,0.966386863,-0.901003797,0.879016073,-0.156589871,-0.142117461,-0.57477527,-0.478181307,-0.426852484,-1.493425843,0.187920732,-0.282355216,-0.648149999,-0.019449062,-0.782172208,-1.194998469,-0.118283445,0.066353416,0.281377527,-0.257966139,0.385383833,0.391117133,-0.453853317,-0.104448024,-0.125765409,1.0,1
539,-1.738582309,0.052739517,1.187056991,-0.656652482,0.920623229,-0.291788033,0.269083076,0.14063145,0.023463959,-0.066407321,1.061539347,1.112409002,0.43115247,-0.164533388,-0.677748783,-0.064626327,-0.466099342,-0.53737844,-0.140597965,0.002974475,-0.179545429,-0.192035836,-0.261879413,-0.237476585,-0.335040252,0.24032254,-0.345129311,-0.383563251,1.0,1
